"Age","Lili","Pasdefond","Francis","Clo","BBmean"
-70,NA,NA,NA,2.59845582716816,2.59845582716816
-60,-1.97904712756684,NA,NA,2.51636396005749,0.268658416245325
-50,-1.90204755494538,NA,NA,2.43348785896899,0.265720152011806
-40,-1.82536023699255,0.546680618853841,NA,2.34985161903202,0.357057333631104
-30,-1.74953777461389,0.605731581426874,NA,2.26547933537593,0.373891047396304
-20,-1.67513276871495,0.667141593535593,NA,2.18039510313007,0.390801309316905
-10,-1.60269782020128,0.729557204684453,NA,2.09462301742381,0.407160800635661
0,-1.53278552997841,0.791624964377908,0.713004153405149,2.00818717338648,0.495007690297783
10,-1.4659484989519,0.85199142212041,0.7527283261038,1.92111166614746,0.514970728854943
20,-1.40273932802729,0.909303127416414,0.79116113405692,1.83342059083609,0.532786381070534
30,-1.34371061811013,0.962206629770374,0.826954231078544,1.74513804258173,0.547647071330131
40,-1.28941497010595,1.00934847868674,0.860022145008017,1.65628811651373,0.559060942525636
50,-1.24040498492031,1.04937522366998,0.890279403684686,1.56689490776145,0.566536137548951
60,-1.19723326345875,1.08093341422452,0.917640534947897,1.47698251145424,0.569580799291978
70,-1.16045240662681,1.10266959985484,0.942020066636997,1.38755451386823,0.567947943433314
80,-1.12930435636038,1.11323033006539,0.96333252659133,1.30203199911963,0.562322624853992
90,-1.10038921938114,1.11729094417208,0.981492442650244,1.22055400037588,0.554737041954266
100,-1.07362927352073,1.12264391440634,0.996414342653085,1.14294705881356,0.547094010588062
110,-1.04917453629001,1.12892021783403,1.0080127544392,1.06903771560926,0.539199037898118
120,-1.02717502519981,1.13568766365235,1.01620220584793,0.998652511939557,0.530841839060007
130,-1.00778075776097,1.14251406105852,1.02089722471863,0.931617988981029,0.521812129249303
140,-0.991141751484321,1.14896721924974,1.02201233889064,0.867760687910258,0.51189962364158
150,-0.977408023880711,1.15461494742323,1.01946207620331,0.806907149903823,0.500894037412411
160,-0.966729592460978,1.15902505477618,1.01316096449598,0.748883916138304,0.488585085737371
170,-0.95925647473596,1.16176535050581,1.003023531608,0.693517527790283,0.474762483792033
180,-0.955138688216497,1.16240364380933,0.988964305378714,0.640634526036339,0.45921594675197
190,-0.954526250413429,1.16050774388393,0.970897813647473,0.590061452053052,0.441735189792758
200,-0.957569178837593,1.15564545992684,0.94873858425362,0.541546784199399,0.422090412385567
210,-0.96420378059936,1.14736461432315,0.922401145036502,0.493666537681955,0.399807129110561
220,-0.972603817129555,1.13565294214534,0.891800023835464,0.446189475172694,0.375259656005986
230,-0.982301001513247,1.12091136676797,0.856849748489854,0.399436764486613,0.348724219557796
240,-0.993273452300786,1.10354679252509,0.820334431617841,0.353729573438711,0.321084336320215
250,-1.00549928804252,1.08396612375078,0.786332411365762,0.309389069843983,0.293547079229502
260,-1.0189566272888,1.0625762647791,0.754914398001401,0.266736421517427,0.266317614252282
270,-1.03362358858998,1.03978411994411,0.726120576868275,0.226092796274041,0.239593476124113
280,-1.04947829049639,1.01599659357987,0.699991133309904,0.187779361928821,0.213572199580551
290,-1.0664988515584,0.991620590020451,0.676566252669804,0.152117286296766,0.188451319357155
300,-1.08466339032635,0.967063013599912,0.655886120291494,0.119427737192871,0.164428370189481
310,-1.10395002535059,0.942730768652317,0.637990921518493,0.0900318824321349,0.141700886813087
320,-1.12433687518148,0.91903075951173,0.622920841694318,0.0642508898295542,0.120466403963531
330,-1.14580205836935,0.895306696438587,0.610716066162486,0.0424059272001264,0.100656657857963
340,-1.16828927626584,0.869014490061438,0.601416780266517,0.0241517424554425,0.0815734341293902
350,-1.18837626776068,0.84027623886189,0.595063169349928,0.00856261036922673,0.0638814377050922
360,-1.20391614909252,0.809375206606376,0.591695418756238,-0.00461270564671651,0.0481354426558441
370,-1.21506803566539,0.776594657061328,0.591353713828964,-0.0156212340557435,0.0343147752922907
380,-1.22199104288329,0.742217853993179,0.594078239911624,-0.0247100033212106,0.0223987619250761
390,-1.22484428615024,0.706528061168362,0.599909182347737,-0.032126041906474,0.0123667288648449
400,-1.22378688087027,0.669808542353309,0.60888672648082,-0.03811637827489,0.0041980024222416
410,-1.21897794244739,0.632342561314453,0.621051057654391,-0.0429280408898148,-0.00212809109208922
420,-1.2105765862856,0.594413381818226,0.63644236121197,-0.0468080582146049,-0.00663222536750332
430,-1.19874192778894,0.556304267631062,0.655100822497072,-0.0500034587126165,-0.00933507409335604
440,-1.18363308236142,0.518298482519392,0.677066626853217,-0.0527612708472057,-0.0102573109590031
450,-1.16540916540704,0.481890221451813,0.702379959623923,-0.055328523081729,-0.00911687685325923
460,-1.14422929232984,0.451529985336666,0.730001677795732,-0.0579522438795427,-0.00516246826924659
470,-1.12025257853383,0.427080765677108,0.757781119053278,-0.0606036043183541,0.00100142546955149
480,-1.09535484259524,0.407949069763613,0.785596156574646,-0.0621057646530391,0.00902115477249566
490,-1.07270238215551,0.393541404886656,0.813381524685796,-0.062246446436482,0.0179935252451143
500,-1.05184561683915,0.383264278336711,0.841071957712684,-0.0609706116770854,0.0278800018832898
510,-1.03223941777693,0.37652419740425,0.868602189981269,-0.0582232223832519,0.0386659368063335
520,-1.01333865609965,0.372727669379749,0.895906955817509,-0.0539492405633841,0.0503366821335563
530,-0.994598202938079,0.371281201553681,0.922920989547362,-0.0480936282258845,0.0628775899842696
540,-0.975472929423011,0.37159130121652,0.949579025496785,-0.0406013473791559,0.0762740124777845
550,-0.955417706685228,0.37306447565874,0.975815797991737,-0.0314173600316006,0.0905113017334121
560,-0.933887405855515,0.375107232170814,1.00156604135818,-0.0204866281916213,0.105574809870464
570,-0.910336898064657,0.376800865398275,1.02676448992206,-0.00775411386762065,0.121368585847014
580,-0.884221054443438,0.376391296733683,1.05134587800935,0.00683522093199879,0.137587835307897
590,-0.854994746122643,0.374426242535904,1.07524493994599,0.0233364141988345,0.154503212639522
600,-0.822112844233058,0.37175961806234,1.09839641005796,0.0417637368449701,0.172451730183053
610,-0.785689657295561,0.369245338570393,1.1207350226712,0.060841697463786,0.191283100352455
620,-0.749222299538056,0.367737319317461,1.14219551211168,0.0799141221555406,0.210156163511656
630,-0.713558225178963,0.368089475560948,1.16271261270535,0.0989423471636254,0.229046552562739
640,-0.678995949867548,0.371155722558252,1.18222105877817,0.117887708731432,0.248067135050076
650,-0.645833989253078,0.377789975566776,1.2006555846561,0.136711543102352,0.267330778518037
660,-0.61437085898482,0.38884614984392,1.21795092466509,0.155375186519777,0.286950350510992
670,-0.58490507471204,0.405178160647085,1.23404181313111,0.173839975227099,0.307038718573314
680,-0.557735152084004,0.427639923233672,1.24844840250828,0.192067245467708,0.327605104781414
690,-0.533159606749981,0.456408162887434,1.26008959766322,0.210018333484997,0.348339121821417
700,-0.511476954359235,0.486587239862645,1.26905941730049,0.227654575522358,0.367956069581565
710,-0.492985710561034,0.51661825826452,1.27551833660043,0.244937307823182,0.386022048031774
720,-0.477984391004645,0.545989756384379,1.27962683074335,0.261827866630859,0.402365015688486
730,-0.466771511339333,0.57419027251354,1.28154537490958,0.278287588188783,0.416812931068143
740,-0.459507364444627,0.600708344943325,1.28143444427944,0.294349459963657,0.429246221185449
750,-0.452563188219534,0.625032511965052,1.27945451403326,0.310158620563488,0.440520614585566
760,-0.444287951757975,0.64665131187004,1.27576605935135,0.325778389857618,0.450976952330258
770,-0.434772549349343,0.66505328294961,1.27052955541404,0.341270037169119,0.460520081545858
780,-0.424107875283036,0.67972696349508,1.26390547740166,0.356694831821066,0.469054849358693
790,-0.412384823848448,0.69016089179777,1.25605430049453,0.372114043136529,0.476486102895095
800,-0.399694289334975,0.695843606149,1.24713649987297,0.387588940438583,0.482718689281394
810,-0.386127166032014,0.696626357952892,1.2373125507173,0.4031807930503,0.487748133922119
820,-0.37177434822896,0.69657856804917,1.22674292820785,0.418950870294753,0.492624504580703
830,-0.356726730215208,0.696900611404171,1.21558810752494,0.434960441495014,0.497680607552229
840,-0.341075206280154,0.697501057289418,1.20400856384889,0.451270775974157,0.502926297708078
850,-0.324910670713194,0.698288474976435,1.19216477236003,0.467943143055254,0.508371429919632
860,-0.308324017803723,0.699171433736747,1.18021720823869,0.485038812061378,0.514025859058272
870,-0.291406141841138,0.700058502841876,1.16832634666517,0.502256555526364,0.519808815798069
880,-0.274894740227193,0.700858251563349,1.15665266281982,0.517317394673666,0.52498339220741
890,-0.259630499413981,0.701479249172687,1.14535663188294,0.529810825587486,0.529254051807283
900,-0.245512746505284,0.701830064941416,1.13445775759075,0.539734295707214,0.532627342933524
910,-0.232435963564789,0.701819268141059,1.12350715928316,0.547085252472239,0.534993929082918
920,-0.220294632656185,0.701355428043141,1.11243859375824,0.55186114332195,0.536340133116787
930,-0.208983235843162,0.700397417672722,1.10123234428604,0.554059415695738,0.536676485452835
940,-0.198396255189407,0.699998082682878,1.0898686941366,0.553677517032992,0.536287009665766
950,-0.188428172758609,0.70064955256395,1.07832792657998,0.550712894773101,0.535315550289605
960,-0.178973470614457,0.702404756793783,1.06659032488622,0.545162996355456,0.53379615185525
970,-0.169926630820639,0.705316624850222,1.05463617232537,0.537025269219445,0.531762858893599
980,-0.161182135440844,0.709438086211113,1.04244575216748,0.526297160804459,0.529249715935551
990,-0.15263446653876,0.714822070354302,1.02999934768259,0.512976118549887,0.526290767512006
1000,-0.144178106178077,0.721521506757633,1.01727724214077,0.49710574861512,0.522931597833862
1010,-0.135843196701904,0.729589324898953,1.00425971881205,0.482179232240401,0.520046269812376
1020,-0.128105522822118,0.739078454256107,0.990927060966493,0.470022997474168,0.517980747468663
1030,-0.121066436841967,0.75004182430694,0.977259551874135,0.460138390497085,0.516593332459048
1040,-0.11478224614504,0.762532364529298,0.963237474805031,0.452026757489815,0.515753587669776
1050,-0.109309258114928,0.776555506788632,0.948841113029228,0.445189444633023,0.515319201583989
1060,-0.104703780135221,0.789728751926665,0.934050749816776,0.43912779810737,0.514550879928898
1070,-0.101022119589509,0.800811163205008,0.918846668437722,0.433343164093523,0.512994719036686
1080,-0.0983205838613841,0.809959107332628,0.903209152162117,0.427336888772143,0.510546141101376
1090,-0.096655480334435,0.817328951018493,0.887118484260009,0.420610318323896,0.507100568316991
1100,-0.0960831163922525,0.823077060971573,0.870554948001446,0.412664798929443,0.502553422877552
1110,-0.096659799418427,0.827359803900836,0.853498826656477,0.40300167676945,0.496800126977084
1120,-0.0984418367965487,0.830333546515251,0.835976810521728,0.39112229802458,0.489747704566253
1130,-0.101485535910208,0.832154655523786,0.8182255543901,0.376528008875497,0.481355670719794
1140,-0.105748640503225,0.832979497635411,0.800286234616349,0.359711148560751,0.471807060077321
1150,-0.109941528185028,0.832964439559093,0.782164838839337,0.342877994786295,0.462016436249925
1160,-0.113622854814325,0.832265848003802,0.763867354697928,0.326400090699341,0.452227609646686
1170,-0.116757661852702,0.831033530296706,0.745399769830986,0.310563294968807,0.442559733310949
1180,-0.119310990761744,0.827552386985358,0.726768071877372,0.295653466263617,0.432665733591151
1190,-0.121247883003034,0.820523414636609,0.707978248475951,0.28195646325269,0.422302560840554
1200,-0.122533380038159,0.810126987443384,0.689036287265585,0.269758144604948,0.41159700981894
1210,-0.123132523328701,0.796543479598606,0.669948175885139,0.259344368989312,0.400675875286089
1220,-0.123010354336247,0.7799532652952,0.650719901973475,0.251000995074703,0.389665952001783
1230,-0.122131914522381,0.760536718726091,0.631357453169456,0.245013881530043,0.378694034725802
1240,-0.120462245348688,0.738474214084201,0.611866817111946,0.241668887024253,0.367886918217928
1250,-0.117966388276753,0.713946125562455,0.592253981439808,0.241251870226253,0.357371397237941
1260,-0.11460938476816,0.687132827353778,0.572524933791905,0.244048689804966,0.347274266545622
1270,-0.110357746801148,0.658214693651093,0.552685661807101,0.250029841787888,0.337643112611233
1280,-0.106743111948107,0.627372098647325,0.532742153124258,0.256538566298707,0.327477426530546
1290,-0.104999073544556,0.594785416535397,0.51270039538224,0.262873073710387,0.316339953020867
1300,-0.104919244864436,0.563271834587284,0.49256637621991,0.268985617370235,0.304976145828248
1310,-0.106297239181688,0.535488502860371,0.472346083276131,0.274828450625558,0.294091449395093
1320,-0.108926669770253,0.51084000043373,0.452045504189767,0.280353826823664,0.283578165419227
1330,-0.112601149904074,0.488728035828339,0.431670626599681,0.285513999311861,0.273327877958952
1340,-0.11711429285709,0.468554317565178,0.411437470220444,0.290261221437455,0.263284679091497
1350,-0.122259711903244,0.449720554165225,0.392991723596056,0.294547746547755,0.253750078101448
1360,-0.127831020316476,0.43162845414946,0.376692918304426,0.298325827990067,0.244704045031869
1370,-0.133621831370728,0.413679726038862,0.362553743440298,0.301547719111699,0.236039839305033
1380,-0.139425758339941,0.39527607835441,0.350586888098418,0.304165673259959,0.227650720343211
1390,-0.145036414498057,0.375819219617082,0.340805041373528,0.306131943782153,0.219429947568677
1400,-0.150247413119016,0.354710858347858,0.333220892360373,0.307401819125039,0.211271539178563
1410,-0.154834856978866,0.331352703067717,0.327847130153698,0.309415047372723,0.203445005903818
1420,-0.158742685848839,0.307978150379321,0.324696443848246,0.313298632698445,0.196807635269293
1430,-0.162147514765361,0.288723010484567,0.323781522538762,0.318910443670941,0.192316865482227
1440,-0.165232834375405,0.273432362998491,0.325115055319989,0.326108348858945,0.189855733200505
1450,-0.168182135325947,0.261894504723756,0.328709731286672,0.334750216831192,0.189293079378918
1460,-0.171178908263961,0.253897732463026,0.334578239533556,0.344693916156416,0.190497744972259
1470,-0.174406643836422,0.249230343018966,0.342733269155384,0.355797315403354,0.193338570935321
1480,-0.178048832690303,0.24768063319424,0.3531875092469,0.36791828314074,0.197684398222894
1490,-0.182288965472581,0.249036899791513,0.365953648902849,0.380914687937309,0.203404067789772
1500,-0.187310532830229,0.253087439613447,0.381044377217975,0.394644398361795,0.210366420590747
1510,-0.193297025410222,0.259620549462708,0.398472383287022,0.408965282982935,0.218440297580611
1520,-0.200431933859534,0.268424526141959,0.418250356204734,0.423735210369462,0.227494539714155
1530,-0.208898748825141,0.279287666453865,0.440390985065856,0.438812049090113,0.237397987946173
1540,-0.218681778059247,0.289906029896272,0.464906958965131,0.453587133497926,0.24742958607502
1550,-0.228292689196469,0.295862862204581,0.491810966997304,0.466676777088455,0.256514479273468
1560,-0.237258379203629,0.297522539662305,0.521097128321685,0.478194017511851,0.264888826573053
1570,-0.245416783952371,0.295419419987744,0.552462979793418,0.488354100470259,0.272704929074763
1580,-0.252605839314336,0.290087860899196,0.585584896750322,0.497372271665823,0.280109797500251
1590,-0.258663481161167,0.282062220114963,0.620186162241473,0.505463776800688,0.287262169498989
1600,-0.263427645364506,0.271876855353343,0.655990059315949,0.512843861576998,0.294320782720446
1610,-0.266736267795995,0.260066124332636,0.692719871022824,0.519727771696897,0.30144437481409
1620,-0.268427284327277,0.247164384771142,0.730098880411175,0.526330752862531,0.308791683429393
1630,-0.268338630829992,0.23370599438716,0.767850370530079,0.532868050776044,0.316521446215823
1640,-0.266308243175785,0.22022531089899,0.80569762442861,0.53955491113958,0.324792400822849
1650,-0.262174057236296,0.207256692024932,0.843363925155846,0.546606579655284,0.333763284899942
1660,-0.255774008883168,0.196004286925721,0.880572555760863,0.5542383020253,0.343760283957179
1670,-0.246955167019692,0.188505761682905,0.917046799292736,0.562750518866081,0.355336978205508
1680,-0.236180362503485,0.184350516449862,0.952509938800542,0.573326503458692,0.368501649051403
1690,-0.223836601691913,0.182971640426008,0.986685257333358,0.585997171178965,0.382954366811604
1700,-0.209999006302198,0.18380222281076,1.01929603794026,0.600392179650847,0.398372858524917
1710,-0.194742698051564,0.186275352803536,1.05006556367032,0.61614118649829,0.414434851230145
1720,-0.178142798657232,0.189824119603751,1.07871711757262,0.632873849345244,0.430818071966095
1730,-0.160274429836425,0.193881612410822,1.10497398269623,0.650219825815657,0.447200247771571
1740,-0.141212713306365,0.197880920424167,1.12855944209023,0.667808773533481,0.463259105685379
1750,-0.121032770784275,0.201255132843203,1.1491967788037,0.685270350122664,0.478672372746323
1760,-0.0998097239873759,0.203437338867345,1.16660927588571,0.702234213207158,0.493117775993209
1770,-0.0776186946328914,0.203860627696011,1.18052021638534,0.718330020410911,0.506273042464842
1780,-0.0545348044380435,0.202209004562441,1.19071817654537,0.733187429357874,0.517894951506911
1790,-0.0306331751200545,0.199360689149481,1.19845144695376,0.746436097671997,0.528403764663796
1800,-0.00598892839614677,0.195762214518408,1.2043391287276,0.757705682977229,0.537954524456773
1810,0.017913142244385,0.191767991218962,1.20844456486035,0.764342167619302,0.545616966485751
1820,0.0386976488781174,0.18773242980088,1.21083109834548,0.764063235915954,0.550331103235108
1830,0.056596119718658,0.184009940813901,1.21156207217645,0.757531217591108,0.552424837575028
1840,0.0718898760030719,0.180954934807765,1.21070082934671,0.745410987214074,0.552239156842906
1850,0.0848602389684238,0.178921822332209,1.20831071284974,0.728367419354163,0.550115048376134
1860,0.0957885298517786,0.178265013936972,1.204455065679,0.707065388580685,0.546393499512109
1870,0.104956069890201,0.179338920171793,1.19919723082794,0.682169769462953,0.541415497588223
1880,0.112644180320756,0.182497951586411,1.19260055129004,0.654345436570277,0.535522029941872
1890,0.119134182380509,0.188096518730564,1.18472837005875,0.624257264471968,0.529054083910449
1900,0.124707397306524,0.195823974046052,1.17564403012754,0.592570127737337,0.522186382304364
1910,0.129645146335866,0.201946076026879,1.16541087448987,0.559948900935695,0.514237749447078
1920,0.1342287507056,0.205900957294156,1.15409224613921,0.527058458636352,0.505320103193829
1930,0.138739531652791,0.207780885976034,1.141751488069,0.494563675408621,0.495708895276613
1940,0.143530090652907,0.207678130200663,1.12845194327273,0.463025584533109,0.485671437164853
1950,0.149037091007537,0.205684958096194,1.11425695474385,0.432130751674013,0.475277438880399
1960,0.155103745893144,0.201893637790776,1.09922986547582,0.401224616332621,0.464362966373091
1970,0.161507075032225,0.196396437412562,1.08343401846211,0.369661970718994,0.452749875406473
1980,0.168024098147275,0.1892856250897,1.06693275669618,0.336797607043191,0.440260021744087
1990,0.174431834960792,0.180653468950341,1.04978942317149,0.301986317515272,0.426715261149475
2000,0.180507305195272,0.170592237122636,1.03207366944122,0.264582894345298,0.411939026526106
2010,0.18602752857321,0.159194197734736,1.01416897531484,0.223942129743327,0.395833207841529
2020,0.190769524817105,0.146789557391383,0.996297349363531,0.179418815919419,0.37831881187286
2030,0.194510313649451,0.13542432788053,0.978493437592399,0.130367745083635,0.359698956051504
2040,0.197026914792747,0.125175057034226,0.960791886006561,0.0761437094460343,0.339784391819892
2050,0.198096347969487,0.115577324499241,0.94322734061113,0.0161015012166766,0.318250628574134
2060,0.197495632902168,0.106166709922348,0.92583444741122,-0.0504040873943783,0.294773175710339
2070,0.195053000228205,0.0964787929503163,0.908647852411945,-0.123748991234989,0.269107663588869
2080,0.191811751493429,0.086049153229918,0.891702201618418,-0.198422697431996,0.242785102227442
2090,0.188495757753727,0.0744133704079242,0.875032141035753,-0.271840585834788,0.216525170840654
2100,0.185418262840987,0.0611070241311061,0.858672316669064,-0.343758075034056,0.190359882151775
2110,0.182892510587095,0.0456656940462348,0.842657374523466,-0.413930583620492,0.164321248884076
2120,0.181231744823938,0.0276249598000816,0.827021960604071,-0.482113530184788,0.138441283760825
2130,0.180749209383401,0.00652040103941781,0.811800720915993,-0.548062333317637,0.112751999505294
2140,0.181758148097371,-0.0185470747251037,0.797028301464346,-0.611532411609729,0.0871767408067212
2150,0.184571804797736,-0.0535967634057842,0.782739348254244,-0.672279183651758,0.0603588014986096
2160,0.189503423316381,-0.0986020114495868,0.768968507290801,-0.730058068034414,0.0324529627807953
2170,0.196866247485192,-0.151210457230067,0.755750424579131,-0.78462448334839,0.00419543287146661
2180,0.206973521136058,-0.209069739120779,0.743119746124346,-0.835733848184378,-0.0236775800111882
2190,0.220138488100863,-0.269827495495279,0.731111117931562,-0.88314158113307,-0.0504298676489809
2200,0.236674392211495,-0.331131364727121,0.719759186005892,-0.926603100785158,-0.0753252218237231
2210,0.254524265157668,-0.390628985189862,0.709098596352449,-0.964255508713174,-0.0978154080982298
2220,0.27100492667482,-0.445967995257055,0.699161058856898,-0.99381733719374,-0.117404836729769
2230,0.286181428568097,-0.494796033302257,0.689128504696969,-1.01569102942546,-0.133794282365663
2240,0.300124466662041,-0.534760737699022,0.678316050248355,-1.03030477674237,-0.146656249382749
2250,0.312904736781192,-0.563509746820905,0.666689329594607,-1.03808677047849,-0.155500612730899
2260,0.324592934750092,-0.578843528416699,0.654213976819279,-1.03946520196786,-0.159875454703798
2270,0.335259756393282,-0.583530430129934,0.640855626005923,-1.03486826254451,-0.16057082756881
2280,0.344975897535303,-0.580198173269452,0.626579911238091,-1.02472414354247,-0.158341627009631
2290,0.353812054000698,-0.569868340199161,0.611352466599335,-1.00946103629576,-0.153541213973723
2300,0.361838921614006,-0.553562513282966,0.595138926173208,-0.989507132138427,-0.146522949408545
2310,0.36912719619977,-0.532302274884775,0.577904924043263,-0.965290622404491,-0.137640194261558
2320,0.37574757358253,-0.507109207368492,0.55961609429305,-0.937239698427985,-0.127246309480224
2330,0.381770749586829,-0.479004893098024,0.540238071006124,-0.90578255154294,-0.115694656012003
2340,0.387305530741823,-0.449010914437277,0.519736488266036,-0.87202134726986,-0.10349756067482
2350,0.392474254726817,-0.418148853750158,0.498076980156339,-0.839628219446501,-0.091806459578376
2360,0.397193451392138,-0.387440293400573,0.475225180760584,-0.808733966210767,-0.0809389068646547
2370,0.401365886697006,-0.357906815752428,0.451146724162325,-0.778913414163265,-0.0710769047640904
2380,0.404894326600643,-0.330554453200992,0.425807244445114,-0.749741389904601,-0.0623985680149592
2390,0.407681537062269,-0.304890573315532,0.399172375692502,-0.720792720035381,-0.0547073451490354
2400,0.409630284041103,-0.279928621407467,0.371207751988043,-0.691642231156211,-0.0476832041336328
2410,0.410643333496367,-0.255261712920436,0.341879007415289,-0.661864749867697,-0.0411510304691192
2420,0.410623451387281,-0.230482963298076,0.311151776057792,-0.631035102770445,-0.0349357096558623
2430,0.409473403673064,-0.205185487984026,0.278991691999105,-0.598728116465062,-0.0288621271942297
2440,0.407095956312939,-0.178962402421922,0.24536438932278,-0.564518617552154,-0.0227551685845893
2450,0.403393875266124,-0.151406822055402,0.213359035988649,-0.527981432632326,-0.0156588358582389
2460,0.398269926491841,-0.122111862328104,0.186348447110934,-0.488691388306185,-0.0065462192578787
2470,0.391726696530587,-0.090670638683665,0.164111691974512,-0.446357011110108,0.00470268467783154
2480,0.384821760769981,-0.0566762665657231,0.146424558669451,-0.406502722859756,0.0170168325034884
2490,0.377853807223972,-0.0197218614179159,0.133062835285819,-0.372330767572263,0.0297160033799031
2500,0.370810104666079,0.0205960061003359,0.123802309913683,-0.344007130363296,0.0428003225792005
2510,0.363677921869822,0.0608061832811259,0.118418770643111,-0.321697796348522,0.0553012698613844
2520,0.356444527608722,0.0973969630540501,0.11668800556417,-0.305568750643606,0.066240186395834
2530,0.349097190656298,0.130066199265955,0.118385802766927,-0.295785978364215,0.0754408035812411
2540,0.341623179786069,0.158511745763687,0.123287950341451,-0.292515464626017,0.0827268528162977
2550,0.334009763771557,0.182431456394093,0.131170236377809,-0.295923194544676,0.0879220654996958
2560,0.326244211386281,0.201523185004018,0.141808448966068,-0.306175153235859,0.0908501730301271
2570,0.31831379140376,0.215484785440311,0.154978376196297,-0.323437325815233,0.0913349068062836
2580,0.310205772597515,0.224014111549817,0.170455806158562,-0.347875697398465,0.0891999982268572
2590,0.301907423741066,0.226809017179382,0.188016526942931,-0.37965625310122,0.0842691786905398
2600,0.293413815376538,0.223567356175854,0.207436326639472,-0.418944978039166,0.0763681300381747
2610,0.286905498930016,0.213986982386079,0.228490993338252,-0.463378353518043,0.0665012802840763
2620,0.283952655388066,0.197765749656903,0.25095631512934,-0.508116948588933,0.0561394428963441
2630,0.284340464988146,0.178385471676928,0.274608080102801,-0.553180641478117,0.0460383438224395
2640,0.287854107967714,0.16030408964831,0.299222076348705,-0.598723950527232,0.0371640808593743
2650,0.294278764564229,0.143156815936203,0.324574091957118,-0.644901394077918,0.0292770695949081
2660,0.303399615015148,0.126561993541587,0.350439915018109,-0.691867490471811,0.0221335082757583
2670,0.31500183955793,0.110137965465443,0.375632708064662,-0.73977675805055,0.0152489387593714
2680,0.328870618430034,0.0935030747087525,0.398512032981276,-0.788783715155772,0.00802550274107254
2690,0.344791131868917,0.076275664272496,0.419031688555709,-0.839042880129117,0.00026390114200131
2700,0.362548560112038,0.0580740771576548,0.437165635068664,-0.890708771312221,-0.00823012474346619
2710,0.381928083396856,0.0385166563652099,0.452887832800842,-0.943935907046724,-0.0176508336209541
2720,0.402714881960827,0.0172217448961424,0.466172242032947,-0.998878805674262,-0.0281924841960863
2730,0.424694136041412,-0.00619231424856673,0.476992823045682,-1.05569198553648,-0.0400493351744871
2740,0.447476147022057,-0.0321071780679363,0.485323536119749,-1.11450220505735,-0.0534524249958702
2750,0.470617110731229,-0.0602156043270551,0.491138341535851,-1.17486961366272,-0.0683324414306741
2760,0.494222259199167,-0.0892096725498455,0.494411199574691,-1.23584952014103,-0.084106433479254
2770,0.518416321179829,-0.11862693506294,0.49511607051697,-1.29648212475136,-0.100394167029375
2780,0.54332402542717,-0.148025216814034,0.493226914643393,-1.3558076277528,-0.116820476124068
2790,0.569070100695149,-0.176962342750822,0.488717692234661,-1.41286622940444,-0.133010194806364
2800,0.595779275737723,-0.204996137821,0.481562363571478,-1.46669812996537,-0.148588157119293
2810,0.623576279308848,-0.231684426972263,0.471734888934545,-1.51634352969468,-0.163179197105887
2820,0.652585840162481,-0.256585035152306,0.459209228604566,-1.56084262885145,-0.176408148809176
2830,0.68293268705258,-0.279255787308824,0.443959342862244,-1.59923562769476,-0.187899846272191
2840,0.714741548733101,-0.299254508389513,0.42595919198828,-1.63056272648372,-0.197279123537964
2850,0.748137153958003,-0.316139023342067,0.405182736263379,-1.65386412547741,-0.204170814649524
2860,0.783244231481241,-0.329467157114183,0.381603935968241,-1.66818002493491,-0.208199753649902
2870,0.820273681222781,-0.33870184584375,0.355196751383571,-1.67259323914142,-0.208956163094705
2880,0.859726992051003,-0.343696864807873,0.325935142790071,-1.67200924644319,-0.207510994102498
2890,0.901281015359167,-0.345022976805612,0.295600824139202,-1.67028525482103,-0.204606598032069
2900,0.944474350238428,-0.343272261321882,0.268096051144997,-1.66742884472175,-0.199532676165051
2910,0.988845595779942,-0.339036797841597,0.243450461162996,-1.66344759659216,-0.192547084372705
2920,1.03393335107486,-0.33290866584967,0.221551271866065,-1.65834909087909,-0.183943283446957
2930,1.07927621521435,-0.325479944831015,0.202285700927071,-1.65214090802935,-0.174014734179735
2940,1.12441278728956,-0.317342714270545,0.18554096601888,-1.64483062848976,-0.163054897362965
2950,1.16888166639165,-0.309089053653176,0.171204284814358,-1.63642583270713,-0.151357233788575
2960,1.21222145161177,-0.30131104246382,0.159162874986372,-1.62693410112829,-0.139215204248492
2970,1.25397074204107,-0.294600760187391,0.149303954207788,-1.61636301420005,-0.126922269534643
2980,1.29366813677073,-0.289550286308804,0.141514740151473,-1.60472015236922,-0.114771890438956
2990,1.33085223489188,-0.286348633449763,0.135682450490293,-1.59201309608263,-0.102956761037555
3000,1.36508071123418,-0.283819390996841,0.131694302897113,-1.57824942578709,-0.0913234506631598
3010,1.39687589839106,-0.281564267819667,0.129437515044802,-1.56378934022965,-0.079760048653364
3020,1.42681584701244,-0.279277890380525,0.128799304606224,-1.54955852522893,-0.0683053159976967
3030,1.45511275858966,-0.2766548851417,0.129666889254247,-1.535628795963,-0.0568760083151991
3040,1.48197883461402,-0.273389878565475,0.131927486661736,-1.52202605051679,-0.0453774019516277
3050,1.50762627657686,-0.269177497114136,0.135468314501558,-1.50877618697524,-0.0337147732527386
3060,1.53226728596951,-0.263712367249966,0.14017659044658,-1.49590510342327,-0.0217933985642877
3070,1.55611406428327,-0.256689115435251,0.145939532169667,-1.48343869794581,-0.00951855423203139
3080,1.57937881300948,-0.247802368132275,0.152644357343686,-1.47140286862779,0.00320448339827423
3090,1.60227373363945,-0.236746751803322,0.160178283641504,-1.45982351355414,0.016470437980873
3100,1.62501102766452,-0.223216892910676,0.168428528735986,-1.4487265308098,0.0303740331700087
3110,1.64780289657601,-0.207290790313921,0.176526441802028,-1.43813781847969,0.0447251823961078
3120,1.67086154186523,-0.19074872281318,0.182177680462866,-1.42808327464873,0.0585518062165466
3130,1.69439916502352,-0.174177816435704,0.185330481370717,-1.41858879740187,0.0717407581391651
3140,1.71719177924485,-0.157955048269069,0.186092845838794,-1.40914943364399,0.084045035792646
3150,1.73693927522467,-0.142457395400851,0.184572775180311,-1.39441059760374,0.0961610143500973
3160,1.75343961500956,-0.128061834918626,0.180878270708482,-1.37341006593576,0.108211496215914
3170,1.76651906557355,-0.115145343909969,0.175117333736521,-1.34669407831128,0.119949244272205
3180,1.77600389389066,-0.104084899462458,0.16739796557764,-1.31480887440153,0.13112702140108
3190,1.78172036693493,-0.0952574786636688,0.157828167545055,-1.27830069387772,0.14149759048465
3200,1.78349475168038,-0.0890400586011765,0.146515940951978,-1.23771577641109,0.150813714405023
3210,1.78115331510103,-0.0858096163625576,0.133569287111623,-1.19360036167286,0.158828156044311
3220,1.77452232417092,-0.0859431290353883,0.119096207337204,-1.14650068933425,0.165293678284622
3230,1.76342804586407,-0.089406744290245,0.103204702941934,-1.0969629990665,0.170065751362316
3240,1.74769674715451,-0.0936470013784698,0.0860027752390281,-1.04553353054082,0.173629747618562
3250,1.72715469501627,-0.0981699628696372,0.0675984255416986,-0.992758523428451,0.17595615856497
3260,1.70162815642337,-0.102992437377206,0.0480996551631597,-0.939184217400608,0.176887789202178
3270,1.67021719565087,-0.108131233514636,0.027614465416625,-0.885357853892088,0.176085643415193
3280,1.62987976233368,-0.113603159895385,0.00625085761530814,-0.835817214387648,0.171677561416489
3290,1.58090708959373,-0.119425025132913,-0.0158831669275771,-0.793924186184903,0.162918677837085
3300,1.52400315301453,-0.125613637840679,-0.0386796068988172,-0.75884116802238,0.150217185063165
3310,1.4598719281796,-0.132185806632141,-0.0620304609851984,-0.729730558638605,0.133981275480914
3320,1.38921739067244,-0.139158340120759,-0.0858277278735071,-0.705754756772107,0.114619141476518
3330,1.31274351607657,-0.146548046919991,-0.109195136697164,-0.686076161161409,0.0927310428245021
3340,1.2311542799755,-0.154371735643297,-0.128947647259006,-0.669857170545041,0.0694944316320392
3350,1.14515365795274,-0.162558579588,-0.144970271626034,-0.656260183661529,0.0453411557692945
3360,1.0554456255918,-0.170201608428264,-0.157517657901028,-0.644447599249398,0.0208196900032781
3370,0.9627341584762,-0.177049049321282,-0.166844454186769,-0.633581816047176,-0.00368529026975682
3380,0.867723232189443,-0.183090809463626,-0.173205308586036,-0.62282523279339,-0.027849529663402
3390,0.771116822315045,-0.188316796051868,-0.176854869201609,-0.611340248226565,-0.0513487727912493
3400,0.674001538956065,-0.19271691628258,-0.178047784136269,-0.59828926108523,-0.0737631056370034
3410,0.583473104314287,-0.196281077352335,-0.177038701492795,-0.58282947193397,-0.0931690366162034
3420,0.501394320042752,-0.198999186457704,-0.174082269373969,-0.565013200334249,-0.109175084030793
3430,0.427002799544435,-0.20086115079526,-0.16943313588257,-0.545947125793887,-0.122309653231821
3440,0.359536156222308,-0.201856877561576,-0.163345949121378,-0.526778442662483,-0.133111278280782
3450,0.298232003479343,-0.201976273953223,-0.156075357193174,-0.508654345289637,-0.142118493239173
3460,0.242327954718515,-0.201209247166773,-0.147876008200738,-0.492722028024949,-0.149869832168486
3470,0.191061623342796,-0.19969719377493,-0.139002550246849,-0.480128685218019,-0.156941701474251
3480,0.143670622755159,-0.200067367355369,-0.129709631434288,-0.472021511218447,-0.164531971813236
3490,0.0993925663585764,-0.203125145001371,-0.120251899865836,-0.469547700375833,-0.173383044721116
3500,0.0574650675560218,-0.208670165066398,-0.110884003644272,-0.473854447039777,-0.183985887048606
3510,0.017125739750468,-0.216502065903909,-0.101860590872376,-0.486088945559878,-0.196831465646424
3520,-0.0223878036551121,-0.226420485867368,-0.0934363096529292,-0.507398390285737,-0.212410747365286
3530,-0.0618379492577454,-0.238225063310234,-0.0858658080887112,-0.538929975566953,-0.231214699055911
3540,-0.102408283297205,-0.251715436585968,-0.0794037342825023,-0.581407574438506,-0.253733757151045
3550,-0.144168085031191,-0.266691244048031,-0.074388002574515,-0.628644511750697,-0.278472960851109
3560,-0.186141121455348,-0.282952124049885,-0.0714337577933123,-0.677693020336721,-0.304555005908817
3570,-0.227350982691152,-0.300297714944991,-0.070523434715476,-0.727825435746702,-0.33149939202458
3580,-0.266821258860079,-0.318527655086808,-0.0715407462469541,-0.778314093530765,-0.358800938431152
3590,-0.303575540083604,-0.337365949047383,-0.0743694052936949,-0.828431329239038,-0.38593555591593
3600,-0.336637416483204,-0.35397327095713,-0.0788931247616464,-0.877449478421643,-0.411738322655906
3610,-0.365030478180353,-0.367364772387484,-0.0849956175567567,-0.924640876628708,-0.435507936188325
3620,-0.387778315296527,-0.378054435692606,-0.0925605965849741,-0.969277859410356,-0.456917801746116
3630,-0.403904517953203,-0.386556243226655,-0.101471774752246,-1.01063276231671,-0.475641324562205
3640,-0.412432676271855,-0.393384177343791,-0.111612864964522,-1.04797792089791,-0.491351909869519
3650,-0.412386380373961,-0.399052220398175,-0.122867580127749,-1.08058567070406,-0.503722962900986
3660,-0.402789220380994,-0.404074354743964,-0.135119633147875,-1.1077283472853,-0.512427888889533
3670,-0.385041631997165,-0.408964562735321,-0.148252736930849,-1.12867828619175,-0.517734304463771
3680,-0.365980262518391,-0.414236826726405,-0.162150604382618,-1.14441384528193,-0.521695384727336
3690,-0.346412303079292,-0.420405129071375,-0.176696948409131,-1.1569762887389,-0.525122667324674
3700,-0.326675246145704,-0.427983452124391,-0.191775481916336,-1.16660452563772,-0.528259676456038
3710,-0.307106584183462,-0.437434211700233,-0.207269917810181,-1.17353050748207,-0.531335305293988
3720,-0.288043809658406,-0.442521368540967,-0.223063968996614,-1.17798618577562,-0.532903833242902
3730,-0.26982441503637,-0.439434052009647,-0.239041348381583,-1.18020351202203,-0.532125831862408
3740,-0.252785892783191,-0.429258302224479,-0.255085768871036,-1.18041443772498,-0.52938610040092
3750,-0.237265735364706,-0.413080159303666,-0.271080943370922,-1.17885091438812,-0.525069438106853
3760,-0.223601435246752,-0.391985663365413,-0.286910584787188,-1.17574489351513,-0.519560644228621
3770,-0.212130484895165,-0.367060854527925,-0.302363000875875,-1.17132832660968,-0.513220666727161
3780,-0.203190376775781,-0.339391772909406,-0.316546178596517,-1.16583316517544,-0.506240373364285
3790,-0.197118603354438,-0.310064458628062,-0.329372004176164,-1.15949136071607,-0.499011606718683
3800,-0.193917470322612,-0.280164951802096,-0.340970638710117,-1.15253486473524,-0.491896981392516
3810,-0.190541217438839,-0.250779292549714,-0.351472243293675,-1.1453801107751,-0.484543216014333
3820,-0.186101841031616,-0.22299352098912,-0.361006979022138,-1.13888331714939,-0.477246414548067
3830,-0.180500013311489,-0.197893677238519,-0.369705006990807,-1.13291428163484,-0.470253244793914
3840,-0.173636406489008,-0.174597038776162,-0.37769648829498,-1.12723049020009,-0.463290105940059
3850,-0.165411692774719,-0.151693131202262,-0.385111584029957,-1.12158942881376,-0.455951459205174
3860,-0.155726544379172,-0.129476366817964,-0.392080455291039,-1.11574858344449,-0.448257987483165
3870,-0.144481633512914,-0.108241157924413,-0.398733263173524,-1.1094654400609,-0.440230373667939
3880,-0.131577632386493,-0.0882819168227525,-0.405200168772714,-1.10249748463164,-0.431889300653401
3890,-0.116915213210457,-0.0698930558141287,-0.411611333183908,-1.09460220312534,-0.423255451333458
3900,-0.100395048195355,-0.053368987199686,-0.418096917502405,-1.08553708151062,-0.414349508602016
3910,-0.0819178095517339,-0.0390041232805692,-0.424787082823505,-1.07505960575612,-0.405192155352981
3920,-0.0613841694901425,-0.0270928763579232,-0.431811990242508,-1.06292726183046,-0.395804074480259
3930,-0.0387078516567002,-0.0179296587328927,-0.439301800854715,-1.04889753570229,-0.38620921173665
3940,-0.0155308779735662,-0.0118088827066228,-0.447386675755424,-1.03278943251626,-0.376878967237968
3950,0.00700892551469663,-0.00902496058025805,-0.456196776039935,-1.01618870671591,-0.368600379455351
3960,0.0289905305421021,-0.00783876985353917,-0.465862262803549,-1.00001206693238,-0.361180642261841
3970,0.0504929088426639,-0.0057558955318242,-0.476513297141565,-0.984433953188931,-0.354052559254914
3980,0.0715950321503958,-0.00322694111548194,-0.488280040149283,-0.96962880550883,-0.3473851886558
3990,0.0923758721993116,-0.000724533126639053,-0.501236418644068,-0.955771063915335,-0.341339035871683
4000,0.112914400723425,0.00127870191257787,-0.514644166599477,-0.943035168431706,-0.335871558098795
4010,0.13328958945675,0.00231013748004217,-0.528216378758281,-0.931595559081205,-0.331053052725674
4020,0.1535804101333,0.00189714705362722,-0.541925933672257,-0.921626675887092,-0.327018763093105
4030,0.173865834487089,-0.000432895888793597,-0.555745709893179,-0.913302958872628,-0.323903932541878
4040,0.194224834252131,-0.00515261786934692,-0.569648585972823,-0.906798848061074,-0.321843804412778
4050,0.214736381162439,-0.0127346454101594,-0.583607440462965,-0.902288783475692,-0.320973622046594
4060,0.235479446952027,-0.0236516050333576,-0.597595151915381,-0.89994720513974,-0.321428628784113
4070,0.254579610652577,-0.0383761232610682,-0.611584598881846,-0.899948553076482,-0.323832416141705
4080,0.268242385757684,-0.0564514419221321,-0.625548659914135,-0.90150252166577,-0.328815059436088
4090,0.276786251534004,-0.0760483915724441,-0.639460213564025,-0.902895188941584,-0.335404385636012
4100,0.280659146202929,-0.0967457631152433,-0.653292138383291,-0.903814505906145,-0.343298315300438
4110,0.280309007985854,-0.11816686483915,-0.667017312923708,-0.903972733123663,-0.352211975725167
4120,0.276183775104173,-0.139935005032785,-0.680608615737052,-0.903082131158352,-0.361860494206004
4130,0.268731385779281,-0.161673491984768,-0.694038925375099,-0.900854960574421,-0.371958998038752
4140,0.258399778232572,-0.183005633983719,-0.707281120389624,-0.897003481936085,-0.382222614519214
4150,0.24563689068544,-0.20355473931826,-0.720308079332403,-0.891239955807555,-0.392366470943194
4160,0.23089066135928,-0.22294411627701,-0.733092680755212,-0.883276642753043,-0.402105694606496
4170,0.214609028475486,-0.24079707314859,-0.745607803209825,-0.872825803336761,-0.411155412804922
4180,0.197239930255453,-0.256736918221619,-0.75782632524802,-0.859599698122922,-0.419230752834277
4190,0.179231304920573,-0.270386959784719,-0.769721125421571,-0.843310587675737,-0.426046841990363
4200,0.161398068219012,-0.27946507375009,-0.781265082282253,-0.823670732559418,-0.430750705093187
4210,0.146075994072407,-0.279172683054913,-0.792453399200611,-0.80119534844447,-0.431686359156897
4220,0.133277478496865,-0.270360036223002,-0.803881623168296,-0.780448674597713,-0.430353213873037
4230,0.12261304781946,-0.25418942924334,-0.815795277111248,-0.762033449522056,-0.427351277014296
4240,0.113693228367265,-0.231823158104907,-0.828153757105641,-0.745753261954655,-0.423009237199484
4250,0.106128546467355,-0.204423518796685,-0.840916459227653,-0.731411700632664,-0.417655783047412
4260,0.099529528446805,-0.173152807307657,-0.854042779553459,-0.71881235429324,-0.411619603176888
4270,0.0935067006326876,-0.139173319626804,-0.867492114159236,-0.707758811673537,-0.405229386206723
4280,0.0876705893520775,-0.103647351743109,-0.88122385912116,-0.698054661510713,-0.398813820755726
4290,0.0816317209320488,-0.0677371996455517,-0.895197410515407,-0.689503492541922,-0.392701595442708
4300,0.0750006216996755,-0.0326051593231154,-0.909372164418153,-0.681908893504319,-0.387221398886478
4310,0.0673878179820318,0.000586473235218474,-0.923707516905575,-0.675074453135061,-0.382701919705846
4320,0.0584038361061917,0.0300463315969264,-0.93816286405385,-0.668803760171302,-0.379629114130508
4330,0.0476614484098032,0.0532560940273832,-0.952697601939152,-0.662900403350199,-0.378670115713041
4340,0.0350376686460543,0.0710665238570883,-0.967271126637659,-0.65718621660649,-0.379588287685252
4350,0.0208982141351814,0.084608598368516,-0.981842834225547,-0.652685465220217,-0.382255371735516
4360,0.0056595291979705,0.0950132948441407,-0.996372120778992,-0.650186660504881,-0.38647148931044
4370,-0.0102619418447924,0.103411590566437,-1.01081838237417,-0.649839541248464,-0.391877068725247
4380,-0.0264497546723215,0.110934462817878,-1.02514101508726,-0.651793846238948,-0.398112538295162
4390,-0.0424874649638306,0.11871288888094,-1.03929941499443,-0.656199314264316,-0.404818326335409
4400,-0.0579586283985339,0.127877846038095,-1.05325297817186,-0.663205684112548,-0.411634861161213
4410,-0.0724468006556455,0.139560311571819,-1.06696110069574,-0.672962694571626,-0.418202571087798
4420,-0.0855355374143794,0.154891262764586,-1.08038317864223,-0.685620084429533,-0.424161884430388
4430,-0.0968083943539496,0.17500167689887,-1.09347563146327,-0.701327592474251,-0.429152485348151
4440,-0.10584892715357,0.199990565834226,-1.10596763798897,-0.72023495749376,-0.43301523920052
4450,-0.112240691492455,0.224687685123532,-1.11768084358137,-0.742491918276044,-0.436931442056583
4460,-0.115567243049819,0.247390240683303,-1.12858393353247,-0.768248213609083,-0.441252287377017
4470,-0.116955474171477,0.267121692115226,-1.13864559313431,-0.79765358228086,-0.446533239367855
4480,-0.118548558269712,0.282905499020985,-1.14783450767891,-0.828958103360482,-0.45310891757203
4490,-0.120542001605151,0.293765121002269,-1.15611936245829,-0.858104900485778,-0.460250285886738
4500,-0.123115667848463,0.298724017660762,-1.16346884276447,-0.885037743834573,-0.468224559196687
4510,-0.126449420670318,0.29680564859815,-1.16985163388948,-0.909848878378491,-0.477336071085035
4520,-0.130723123741386,0.287033473416122,-1.17523642112534,-0.932630549089157,-0.487889155134941
4530,-0.136116640732337,0.268430951716361,-1.17959188976407,-0.953475000938196,-0.500188144929561
4540,-0.14280983531384,0.240021543100556,-1.1828867250977,-0.972474478897234,-0.514537374052054
4550,-0.150982571156567,0.200828707170391,-1.18508961241824,-0.989721227937896,-0.531241176085577
4560,-0.160814711931187,0.15145429884154,-1.18616923701772,-1.00530749303181,-0.550209285784792
4570,-0.172486121308369,0.103434428161783,-1.18609428418816,-1.01932551915059,-0.568617874121333
4580,-0.186176662958785,0.0589727628612052,-1.18483343922158,-1.03186755126587,-0.585976222646258
4590,-0.202066200553103,0.0176955755464824,-1.18235538741001,-1.04302583434928,-0.602437961691478
4600,-0.219578574044462,-0.0207708611757084,-1.17862881404548,-1.05289261337243,-0.61796771565952
4610,-0.23576958870387,-0.0568002746986904,-1.17362240441999,-1.06125320924027,-0.631861369265706
4620,-0.250240126617275,-0.0907663924157868,-1.16730484382558,-1.06564730876081,-0.643489667904862
4630,-0.262894728683911,-0.123042941720321,-1.15964481755426,-1.06562760866618,-0.652802524156168
4640,-0.273637935803009,-0.154003650005616,-1.15061101089807,-1.06132535555867,-0.65989448806634
4650,-0.2823742888738,-0.184022244664996,-1.14017319049585,-1.05287179604056,-0.6648603800188
4660,-0.289008328795516,-0.213472453091783,-1.12946887040753,-1.04039817671414,-0.668086957252241
4670,-0.293444596467389,-0.242728002679301,-1.11947966735207,-1.02403574418169,-0.669922002670113
4680,-0.29558763278865,-0.27222272768551,-1.11014315795103,-1.00391574504551,-0.670467315867676
4690,-0.29534197865853,-0.302763614030789,-1.10139691882598,-0.980169425907874,-0.669917984355794
4700,-0.292612174976262,-0.33400299061339,-1.09317852659847,-0.952928033371069,-0.668180431389799
4710,-0.287302762641077,-0.365301395096191,-1.08542555789007,-0.922322814037381,-0.66508813241618
4720,-0.279318282552207,-0.396019365142069,-1.07807558932233,-0.888485014509095,-0.660474562881426
4730,-0.268746325592484,-0.425517438413903,-1.07106619751682,-0.851545881388498,-0.654218960727925
4740,-0.258146074355164,-0.453156152574571,-1.06433495909509,-0.811639591395038,-0.646819194354965
4750,-0.248227142219669,-0.47829604528695,-1.05781945067871,-0.76970462789644,-0.638511816520441
4760,-0.238806263597241,-0.500297654213918,-1.05145724888923,-0.726391900325492,-0.62923826675647
4770,-0.229700172899118,-0.518521517018354,-1.04518593034822,-0.681669080620786,-0.61876917522162
4780,-0.220725604536539,-0.532328171363136,-1.03894307167724,-0.635503840720914,-0.606875172074457
4790,-0.211699292920745,-0.541078154911141,-1.03266624949785,-0.587863852564468,-0.59332688747355
4800,-0.202437972462974,-0.544357689511222,-1.02629304043161,-0.538716788090038,-0.57795137262396
4810,-0.192758377574467,-0.546649323551332,-1.01976102110007,-0.488030319236217,-0.561799760365522
4820,-0.182477242666463,-0.549890968413063,-1.01300776812481,-0.435772117941596,-0.545287024286482
4830,-0.171411302150201,-0.554045882912322,-1.00597085812737,-0.381909856144767,-0.528334474833666
4840,-0.159377290436921,-0.559077325865017,-0.998587867729329,-0.326411205784322,-0.510863422453897
4850,-0.146191941937863,-0.564948556087054,-0.990796373552237,-0.269243838798851,-0.492795177594001
4860,-0.131672604794238,-0.57162283239434,-0.982533952217657,-0.210375427126948,-0.474051204133296
4870,-0.11825903358402,-0.579063413602781,-0.973738180347149,-0.149773642707202,-0.455208567560288
4880,-0.108359212893205,-0.587233558528286,-0.964489006558245,-0.087635069892017,-0.436929211967938
4890,-0.101975155286703,-0.59609652598676,-0.954936490039999,-0.0246538214367216,-0.419415498187546
4900,-0.0991088733294219,-0.60561557479411,-0.945069174028774,0.0390187245173181,-0.402693724408747
4910,-0.0997623795862717,-0.615753963766243,-0.934875001787288,0.103269868078021,-0.386780369265445
4920,-0.103937686622161,-0.626456974349182,-0.924341916578259,0.167986909353308,-0.371687417049073
4930,-0.111636807001999,-0.636803197608257,-0.913457861664404,0.233057148451096,-0.357210179455891
4940,-0.122861753290694,-0.646412993329459,-0.902210780308443,0.298367885479307,-0.343279410362323
4950,-0.137614538053156,-0.655455351942825,-0.890588615773093,0.363806420545858,-0.329963021305804
4960,-0.155897173854294,-0.664099263878391,-0.878579311321072,0.42926005375867,-0.317328923823772
4970,-0.177711673259017,-0.672513719566194,-0.866170810215099,0.494616085225661,-0.305445029453662
4980,-0.203060048832232,-0.680867709436269,-0.85335105571789,0.559761815054752,-0.29437924973291
4990,-0.231944313138851,-0.689330223918653,-0.840107991092165,0.62458454335386,-0.284199496198952
5000,-0.262503174375655,-0.698070253443383,-0.826429559600641,0.688971570230907,-0.274507854297193
5010,-0.289752463025349,-0.707256788440495,-0.812303704506036,0.752327344735306,-0.264246402809144
5020,-0.313567035604252,-0.717058819340026,-0.797718369071069,0.808797610309573,-0.254886653426443
5030,-0.334109168962042,-0.727645336572012,-0.782661496558457,0.857090743765128,-0.246831314581846
5040,-0.351541139948397,-0.739170464598665,-0.767121030230918,0.897719853290668,-0.240028195371828
5050,-0.366025225412997,-0.747615275521107,-0.751084913351171,0.931198047074889,-0.233381841802597
5060,-0.37772370220552,-0.750093101238465,-0.734541089181934,0.958038433306486,-0.226079864829858
5070,-0.386798847175645,-0.74711174757076,-0.717477500985924,0.978754120174158,-0.218158493889543
5080,-0.39341293717305,-0.739179020338016,-0.69988209202586,0.9938582158666,-0.209653958417582
5090,-0.397728249047414,-0.726802725360254,-0.68174280556446,1.00386382857251,-0.200602487849905
5100,-0.399907059648416,-0.710490668457496,-0.662345289989482,1.00928406648058,-0.190864737903704
5110,-0.400111645825733,-0.690750655449764,-0.640495423592636,1.01063203777951,-0.180181421772156
5120,-0.398504284429045,-0.668090492157081,-0.616270502527757,1.00842085065799,-0.168611107113973
5130,-0.39518485644226,-0.643017984399467,-0.589772370597551,1.00316361330473,-0.156202899533637
5140,-0.389676799791387,-0.616040937996946,-0.561102871604723,0.995373433908413,-0.142861793871161
5150,-0.381696639185188,-0.58766715876954,-0.530363849351979,0.986317297912339,-0.128352587348592
5160,-0.371058690374783,-0.558404452537269,-0.497657147642023,0.976723699598026,-0.112599147739012
5170,-0.357577269111295,-0.529613769159545,-0.46308461027756,0.966212243999071,-0.0960158511373322
5180,-0.341066691145847,-0.502273657831513,-0.426748081061297,0.954402309841767,-0.0789215300492224
5190,-0.32134127222956,-0.476129198804889,-0.388749403795937,0.940913275852407,-0.0613266497444949
5200,-0.298215328113558,-0.450924460258181,-0.349190422284186,0.925364520757284,-0.0432414224746603
5210,-0.271503174548961,-0.426403510369897,-0.30817298032875,0.907375423282691,-0.0246760604912292
5220,-0.241019127286893,-0.402310417318543,-0.265798921732333,0.88656536215492,-0.00564077604571214
5230,-0.206577502078475,-0.378389249282629,-0.22217009029764,0.862553716100266,0.0138542186103804
5240,-0.16799261467483,-0.354384074440661,-0.177388329827377,0.83495986384502,0.0337987112255381
5250,-0.12507878082708,-0.330038960971148,-0.131555484124248,0.803403184115477,0.0541824895482501
5260,-0.0777493210301775,-0.305097977052597,-0.0847733969909596,0.767503055637928,0.0749705901410487
5270,-0.033472784217827,-0.279305190863515,-0.0371439122302162,0.726878857138668,0.0942392424567774
5280,0.00336708190629921,-0.252404670582411,0.0112311263552771,0.682830224000222,0.111255940419847
5290,0.033278980666063,-0.225234580657334,0.0602498749628152,0.641582771906761,0.127469261719576
5300,0.0567716153853259,-0.199414728733151,0.109810489789693,0.604000872418191,0.142792062215015
5310,0.0743536893879499,-0.174939808137533,0.159811127033205,0.570359367108669,0.157396093848073
5320,0.0865339059977966,-0.151782779777666,0.208234370309276,0.540933097552353,0.17097964852044
5330,0.093820968538728,-0.129916604560739,0.250442813899401,0.5159969053234,0.182586020800198
5340,0.0967235803346057,-0.109314243393937,0.286406673412586,0.495825631995968,0.192410410587306
5350,0.0957504447092916,-0.0899486571844501,0.316312004811662,0.480694119144214,0.200701977870179
5360,0.0914102649866473,-0.071792806839464,0.340344864059455,0.470877208342295,0.207709882637233
5370,0.0842117444905347,-0.0548196532661667,0.358691307118796,0.46664974116437,0.213683284876884
5380,0.0746635865448155,-0.0390021573717456,0.371537389952513,0.468286559184596,0.218871344577545
5390,0.0632744944733516,-0.024313280063388,0.379069168523434,0.47606250397713,0.223523221727632
5400,0.0529800757333718,-0.0107259822482813,0.381472698794389,0.49025241711613,0.228494802348902
5410,0.0481022068924675,0.00229950100436221,0.378934036728206,0.510846610415435,0.235045588760118
5420,0.0479445415947385,0.015807629462791,0.371639238287714,0.532512025584361,0.241975858732401
5430,0.0516997129046499,0.0296597422209129,0.359774359435741,0.553341941971273,0.248618939133144
5440,0.058560353886667,0.0436753253777627,0.343525456135117,0.573603805448143,0.254841235211922
5450,0.0677190976052546,0.057673865032375,0.32307858434867,0.593565061886941,0.26050915221831
5460,0.0783685771248781,0.0714748472837847,0.298619800039228,0.613493157159638,0.265489095401882
5470,0.0897014255100025,0.0848977582310263,0.270335159169621,0.633655537138205,0.269647470012214
5480,0.100910275825093,0.0977620839731347,0.238410717702678,0.654319647694612,0.272850681298879
5490,0.111187761134614,0.109887310609145,0.203032531601226,0.67575293470083,0.274965134511454
5500,0.119726514503032,0.121092924238091,0.164386656828095,0.698222844028829,0.275857234899512
5510,0.125719168994812,0.131198410959008,0.122659149346114,0.721996821550581,0.275393387712628
5520,0.128358357674417,0.14002325687093,0.0780360651181103,0.747342313138056,0.273439998200378
5530,0.127446554767056,0.147142551692728,0.0307034601069142,0.774526764663224,0.269954832807481
5540,0.125887558566879,0.151917357538177,-0.0182178476675193,0.803817621998056,0.265851172608898
5550,0.124517686420127,0.154698731126763,-0.065474117976324,0.833506172041487,0.261812117903013
5560,0.123742899234718,0.155897854770051,-0.110798862886429,0.86084416306267,0.257421513545252
5570,0.123969157918572,0.155925910779605,-0.154185607806365,0.885747038710093,0.252864124900476
5580,0.125602423379607,0.155194081466989,-0.195627878144657,0.908150905227175,0.248329882982279
5590,0.129048656525742,0.154113549143769,-0.235119199309836,0.927991868857334,0.244008718804252
5600,0.134713818264895,0.153095496121509,-0.272653096710429,0.945206035843989,0.240090563379991
5610,0.143003869504984,0.152551104711773,-0.308223095754966,0.959729512430558,0.236765347723088
5620,0.15432477115393,0.152891557226126,-0.341822721851973,0.971498404860461,0.234223002847136
5630,0.169082484119649,0.154528035976132,-0.37344550040998,0.980448819377117,0.232653459765729
5640,0.18768296931006,0.157871723273357,-0.403084956837514,0.986516862223943,0.232246649492461
5650,0.210532187633084,0.163186517326255,-0.430734616543105,0.989638639644358,0.233155682015148
5660,0.237848991188124,0.169857382529246,-0.45638800493528,0.989750257881782,0.235267156665968
5670,0.265209190574249,0.177291845303656,-0.480038647422569,0.986787823179633,0.237312552908742
5680,0.290306155507921,0.184939944545124,-0.501680069413498,0.980957092772569,0.238630780853029
5690,0.312752396960147,0.192251719149287,-0.521305796316597,0.973581375926953,0.239319923929948
5700,0.332160425901934,0.198677208011784,-0.538909353540395,0.964875689684224,0.239200992514387
5710,0.348142753304288,0.203666450028252,-0.554484266493418,0.954873250576456,0.238049546853895
5720,0.360311890138215,0.20666948409433,-0.568024060584196,0.943607275135727,0.235641147196019
5730,0.368280347374721,0.207136349105656,-0.579522261221257,0.931110979894113,0.231751353788308
5740,0.371660635984813,0.204517083957867,-0.58897239381313,0.917417581383689,0.22615572687831
5750,0.370065266939497,0.198261727546602,-0.596367983768342,0.902560296136533,0.218629826713572
5760,0.363106751209779,0.187820318767498,-0.601891463425015,0.886572340684721,0.208901986809246
5770,0.350397599766666,0.173251404036875,-0.606441812276168,0.869486931560327,0.196673530771925
5780,0.331550323581164,0.157912850563083,-0.610161473142453,0.851337285295431,0.182659746574306
5790,0.30617743362428,0.142519428466716,-0.613079753291624,0.832156618422106,0.166943431805369
5800,0.278042378904976,0.12720593181309,-0.615225959991434,0.81197814747243,0.150500124549765
5810,0.252136112226807,0.112107154667522,-0.616629400509636,0.790914588027763,0.134632113603114
5820,0.228252738230926,0.0973578910953283,-0.617319382113983,0.771882781536876,0.120043507187287
5830,0.206168019228406,0.0830929351618252,-0.617325212072228,0.756156288614287,0.107023007733073
5840,0.185657717530323,0.069447080932329,-0.616676197652125,0.743484641762671,0.0954783106432993
5850,0.166497595447751,0.0565551224721562,-0.615401646121428,0.733617373484703,0.0853171113207955
5860,0.148463415291764,0.0445518538466231,-0.613530864747887,0.72630401628306,0.0764471051683899
5870,0.131330939373436,0.0335720691210462,-0.611093160799259,0.721294102660417,0.0687759875889103
5880,0.114875930003844,0.0237505623607419,-0.608117841543294,0.718337165119451,0.0622114539851856
5890,0.0988741494940596,0.0155163049880777,-0.604634214247748,0.717182736162838,0.0567347440993069
5900,0.0831013601551589,0.0114555492232417,-0.600671586180371,0.717580348293252,0.0528664178728203
5910,0.0673333242982161,0.0117862615035823,-0.596259264608919,0.71927953401337,0.0505349638015624
5920,0.0513458042343056,0.0160639826833454,-0.591426556801144,0.722029825825869,0.049503263985594
5930,0.034884801600778,0.0238442536167773,-0.586202770024799,0.725580756233423,0.0495267603565448
5940,0.0178785693630087,0.0346826151581239,-0.580617211547637,0.729681857738709,0.050406457678051
5950,0.000657102483168998,0.0481346081616312,-0.574699188637413,0.733214780514226,0.0518268256304034
5960,-0.0164278402196482,0.0637557734815454,-0.568478008561877,0.734610953220382,0.0533652194801004
5970,-0.03302449992635,0.0811016519721126,-0.561982978588786,0.734132165899216,0.0550565848390484
5980,-0.0487811178178436,0.0997277844875783,-0.555336148709821,0.732080312897465,0.0569227077143445
5990,-0.0633459350750361,0.119189711882189,-0.549142947718724,0.72875728856186,0.0588645294125724
6000,-0.0763671928788346,0.139042975010191,-0.543402905459593,0.724464987239137,0.0609344659777251
6010,-0.0874931324101465,0.15867977567762,-0.537989079252405,0.71950530327603,0.0631757168227745
6020,-0.0963719948498786,0.175570699049036,-0.532774526417134,0.714180131019272,0.0651510772003238
6030,-0.102652021378938,0.189463614069697,-0.527632304273755,0.708791364815598,0.0669926633081503
6040,-0.105981453178233,0.200980999850782,-0.522435470142244,0.703640899011742,0.0690512438855117
6050,-0.106008531428669,0.21074533550347,-0.517057081342576,0.699030627954437,0.0716775876716657
6060,-0.102531489116516,0.219379100138941,-0.511370195194726,0.695262445990419,0.0751849654545297
6070,-0.097222555728186,0.227504772868374,-0.505247869018668,0.692638247466422,0.0794181488969854
6080,-0.0908378076238919,0.235744832802948,-0.498563160134379,0.690726357849828,0.0842675557236263
6090,-0.0836300508775217,0.244721759053841,-0.491189125861833,0.684785120871813,0.0886719257965749
6100,-0.0758520915629632,0.255058030732234,-0.482998823521006,0.674062241736467,0.092567339346183
6110,-0.0677567357541038,0.267376126949305,-0.473865310431872,0.658742127794402,0.0961240521394328
6120,-0.0595967895248312,0.282298526816234,-0.463661643914407,0.639009186396231,0.0995123199433069
6130,-0.0516250589490329,0.300369064558517,-0.452260881288586,0.615047824892568,0.102882737303367
6140,-0.0440943501005966,0.319739009052946,-0.439536079874383,0.587042450634025,0.105787757427998
6150,-0.0372574690534099,0.339062731092281,-0.425360296991775,0.555177470971215,0.107905609004578
6160,-0.0313672218813603,0.357888445162374,-0.409606589960736,0.519637293254752,0.109137981643757
6170,-0.0266764146583354,0.375764365749079,-0.392148016101241,0.480606324835247,0.109386564956187
6180,-0.023437853458223,0.392238707338249,-0.372857632733266,0.438268973063313,0.108553048552518
6190,-0.0219043347367914,0.406859684415737,-0.351608497176785,0.392809645289564,0.106539124447931
6200,-0.0222229857251108,0.419175511467397,-0.328577895563618,0.344412748864613,0.10319684476082
6210,-0.0241738263492794,0.42873440297908,-0.30685081936172,0.293360418242269,0.0977675438775876
6220,-0.0274572069420259,0.435084573436642,-0.287247567308359,0.249307855005109,0.0924219135478415
6230,-0.0317734778360787,0.437774237325934,-0.269750472410441,0.217692680034248,0.0884857417784156
6240,-0.0368229893641662,0.43635160913281,-0.254341867674867,0.197285732141897,0.0856181210589184
6250,-0.042306091859017,0.430397228202185,-0.241004086108542,0.186857850140271,0.0834862250937242
6260,-0.0479231356533596,0.422111537457244,-0.229719460718368,0.185179872841582,0.0824122034817745
6270,-0.0533744710799223,0.413168002307688,-0.220470324511249,0.191022639058042,0.0825864614436397
6280,-0.0583604484714338,0.403735350095027,-0.213239010494087,0.203156987601865,0.0838232196828428
6290,-0.0625814181606225,0.393982308160772,-0.208007851673787,0.220353757285265,0.0859366989029067
6300,-0.0657377304802169,0.384077603846433,-0.204759181057251,0.241383786920452,0.0887411198073544
6310,-0.0675297357629454,0.374189964493522,-0.203475331651383,0.265017915319642,0.0920507030997089
6320,-0.0676577843415366,0.364488117443548,-0.204138636463085,0.290026981295046,0.0956796694834932
6330,-0.0653459814207488,0.355140790038023,-0.206731428499262,0.315181823658878,0.0995613009442229
6340,-0.0594397178876643,0.346316709618458,-0.211236040766815,0.339253281223351,0.103723558046832
6350,-0.0501858882477086,0.338184603526363,-0.21763480627265,0.360660394091988,0.107756075774498
6360,-0.0378906132400373,0.330913199103248,-0.225910058023667,0.378353975592375,0.111366625857979
6370,-0.0228600136038063,0.324670694181162,-0.236044129026773,0.393081960625335,0.11471212804398
6380,-0.00540021007817131,0.319024436493811,-0.248019352288868,0.405652595835355,0.117814367490532
6390,0.014182676597712,0.313508968368189,-0.261818060816856,0.41687412786692,0.120686928003991
6400,0.0355825256846878,0.308144453470592,-0.277422587617641,0.427554803364518,0.123464798725539
6410,0.0584932164436003,0.302951055467313,-0.294815265698127,0.438502868972633,0.126282968796355
6420,0.0826086281352938,0.297948938024647,-0.313903455191528,0.450526571335754,0.129295170576042
6430,0.107622640020613,0.293158264808888,-0.333336860286434,0.464434157098364,0.132969550410358
6440,0.133229131360401,0.28859919948633,-0.352602735319341,0.481033872904952,0.137564867108086
6450,0.159121981415503,0.284291905723267,-0.371677459674862,0.501133965400003,0.143217598215978
6460,0.18448860507819,0.280256547185994,-0.390537412737613,0.525542681228003,0.149937605188644
6470,0.205629809688712,0.276513287540806,-0.409158973892208,0.555068267033439,0.157013097592687
6480,0.222301207274971,0.273082290453996,-0.427518522523263,0.590360035922055,0.16455625278194
6490,0.235038064790032,0.269983719591858,-0.445592438015392,0.630113103617153,0.172385612495913
6500,0.24437564918696,0.26604846457886,-0.46335709975321,0.673073376821918,0.180035097708632
6510,0.25084922741882,0.259799564340034,-0.480788887121332,0.718263001773107,0.187030726602657
6520,0.254994066438678,0.251275176979109,-0.497864179504373,0.764704124707479,0.193277297155223
6530,0.257345433199598,0.240518761428415,-0.514559356286947,0.811418891861791,0.198680932550714
6540,0.258438594654646,0.227573776620279,-0.530850796853671,0.8574294494728,0.203147755973514
6550,0.258808817756887,0.212483681487029,-0.546714880589157,0.901757943777264,0.206583890608006
6560,0.258991369459386,0.195291934960995,-0.562127986878021,0.943426521011941,0.208895459638575
6570,0.259521516715208,0.176041995974503,-0.577066495104879,0.981457327413589,0.209988586249605
6580,0.260934526477418,0.154777323459881,-0.591506784654344,1.01487250921896,0.20976939362548
6590,0.263799574397028,0.131541376349459,-0.605425234911032,1.04269421266483,0.20815248212507
6600,0.270124132661343,0.106377613575563,-0.618798225259558,1.06394458398793,0.205412026241319
6610,0.280313215847986,0.0793294940705221,-0.631602135084536,1.07764602996708,0.201421651200264
6620,0.293632410325284,0.0512308150302513,-0.643813343770581,1.08344425668317,0.196123534567032
6630,0.309347302461562,0.023386131821697,-0.655408230702309,1.08223290031965,0.18988952597515
6640,0.326723478625149,-0.0043832199098135,-0.666416854959356,1.07495579222404,0.182719798995005
6650,0.345026525184372,-0.0322840262756237,-0.678801290661761,1.06255676374387,0.174124492997715
6660,0.363522028507556,-0.0605230733870772,-0.693521598034178,1.04597964622667,0.163864250828243
6670,0.38147557496303,-0.0893071473555176,-0.710526847185418,1.02616827101996,0.151952462860514
6680,0.398152750919121,-0.118843034292289,-0.729766108224295,1.00406646947128,0.138402519468454
6690,0.412819142744154,-0.149337520308734,-0.751188451259622,0.980618072928143,0.123227811025985
6700,0.424740336806459,-0.180997391516197,-0.774742946400212,0.956766912738085,0.106441727907034
6710,0.43318191947436,-0.214029434026022,-0.800378663754877,0.933456820248631,0.0880576604855229
6720,0.437409477116185,-0.248640433949552,-0.82804467343243,0.911631626807308,0.0680889991353779
6730,0.438061152492018,-0.285037177398131,-0.857690045541683,0.892235163761644,0.0468922733284618
6740,0.437345174934351,-0.321833683585487,-0.88926385019145,0.876211262459165,0.0256147259041445
6750,0.435662159853901,-0.355385038730972,-0.922715157490544,0.864321499454711,0.00547086577177382
6760,0.433379601688811,-0.385801960534091,-0.957993037547778,0.856121286485821,-0.013573527476809
6770,0.43086499487722,-0.413372992432904,-0.995046560471963,0.850810504193704,-0.0316860134584854
6780,0.428485833857269,-0.43838667786547,-1.03382479637191,0.847601430746362,-0.0490310524084377
6790,0.426609613067099,-0.46113156026985,-1.07427681535644,0.845706344311798,-0.0657731045618483
6800,0.425603826944849,-0.481896183084105,-1.11635168753436,0.844337523058015,-0.0820766301538997
6810,0.42583596992866,-0.500969089746294,-1.15999848301448,0.842707245153016,-0.0981060894197742
6820,0.427673536456674,-0.518638823694476,-1.20516627190562,0.840027788764802,-0.114025942594654
6830,0.431484020967029,-0.535193928366714,-1.25180412431658,0.835511432061378,-0.130000649913722
6840,0.437634917897867,-0.550922947201065,-1.29986111035619,0.828370453210746,-0.14619467161216
6850,0.446493721687329,-0.566114423635592,-1.34928630013325,0.81781713038091,-0.162772467925151
6860,0.457341046779101,-0.581537204770672,-1.40001960763753,0.80306374173987,-0.180288005972307
6870,0.465149746667129,-0.598792011837123,-1.45080218042658,0.783322565455631,-0.200280470035235
6880,0.468990145876127,-0.617642495027095,-1.50077450693688,0.757991799840674,-0.222858764061794
6890,0.468568985516664,-0.637707328114546,-1.54994011884493,0.729416947151511,-0.247415378572825
6900,0.463593006699307,-0.658605184873431,-1.5983025478272,0.699030013749976,-0.273571178062836
6910,0.453768950534624,-0.679954739077708,-1.64586532556017,0.667476018108549,-0.301143773998675
6920,0.438803558133182,-0.701374664501334,-1.69263198372032,0.635399978699713,-0.329950777847189
6930,0.41840357060555,-0.722483634918264,-1.73860605398414,0.603446913995951,-0.359809801075225
6940,0.392275729062295,-0.742900324102456,-1.7837910680281,0.572261842469742,-0.390538455149631
6950,0.360126774613984,-0.762243405827866,-1.8281905575287,0.542489782593571,-0.421954351537253
6960,0.321663448371186,-0.780131553868452,-1.87180805416241,0.514775752839918,-0.453875101704938
6970,0.276592491444468,-0.796183441998169,-1.9146470896057,0.489764771681266,-0.486118317119535
6980,0.224620644944398,-0.810123527537541,-1.95671119553508,0.468101857590097,-0.51852805513453
6990,0.165878942924285,-0.822290417613011,-1.998003903627,0.450432029038893,-0.550995837319209
7000,0.108436775538003,-0.832892707628754,-2.03852874555797,0.437400304500135,-0.581396093287146
7010,0.0552544078207119,-0.842092331022282,-2.07828925300445,0.429651702446306,-0.608868868439929
7020,0.0060500068767351,-0.850051221231112,-2.11728895764294,0.425557353280711,-0.63393320467915
7030,-0.0394582601896034,-0.856931311692755,-2.1555313911499,0.422391760707235,-0.657382300581256
7040,-0.0815522262739799,-0.862894535844726,-2.19302008520183,0.419782197099334,-0.679421162555301
7050,-0.120513724272071,-0.86810282712454,-2.22975857147521,0.417361063862661,-0.700253514752289
7060,-0.156624587079552,-0.872718118969709,-2.26575038164651,0.414760762402873,-0.720083081323224
7070,-0.1901666475921,-0.876902344817748,-2.30099904739222,0.411613694125624,-0.739113586419111
7080,-0.221421738705391,-0.880817438106171,-2.33550810038882,0.407552260436569,-0.757548754190954
7090,-0.250671693315101,-0.884625332272491,-2.36964852423636,0.402208862741363,-0.775684171770648
7100,-0.278198344316907,-0.888760398100503,-2.4037889480839,0.395215902445661,-0.793882947013913
7110,-0.304283524606485,-0.894986724986203,NA,0.386205780955118,-0.271021489545857
7120,-0.329209067079511,-0.903139601598481,NA,0.374810899675388,-0.285845923000868
7130,-0.351732950800153,-0.912670990531923,NA,0.360663660012128,-0.301246760439982
7140,-0.370063718241793,-0.923032854381117,NA,0.343396463370991,-0.316566703083973
7150,-0.38393801048653,-0.933677155740649,NA,0.323061775499592,-0.331517796909196
7160,-0.393093965820477,-0.944055857205109,NA,0.301423079190112,-0.345242247945158
7170,-0.397269722529747,-0.953620921369081,NA,0.279147251137013,-0.357247797587272
7180,-0.396203418900454,-0.961824310827154,NA,0.256728214882459,-0.367099838281716
7190,-0.389633193218708,-0.968117988173915,NA,0.234659893968613,-0.37436376247467
7200,-0.377297183770625,-0.971953916003951,NA,0.213436211937639,-0.378604962612312
7210,-0.358933528842316,-0.972784056911849,NA,0.193551092331701,-0.379388831140821
7220,-0.334280366719894,-0.970299440141221,NA,0.175498458692963,-0.376360449389384
7230,-0.303075835689473,-0.966770464223442,NA,0.159772234563587,-0.370024688449776
7240,-0.265058074037164,-0.963267089904714,NA,0.146866343485738,-0.36048627348538
7250,-0.219965220049081,-0.960261633162896,NA,0.13727470900158,-0.347650714736799
7260,-0.170426430616939,-0.958226409975847,NA,0.131491254653275,-0.33238719531317
7270,-0.12531172598693,-0.957633736321425,NA,0.130009903982989,-0.317645186108455
7280,-0.0848459017920298,-0.958955928177489,NA,0.133176368346686,-0.303541820540944
7290,-0.0485605177036881,-0.962665301521899,NA,0.137664307076215,-0.291187170716457
7300,-0.0159871333933545,-0.969234172332512,NA,0.141839500117056,-0.28112726853627
7310,0.0133426914675213,-0.979134856587188,NA,0.145590137844729,-0.273400675758312
7320,0.0398973972074898,-0.992839670263785,NA,0.148804410634755,-0.268045954140513
7330,0.0641454241551014,-1.01082092934016,NA,0.151370508862653,-0.265101665440802
7340,0.0865552126389067,-1.03322741342155,NA,0.153176622903944,-0.264498525959566
7350,0.107595202987456,-1.05471645266248,NA,0.154110943134147,-0.264336768846959
7360,0.1277338355293,-1.07340950786206,NA,0.154061659928782,-0.263871337467992
7370,0.147439550592988,-1.08951860050865,NA,0.152916963663369,-0.263054028750765
7380,0.167180788507072,-1.10325575209064,NA,0.150565044713429,-0.26183663962338
7390,0.187454825697619,-1.1148329840964,NA,0.146894093454481,-0.260161354981433
7400,0.208742227570608,-1.1244623180143,NA,0.141792300262045,-0.257975930060549
7410,0.230733934338287,-1.13235577533272,NA,0.135147855511642,-0.255491328494264
7420,0.252981064466592,-1.13872537754003,NA,0.127024079154721,-0.252906744639573
7430,0.275034736421459,-1.14378314612461,NA,0.117650920066704,-0.250365829878816
7440,0.296446068668824,-1.14774110257483,NA,0.107027350026366,-0.248089227959881
7450,0.316766179674622,-1.15081126837907,NA,0.0951490466542059,-0.246298680683414
7460,0.33554618790479,-1.15317854178014,NA,0.0820116875707199,-0.245206888768209
7470,0.352337211825263,-1.15396448396242,NA,0.0676109503964061,-0.244672107246918
7480,0.366690369901978,-1.15255414873254,NA,0.0519425127517621,-0.244640422026267
7490,0.37815678060087,-1.14880263319799,NA,0.0350020522572855,-0.245214600113277
7500,0.386287562387876,-1.14256503446627,NA,0.0167852465334739,-0.246497408514974
7510,0.39063383372893,-1.13369644964489,NA,-0.00271222679917499,-0.248591614238379
7520,0.390755615735086,-1.12205197584135,NA,-0.0234946901201636,-0.251597016742144
7530,0.388030898168735,-1.10748671016316,NA,-0.0455664658089943,-0.255007425934473
7540,0.383951175607087,-1.08985574971781,NA,-0.0689318762451695,-0.258278816785298
7550,0.378883976465658,-1.06901419161281,NA,-0.0930578287617976,-0.261062681302983
7560,0.373196829159966,-1.04481713295566,NA,-0.11493670333695,-0.262185669044216
7570,0.367257262105526,-1.01711967085387,NA,-0.134146507799822,-0.261336305516055
7580,0.361432803717857,-0.985765988255345,NA,-0.150741448403131,-0.258358210980206
7590,0.356090982412474,-0.949321094665762,NA,-0.164775731399593,-0.25266861455096
7600,0.351599326604896,-0.907324580557546,NA,-0.176303563041924,-0.244009605664858
7610,0.348325364710637,-0.860447608216712,NA,-0.185379149582843,-0.232500464362972
7620,0.346636625145216,-0.809361339929279,NA,-0.192056697275065,-0.218260470686376
7630,0.34690063632415,-0.754736937981265,NA,-0.196390412371307,-0.201408904676141
7640,0.349484926662954,-0.697245564658687,NA,-0.198434501124287,-0.18206504637334
7650,0.354757024577146,-0.637558382247562,NA,-0.198243169786721,-0.160348175819046
7660,0.362383491978683,-0.576346553033909,NA,-0.195870624611325,-0.136611228555517
7670,0.370876078130176,-0.514281239303744,NA,-0.191371071850818,-0.111592077674795
7680,0.379956850928397,-0.452033603343086,NA,-0.184768711190666,-0.0856151545351186
7690,0.389398086754005,-0.390274807437952,NA,-0.174638293097633,-0.0585050045938602
7700,0.398972061987659,-0.32967601387436,NA,-0.160450485639862,-0.0303848125088542
7710,0.408451053010018,NA,NA,-0.142590185591944,0.132930433709037
7720,0.417607336201743,NA,NA,-0.121442289728472,0.148082523236635
7730,0.426213187943491,NA,NA,-0.0973916948240371,0.164410746559727
7740,0.434040884615922,NA,NA,-0.0708232976532313,0.181608793481345
7750,0.440862702599695,NA,NA,-0.0421219949906463,0.199370353804524
7760,0.44645091827547,NA,NA,-0.0116726836108742,0.217389117332298
7770,0.450577808023905,NA,NA,0.0201397397114934,0.235358773867699
7780,0.45301564822566,NA,NA,0.0529303782018645,0.252973013213762
7790,0.453257487222626,NA,NA,0.0863143350856475,0.269785911154137
7800,0.449483537730786,NA,NA,0.11990671358825,0.284695125659518
7810,0.441650769023822,NA,NA,0.153322616935081,0.297486692979452
7820,0.430055804702152,NA,NA,0.184926816604868,0.30749131065351
7830,0.414995268366198,NA,NA,0.212012358573054,0.313503813469626
7840,0.396765783616378,NA,NA,0.234637903067551,0.315701843341965
7850,0.375663974053114,NA,NA,0.252946984457718,0.314305479255416
7860,0.351986463276825,NA,NA,0.267083137112914,0.309534800194869
7870,0.326029874887931,NA,NA,0.277189895402498,0.301609885145215
7880,0.298090832486852,NA,NA,0.283410793695832,0.290750813091342
7890,0.268465959674007,NA,NA,0.285889366362273,0.27717766301814
7900,0.237451880049818,NA,NA,0.284769147771183,0.2611105139105
7910,0.205345217214703,NA,NA,0.280193672291919,0.242769444753311
7920,0.172527954096622,NA,NA,0.272306474293843,0.222417214195232
7930,0.142265044527486,NA,NA,0.261251088146313,0.201758066336899
7940,0.115700715371035,NA,NA,0.247171048218689,0.181435881794862
7950,0.0922829640253096,NA,NA,0.23064159263534,0.161462278330325
7960,0.0714597878883495,NA,NA,0.215043819950324,0.143251803919337
7970,0.0526791843581949,NA,NA,0.200882938414218,0.126781061386206
7980,0.0353891508328859,NA,NA,0.187930929953893,0.111660040393389
7990,0.0190376847104624,NA,NA,0.17595977649622,0.0974987306033413
8000,0.00307278338896452,NA,NA,0.16474145996807,0.0839071216785171
8010,-0.0130575557335677,NA,NA,0.154047962296313,0.0704952032813726
8020,-0.029905335259094,NA,NA,0.14365126540782,0.056872965074363
8030,-0.0480225577895747,NA,NA,0.133323351229462,0.0426503967199437
8040,-0.0679612259269695,NA,NA,0.12283620168811,0.0274374878805702
8050,-0.0902733422732384,NA,NA,0.111961798710634,0.010844228218698
8060,-0.116061958862878,NA,NA,0.100472124223906,-0.0077949173194859
8070,-0.14594133040594,NA,NA,0.0881391601547959,-0.0289010851255719
8080,-0.179185532563422,NA,NA,0.0747454637720823,-0.0522200343956698
8090,-0.215057760665878,NA,NA,0.0620876428167108,-0.0764850589245835
8100,-0.252821210043861,NA,NA,0.0515979832945091,-0.100611613374676
8110,-0.291739076027925,NA,NA,0.0432672494201533,-0.124235913303886
8120,-0.331074553948624,NA,NA,0.0370862054083195,-0.146994174270152
8130,-0.37009083913651,NA,NA,0.0330456154736836,-0.168522611831413
8140,-0.408051126922138,NA,NA,0.0311362438309218,-0.188457441545608
8150,-0.44421861263606,NA,NA,0.03134885469471,-0.206434878970675
8160,-0.477856491608832,NA,NA,0.0336742122797243,-0.222091139664554
8170,-0.508227959171005,NA,NA,0.0381030808006409,-0.235062439185182
8180,-0.534596210653134,NA,NA,0.0446262244721356,-0.244984993090499
8190,-0.556579279767857,NA,NA,0.0532344075088846,-0.251672436129486
8200,-0.575536558073444,NA,NA,0.0639183941255639,-0.25580908197394
8210,-0.592285104099886,NA,NA,0.0766689485368496,-0.257808077781518
8220,-0.60751511267854,NA,NA,0.0888397931495871,-0.259337659764476
8230,-0.621916778640763,NA,NA,0.093585012226176,-0.264165883207293
8240,-0.636180296817912,NA,NA,0.0911563879714136,-0.272511954423249
8250,-0.650995862041343,NA,NA,0.0822183655752282,-0.284388748233057
8260,-0.667053669142412,NA,NA,0.067435390227548,-0.299809139457432
8270,-0.685043912952477,NA,NA,0.0474719071183014,-0.318786002917088
8280,-0.705656788302895,NA,NA,0.0229923614374165,-0.341332213432739
8290,-0.72958249002502,NA,NA,-0.00533880162517847,-0.367460645825099
8300,-0.757511212950211,NA,NA,-0.0368571368795552,-0.397184174914883
8310,-0.790133151909824,NA,NA,-0.0708981991357854,-0.430515675522805
8320,-0.827745032551634,NA,NA,-0.106797543203941,-0.467271287877787
8330,-0.864532470747028,NA,NA,-0.143890723894093,-0.504211597320561
8340,-0.898401172239075,NA,NA,-0.181513296016315,-0.539957234127695
8350,-0.929412131490005,NA,NA,-0.219678853997007,-0.574545492743506
8360,-0.957626342962052,NA,NA,-0.265350618617062,-0.611488480789557
8370,-0.983104801117448,NA,NA,-0.319898681533954,-0.651501741325701
8380,-1.00590850041843,NA,NA,-0.382529716686067,-0.694219108552246
8390,-1.02609843532722,NA,NA,-0.452450398011783,-0.7392744166695
8400,-1.04373560030605,NA,NA,-0.528867399449488,-0.78630149987777
8410,-1.05888098981717,NA,NA,-0.610987394937564,-0.834934192377365
8420,-1.07159559832279,NA,NA,-0.698017058414396,-0.884806328368593
8430,-1.08194042028516,NA,NA,-0.789163063818365,-0.935551742051762
8440,-1.0899764501665,NA,NA,-0.883632085087858,-0.986804267627179
8450,-1.09576468242905,NA,NA,-0.980630796161256,-1.03819773929515
8460,NA,NA,NA,-1.07936587097694,-1.07936587097694
8470,NA,NA,NA,-1.1790439834733,-1.1790439834733
8480,NA,NA,NA,-1.27887180758872,-1.27887180758872
8490,NA,NA,NA,-1.37851004549313,-1.37851004549313
8500,NA,NA,NA,-1.47814828339754,-1.47814828339754
