"Age","Castor","Gagnon","Perche","Desperiers","Labelle","BBmean"
-70,-2.03852235860971,-1.61999993677912,NA,NA,NA,-1.82926114769441
-60,-1.92916120971528,-1.47500077781376,NA,NA,1.84803424327978,-0.518709248083088
-50,-1.82189155724426,-1.33269696691814,NA,NA,1.67892227843355,-0.491888748576282
-40,-1.7168373690242,-1.19341526220636,NA,NA,1.5100786713233,-0.466724653302417
-30,-1.61412261288267,-1.05748242179251,NA,NA,1.3425626824596,-0.443014117405195
-20,-1.51387125664726,-0.92522520379071,NA,NA,1.17743357235302,-0.420554296028316
-10,-1.41620726814552,-0.796970366315046,NA,NA,1.01575060151412,-0.399142344315482
0,-1.32125461520502,-0.673044667479623,NA,NA,0.858573030453462,-0.378575417410392
10,-1.22913726565333,-0.553774865398539,NA,NA,0.706960119681621,-0.358650670456749
20,-1.13997918731802,-0.439487718185894,NA,NA,0.561971129709161,-0.339165258598252
30,-1.05390434802666,-0.330509983955791,NA,NA,0.424665321046648,-0.319916336978602
40,-0.971036715606825,-0.227168420822327,NA,NA,0.296101954204648,-0.300701060741501
50,-0.891500257886072,-0.129789786899604,NA,NA,0.177340289693729,-0.281316585030649
60,-0.815418942691975,-0.0387008403017218,NA,NA,0.069439588024457,-0.261560064989747
70,-0.742916737852103,0.0457716608572201,NA,NA,-0.026540890292603,-0.241228655762495
80,-0.674117611194024,0.123300958463121,NA,NA,-0.109541884746883,-0.220119512492595
90,-0.608149017965486,0.193786396882138,NA,NA,-0.178504134827817,-0.197622251970388
100,-0.542964945403959,0.26129585167517,NA,NA,-0.232368380024838,-0.171345824584543
110,-0.478863221493041,0.327025803434661,NA,NA,-0.273251369503321,-0.141696262520567
120,-0.416237527662402,0.390424250233926,NA,NA,-0.308770675549136,-0.111527984325871
130,-0.355481545341715,0.45093919014628,NA,NA,-0.33924889099411,-0.0812637487298485
140,-0.296988955960653,0.508018621245038,NA,NA,-0.364604595162157,-0.0511916432925906
150,-0.241153440948886,0.561110541603517,NA,NA,-0.384756367377191,-0.0215997555741867
160,-0.188368681736087,0.60966294929503,NA,NA,-0.399622786963125,0.00722382686527275
170,-0.139028359751928,0.653123842392894,NA,NA,-0.409122433243873,0.0349910164656979
180,-0.0935261564260796,0.690941218970423,NA,NA,-0.413173885543348,0.0614137256669986
190,-0.052255753188215,0.722563077100934,NA,NA,-0.411695723185465,0.0862038669090848
200,-0.0156108314680057,0.747437414857741,NA,NA,-0.404606525494136,0.109073352631866
210,0.0160149273048765,0.76501223031416,NA,NA,-0.391824871793275,0.129734095275254
220,0.0422278417007594,0.774735521543505,NA,NA,-0.373269341406796,0.147898007279156
230,0.0626342302899714,0.776055286619092,NA,NA,-0.348858513658613,0.163277001083484
240,0.0778735982375235,0.768419523614237,NA,NA,-0.318510967872639,0.175927384659707
250,0.0931576418482098,0.752527450988492,NA,NA,-0.282145283372787,0.187846603154638
260,0.109196011899623,0.734718879744126,NA,NA,-0.239680039482971,0.201411617386926
270,0.125905339112711,0.716033201399306,NA,NA,-0.191835210998719,0.216701109837766
280,0.143202254208426,0.696559137964889,NA,NA,-0.144027337780713,0.231911351464201
290,0.161003387907715,0.67638541145173,NA,NA,-0.0972950593241408,0.246697913345101
300,0.179225370931529,0.655600743870685,NA,NA,-0.0516521446741731,0.26105799004268
310,0.197784834000817,0.634293857232608,NA,NA,-0.00711236287598194,0.274988776119148
320,0.216598407836529,0.612553473548357,NA,NA,0.0363105170252609,0.288487466136716
330,0.235582723159614,0.590468314828786,NA,NA,0.078602725984383,0.301551254657594
340,0.254654410691022,0.568127103084752,NA,NA,0.119750494956213,0.314177336243996
350,0.273730101151702,0.54561856032711,NA,NA,0.159740054895579,0.32636290545813
360,0.292726425262604,0.523031408566715,NA,NA,0.198557636757308,0.338105156862209
370,0.311560013744677,0.500454369814423,NA,NA,0.23618947149623,0.349401285018443
380,0.330147497318872,0.47797616608109,NA,NA,0.272621790067172,0.360248484489044
390,0.348185297698805,0.455685519377571,NA,NA,0.307840823424962,0.370570546833779
400,0.362160796828961,0.433671151714723,NA,NA,0.341832802524428,0.379221583689371
410,0.371123304568156,0.412420613665425,NA,NA,0.374583958320399,0.386042625517994
420,0.375390413441512,0.392790563698802,NA,NA,0.406080521767702,0.391420499636006
430,0.375279715974148,0.374778530763984,NA,NA,0.436237390995275,0.395431879244469
440,0.371108804691186,0.358355319043457,NA,NA,0.462793093435731,0.397419072390125
450,0.363195272117745,0.343491732719705,NA,NA,0.484787437350024,0.397158147395825
460,0.351856710778945,0.330158575975216,NA,NA,0.502376004403283,0.394797097052482
470,0.337410713199908,0.318326652992474,NA,NA,0.515714376260637,0.390483914151006
480,0.320174871905753,0.307966767953965,NA,NA,0.524958134587215,0.384366591482311
490,0.3004667794216,0.299049725042175,NA,NA,0.530262861048145,0.376593121837307
500,0.278604028272571,0.291546328439589,NA,NA,0.531784137308556,0.367311498006906
510,0.254904210983785,0.285427382328694,NA,NA,0.529677545033579,0.356669712782019
520,0.229684920080362,0.280663690891974,NA,NA,0.52409866588834,0.344815758953559
530,0.203263748087424,0.277226058311915,NA,NA,0.51520308153797,0.331897629312436
540,0.1759582185475,0.275085288771004,NA,NA,0.503146373647597,0.318063293655367
550,0.147985620757815,0.274212186451725,NA,NA,0.48808412388235,0.303427310363963
560,0.119282514791278,0.274566688882926,NA,NA,0.470171913907359,0.288007039193854
570,0.0897382510191532,0.273062683075464,NA,NA,0.449565325387751,0.27078875316079
580,0.0592421798127034,0.26745708307421,NA,NA,0.426419939988657,0.251039734291857
590,0.0276836515431927,0.257991463653576,NA,NA,0.400891339375204,0.228855484857324
600,-0.00504798341811527,0.244907399587974,NA,NA,0.374023126506097,0.204627514225319
610,-0.039063374699957,0.228446465651817,NA,NA,0.347023853614689,0.178802314855516
620,-0.0744731719310686,0.208850236619517,NA,NA,0.31993196915011,0.151436344612853
630,-0.111388024740187,0.186360287265487,NA,NA,0.292781895920722,0.122584719482008
640,-0.149918582756047,0.16121819236414,NA,NA,0.26560805673489,0.0923025554476608
650,-0.190175495607387,0.133665526689888,NA,NA,0.238444874400974,0.0606449684944917
660,-0.232269412922942,0.103943865017144,NA,NA,0.211326771727337,0.0276670746071797
670,-0.276310984331449,0.07229478212032,NA,NA,0.184288171522343,-0.0065760102295954
680,-0.322410859461644,0.0389598527738288,NA,NA,0.157363496594352,-0.0420291700311542
690,-0.370679687942263,0.00418065175208293,NA,NA,0.130587169751728,-0.0786372888128172
700,-0.419343002773647,-0.0318012461705049,NA,NA,0.103993613802834,-0.115716878380439
710,-0.464920261870424,-0.0687442662195223,NA,NA,0.0776172515560312,-0.152015758844638
720,-0.50733395652846,-0.1063348373642,NA,NA,0.0514925058196823,-0.187392096024326
730,-0.546587251802113,-0.143346056529943,NA,NA,0.0256537994021501,-0.221426502976635
740,-0.582683312745739,-0.179165955146566,NA,NA,0.000135555111797081,-0.253904570926836
750,-0.615625304413695,-0.213478850947275,NA,NA,-0.0250278042430145,-0.284710653201328
760,-0.64541639186034,-0.245969061665278,NA,NA,-0.0490084004590561,-0.313464617994891
770,-0.672059740140028,-0.276320905033782,NA,NA,-0.0692950774055897,-0.3392252408598
780,-0.695558514307119,-0.304218698785994,NA,NA,-0.0857821606523882,-0.361853124581834
790,-0.715915879415968,-0.329346760655121,NA,NA,-0.0985553766731923,-0.381272672248094
800,-0.733135000520933,-0.351389408374371,NA,NA,-0.107700451941743,-0.397408286945682
810,-0.747219042676371,-0.370030959676951,NA,NA,-0.11330311293178,-0.410184371761701
820,-0.758171170936639,-0.384955732296068,NA,NA,-0.115449086117045,-0.419525329783251
830,-0.765994550356094,-0.395848043964929,NA,NA,-0.114224097971278,-0.425355564097434
840,-0.770692345989094,-0.402392212416742,NA,NA,-0.109713874968221,-0.427599477791352
850,-0.772604918863234,-0.404272555384713,NA,NA,-0.102004143581613,-0.426293872609853
860,-0.773099194006463,-0.401173390602051,NA,NA,-0.0911806302851951,-0.421817738297903
870,-0.772211812547992,-0.392779035801961,NA,NA,-0.0773290615527084,-0.41410663663422
880,-0.769818041295946,-0.379732817954207,NA,NA,-0.0605351638578935,-0.403362007702682
890,-0.765793147058451,-0.365896097451915,NA,NA,-0.040884663674491,-0.390857969394952
900,-0.760012396643635,-0.351733911990553,NA,NA,-0.0184632874762415,-0.37673653203681
910,-0.752351056859623,-0.337271728630566,NA,NA,0.00664323826311441,-0.360993182409025
920,-0.742684394514541,-0.322535014432401,NA,NA,0.0341651659281912,-0.343684747672917
930,-0.730887676416516,-0.307549236456504,NA,NA,0.0623767888009691,-0.325353374690684
940,-0.716836169373674,-0.292339861763322,NA,NA,0.0908362575722775,-0.306113257854906
950,-0.700405140194141,-0.276932357413302,NA,NA,0.119497116951286,-0.285946793552053
960,-0.681469855686044,-0.261352190466891,NA,NA,0.148312911647164,-0.26483637816859
970,-0.659905582657508,-0.245624827984534,NA,NA,0.177237186369082,-0.242764408090987
980,-0.63558758791666,-0.229775737026679,NA,NA,0.20622348582621,-0.21971327970571
990,-0.608391138271627,-0.213830384653771,NA,NA,0.235225354727717,-0.195665389399227
1000,-0.57821708547259,-0.197814237926258,NA,NA,0.264196337782773,-0.170611661872025
1010,-0.545325857860933,-0.181752763904586,NA,NA,0.293089979700547,-0.144662880688324
1020,-0.509963935095843,-0.165671429649202,NA,NA,0.321859825190211,-0.117925179851611
1030,-0.472317781667447,-0.149595702220553,NA,NA,0.350459418960933,-0.0904846883090222
1040,-0.432573862065875,-0.133363937605764,NA,NA,0.378842305721884,-0.0623651646499184
1050,-0.390918640781254,-0.116827495268627,NA,NA,0.406962030182233,-0.0335947019558827
1060,-0.347538582303714,-0.100249838519934,NA,NA,0.43477213705115,-0.00433876125749925
1070,-0.302620151123382,-0.0839002444906309,NA,NA,0.462226171037804,0.0252352584745973
1080,-0.256349811730386,-0.0680479903116653,NA,NA,0.489265056910325,0.0549557516227579
1090,-0.208914028614856,-0.0529623531139826,NA,NA,0.515088226166544,0.0844039481459017
1100,-0.160499266266919,-0.0389126100285286,NA,NA,0.539332789748069,0.113306971150874
1110,-0.111291989176704,-0.02616803818625,NA,NA,0.562128896656088,0.141556289764378
1120,-0.0614786618343397,-0.0149979147180925,NA,NA,0.583606695891788,0.169043373113119
1130,-0.0112457487299539,-0.00567151675500221,NA,NA,0.603896336456355,0.195659690323799
1140,0.0392202856463249,0.0015418785720745,NA,NA,0.623127967350975,0.221296710523125
1150,0.0897281600604567,0.00637299413219172,NA,NA,0.641431737576837,0.245844297256495
1160,0.139756472492142,0.0085525527944032,NA,NA,0.658937796135125,0.269082273807224
1170,0.189051348441604,0.00781127742776305,NA,NA,0.675776292027029,0.290879639298799
1180,0.237619596283594,0.00387989090132496,NA,NA,0.692077374253733,0.311192287146217
1190,0.285468024392868,-0.00350036728633324,NA,NA,0.707971191816425,0.329979616307653
1200,0.332603441144177,-0.0136453255779401,NA,NA,0.723587893716292,0.34751533642751
1210,0.379032654912277,-0.0257582576023171,NA,NA,0.739057628954519,0.364110675421493
1220,0.42476247407192,-0.0394772033450591,NA,NA,0.754510546532296,0.379931939086385
1230,0.46979970699786,-0.0544402027917604,NA,NA,0.770076795450807,0.395145433218969
1240,0.51415116206485,-0.0702852959280159,NA,NA,0.785886524711239,0.409917463616025
1250,0.557823647647645,-0.0866505227394201,NA,NA,0.801745475330042,0.424306200079422
1260,0.600823972120998,-0.103173923211567,NA,NA,0.817136080333428,0.438262043080953
1270,0.643158943859662,-0.119493537330053,NA,NA,0.831958346920971,0.451874584483527
1280,0.684835371238391,-0.13524740508047,NA,NA,0.846118319257014,0.465235428471645
1290,0.725860062631939,-0.150073566448415,NA,NA,0.859522041505902,0.478436179229809
1300,0.766239826415058,-0.163610061419481,NA,NA,0.872075557831978,0.491568440942518
1310,0.804970128881028,-0.175494929979264,NA,NA,0.883684912399587,0.504386703767117
1320,0.840577092505757,-0.185366212113357,NA,NA,0.894256149373072,0.516489009921824
1330,0.873123819349267,-0.192861947807356,NA,NA,0.903695312916777,0.527985728152896
1340,0.902688807026553,-0.197620177046855,NA,NA,0.911908447195046,0.538992359058248
1350,0.929350553152607,-0.199366226440062,NA,NA,0.918801596372223,0.549595307694923
1360,0.953187555342421,-0.198772467524327,NA,NA,0.924280804612652,0.559565297476916
1370,0.97427831121099,-0.196242249305086,NA,NA,0.928252116080677,0.568762725995527
1380,0.992701318373306,-0.192002975582253,NA,NA,0.930621574940642,0.577106639243898
1390,1.00853507444436,-0.186282050155743,NA,NA,0.931295225356891,0.58451608321517
1400,1.02185807703915,-0.179306876825469,NA,NA,0.930179111493767,0.590910103902484
1410,1.03274882377267,-0.171304859391346,NA,NA,0.927719221817706,0.59638772873301
1420,1.04128581225991,-0.162503401653289,NA,NA,0.92596201271789,0.601581474441503
1430,1.04754754011586,-0.153129907411211,NA,NA,0.925022134929205,0.606479922544617
1440,1.05161250495551,-0.143411780465028,NA,NA,0.924792022458244,0.610997582316243
1450,1.05355920439387,-0.133576424614652,NA,NA,0.9251641093116,0.615048963030272
1460,1.05388504603825,-0.123851243659999,NA,NA,0.926030829495868,0.618688210624706
1470,1.05404240447475,-0.114463641400983,NA,NA,0.927284617017641,0.622287793363801
1480,1.05414390603856,-0.105641021637518,NA,NA,0.928817905883512,0.625773596761517
1490,1.05418561459085,-0.0976107881695191,NA,NA,0.930523130100076,0.629032652173803
1500,1.05416359399279,-0.0906003447968994,NA,NA,0.932292723673926,0.631951990956605
1510,1.05407390810552,-0.0846864203332842,NA,NA,0.934019120611656,0.634468869461299
1520,1.05391262079023,-0.0794387161732928,NA,NA,0.93559475491986,0.636689553178931
1530,1.05367579590805,-0.0747216980203262,NA,NA,0.936912060605131,0.638622052830952
1540,1.05335949732016,-0.0704347124788658,NA,NA,0.937863471674063,0.640262752171786
1550,1.05295978888772,-0.0664771061533931,NA,NA,0.938341422133249,0.641608034955858
1560,1.05247273447188,-0.0627482256483896,NA,NA,0.938238345989284,0.642654284937593
1570,1.05189439793382,-0.0591474175683367,NA,NA,0.937508202856754,0.643418394407411
1580,1.05122084313468,-0.055574028517716,NA,NA,0.936876759236005,0.644174524617656
1590,1.05044813393563,-0.0519274051010091,NA,NA,0.936700456790835,0.64507372854182
1600,1.04957233419784,-0.0481068939226973,NA,NA,0.937130040069902,0.646198493448348
1610,1.0482794341854,-0.0440118415872622,NA,NA,0.938316253621867,0.647527948740003
1620,1.0439977255905,-0.0395415946991853,NA,NA,0.940409841995389,0.648288657628902
1630,1.03620895626474,-0.0345954998629481,NA,NA,0.943561549739127,0.648391668713641
1640,1.02498117585421,-0.029072903683032,NA,NA,0.947922121401741,0.647943464524305
1650,1.01038243400497,-0.0228731527639187,NA,NA,0.953642301531889,0.647050527590979
1660,0.992480780363101,-0.0158955937100894,NA,NA,0.960872834678232,0.645819340443748
1670,0.971344264574687,-0.00829603335621665,NA,NA,0.969764465389428,0.644270898869299
1680,0.947040936285801,-0.000313685256615959,NA,NA,0.980467938214137,0.642398396414441
1690,0.919638845142519,0.00815897775458829,NA,NA,0.993133997701018,0.640310606866042
1700,0.889206040790919,0.0172313335757366,NA,NA,1.00791338839873,0.638116920921795
1710,0.855810572877077,0.0270127601051697,NA,NA,1.02495685485593,0.635926729279393
1720,0.819520491047069,0.0376126352412283,NA,NA,1.04441514162129,0.633849422636528
1730,0.780403844946973,0.0491403368822527,NA,NA,1.06642565126963,0.631989944366284
1740,0.738528684222866,0.0617052429265836,NA,NA,1.08861588644905,0.629616604532833
1750,0.693963058520822,0.0754167312725618,NA,NA,1.10917950660784,0.62618643213374
1760,0.646874579136364,0.0903841798185277,NA,NA,1.12815151356884,0.621803424174577
1770,0.600987569195011,0.106716966462822,NA,NA,1.1455669091549,0.617757148270912
1780,0.558093571882089,0.124524469103785,NA,NA,1.16146069518888,0.614692912058252
1790,0.51809652755956,0.143916065639758,NA,NA,1.17586787349362,0.612626822230979
1800,0.480900376589386,0.165001133969081,NA,NA,1.18882344589197,0.611574985483478
1810,0.44640905933353,0.187889051990095,NA,NA,1.20036241420677,0.611553508510132
1820,0.414526516153953,0.212652781941114,NA,NA,1.21051978026088,0.612566359451984
1830,0.385156687412619,0.237981364722444,NA,NA,1.21933054587715,0.614156199337405
1840,0.358203513471488,0.263039426042304,NA,NA,1.22682971287842,0.616024217464072
1850,0.333570934692524,0.287643136322489,NA,NA,1.23305228308755,0.618088784700854
1860,0.311162891437688,0.311608665984796,NA,NA,1.23803325832738,0.620268271916621
1870,0.290883324068943,0.334752185451023,NA,NA,1.24180764042076,0.622481049980241
1880,0.27263617294825,0.356889865142966,NA,NA,1.24441043119054,0.624645489760584
1890,0.256325378437572,0.377837875482423,NA,NA,1.24587663245956,0.62667996212652
1900,0.241854880898871,0.397412386891191,NA,NA,1.24610356672429,0.628456944838119
1910,0.22912862069411,0.415429569791066,NA,NA,1.24481208853775,0.629790093007643
1920,0.21704280196447,0.431705594603846,NA,NA,1.24195352259126,0.630233973053192
1930,0.204483118676844,0.446056631751327,NA,NA,1.23748607564018,0.629341942022783
1940,0.19165007646662,0.458298851655307,NA,NA,1.23136795443987,0.627105627520597
1950,0.178746727923637,0.468248424737582,NA,NA,1.22355736574568,0.623517506135633
1960,0.165976125637736,0.47572152141995,NA,NA,1.21401251631298,0.618570054456889
1970,0.153541322198755,0.480534312124207,NA,NA,1.20269161289713,0.612255749073364
1980,0.141645370196535,0.482649236366798,NA,NA,1.18955286225348,0.604615822938938
1990,0.130491322220915,0.483085914368622,NA,NA,1.1745544711374,0.596043902575645
2000,0.120282230861735,0.482246147439009,NA,NA,1.15765464630424,0.586727674868327
2010,0.111221148708833,0.480338226839713,NA,NA,1.13881159450936,0.576790323352634
2020,0.10351112835205,0.477570443832489,NA,NA,1.11798352250812,0.56635503156422
2030,0.0973552223812262,0.474151089679093,NA,NA,1.09512863705588,0.555544983038733
2040,0.0929564833861999,0.470288455641278,NA,NA,1.070205144908,0.544483361311826
2050,0.0905179639568112,0.466190832980801,NA,NA,1.04317125281984,0.53329334991915
2060,0.0902427166828996,0.462066512959415,NA,NA,1.01455211044127,0.522287113361196
2070,0.0923194279948095,0.458123786838876,NA,NA,0.987197334023136,0.51254684961894
2080,0.0966201102696553,0.454570945880939,NA,NA,0.961590531053181,0.504260529067925
2090,0.102760385224362,0.451616281347358,NA,NA,0.937830910516211,0.497402525695977
2100,0.110350255783298,0.449468084499888,NA,NA,0.916017681397033,0.491945340560073
2110,0.118999724870831,0.448334646600284,NA,NA,0.896250052680449,0.487861474717188
2120,0.12831879541133,0.448424258910302,NA,NA,0.878627233351264,0.485123429224299
2130,0.137917470329162,0.449945212691695,NA,NA,0.863248432394284,0.48370370513838
2140,0.147405752548697,0.453099855516803,NA,NA,0.850212858794312,0.483572822286604
2150,0.156393644994302,0.45792360365963,NA,NA,0.839619721536153,0.484645656730028
2160,0.164491150590345,0.464309728710659,NA,NA,0.831568229604612,0.486789702968539
2170,0.171308272261196,0.472148215935766,NA,NA,0.826157591984492,0.489871360060484
2180,0.176455012931221,0.481329050600824,NA,NA,0.823487017660599,0.493757027064215
2190,0.179541375524789,0.491742217971711,NA,NA,0.823655715617737,0.498313103038079
2200,0.180177362966269,0.503277703314301,NA,NA,0.826762894840711,0.503405987040427
2210,0.177972978180029,0.515825491894469,NA,NA,0.832907764314325,0.508902078129608
2220,0.172594474817612,0.529275568978092,NA,NA,0.842003924928892,0.514624656241532
2230,0.164318588427062,0.543517919831044,NA,NA,0.85083996921618,0.519558825824762
2240,0.153618584947239,0.5584425297192,NA,NA,0.858251150956586,0.523437421874342
2250,0.140941057901268,0.573939383908437,NA,NA,0.86428002746616,0.526386823091955
2260,0.126732600812273,0.589898467664629,NA,NA,0.868969156060954,0.528533408179285
2270,0.111439807203379,0.606209766253651,NA,NA,0.872361094057017,0.530003555838016
2280,0.0955092705977105,0.62276326494138,NA,NA,0.874498398770399,0.53092364476983
2290,0.0793875845183919,0.639448948993691,NA,NA,0.875423627517152,0.531420053676412
2300,0.0635213424885475,0.656006707727939,NA,NA,0.875179337613325,0.531569129276604
2310,0.0483571380313019,0.672141184225366,NA,NA,0.87380808637497,0.531435469543879
2320,0.0343415646697796,0.687703200783255,NA,NA,0.871352431118136,0.531132398857057
2330,0.0219212159271049,0.702543615923888,NA,NA,0.867854929158873,0.530773253669955
2340,0.0115426853264024,0.716513288169547,NA,NA,0.863358137813233,0.530471370436394
2350,0.00365256639079661,0.729463076042513,NA,NA,0.857904614397265,0.530340085610192
2360,-0.00130254735658819,0.74124383806507,NA,NA,0.851536916227021,0.530492735645167
2370,-0.00294039383678343,0.751706432759498,NA,NA,0.844297600618549,0.531021213180421
2380,-0.00241396505511807,0.760701718648079,NA,NA,0.836229261225802,0.531505671606255
2390,-0.000496992760301074,0.768080554253096,NA,NA,0.827521676808753,0.531701746100516
2400,0.00254942854383607,0.773693798096831,NA,NA,0.818331403747517,0.531524876796061
2410,0.00646420435346184,0.777392308701564,NA,NA,0.808664951621204,0.53084048822541
2420,0.0109862401647448,0.779026944589579,NA,NA,0.798528830008923,0.529514004921082
2430,0.0158544414738533,0.778448564283158,NA,NA,0.787929548489784,0.527410851415598
2440,0.020807713776956,0.775508026304581,NA,NA,0.776873616642895,0.524396452241477
2450,0.0255849625702213,0.770132001743876,NA,NA,0.765367544047367,0.520361502787155
2460,0.0299250933498178,0.763883916360835,NA,NA,0.753417840282308,0.515742283330987
2470,0.0335670116119139,0.757452465587469,NA,NA,0.741031014926827,0.510683497375403
2480,0.0362496228526782,0.750860120415058,NA,NA,0.728213577560034,0.505107773609257
2490,0.0377118325682791,0.744129351834882,NA,NA,0.714972037761038,0.4989377407214
2500,0.0376925462548852,0.737282630838221,NA,NA,0.701312905108949,0.492096027400685
2510,0.0359306694086649,0.730342428416355,NA,NA,0.687242689182875,0.484505262335965
2520,0.0321651687416499,0.723331215560564,NA,NA,0.672767899561926,0.47608809462138
2530,0.0264524404655205,0.716271463262127,NA,NA,0.657895045825211,0.466872983184286
2540,0.0190623043571596,0.709185642512325,NA,NA,0.642630637551839,0.456959528140441
2550,0.0100770746005867,0.702096224302438,NA,NA,0.626675064270949,0.446282787724658
2560,-0.000420934620178462,0.695025679623745,NA,NA,0.609377861134709,0.434660868712759
2570,-0.0123494091211166,0.687996479467527,NA,NA,0.590888571479507,0.422178547275306
2580,-0.025626034718208,0.681031094825063,NA,NA,0.571392615634257,0.408932558580371
2590,-0.0401684972274332,0.674151996687633,NA,NA,0.551075413927876,0.395019637796025
2600,-0.0558944824647726,0.667381656046518,NA,NA,0.530122386689278,0.380536520090341
2610,-0.0727216762462067,0.660640571955404,NA,NA,0.508718954247381,0.365545949985526
2620,-0.090567764387716,0.65346437840028,NA,NA,0.487050536931098,0.349982383647887
2630,-0.109350432705281,0.646007149252819,NA,NA,0.465302555069347,0.333986423872295
2640,-0.128987367014882,0.63852196209329,NA,NA,0.443660428991043,0.317731674689817
2650,-0.149396253132499,0.631261894501959,NA,NA,0.422309579025101,0.30139174013152
2660,-0.170494776874114,0.624480024059095,NA,NA,0.401435425500436,0.285140224228473
2670,-0.192200624055706,0.618429428344964,NA,NA,0.381223388745966,0.269150731011741
2680,-0.213713918727153,0.613363184939834,NA,NA,0.361858889090605,0.253836051767762
2690,-0.233362816058798,0.609534371423972,NA,NA,0.343527346863269,0.239899634076148
2700,-0.250986153080229,0.607196065377646,NA,NA,0.326414182392874,0.227541364896764
2710,-0.266478842038351,0.606601344381124,NA,NA,0.310677060217436,0.216933187520069
2720,-0.27973579518007,0.608003286014672,NA,NA,0.29625957795187,0.208175689595491
2730,-0.290651924752291,0.611654967858558,NA,NA,0.283148032674984,0.201383691927084
2740,-0.299122143001919,0.61780946749305,NA,NA,0.271352399952926,0.196679908148019
2750,-0.305041362175861,0.626719862498415,NA,NA,0.260882655351846,0.194187051891467
2760,-0.308304494521021,0.63863923045492,NA,NA,0.251748774437892,0.194027836790597
2770,-0.308806452284307,0.65280329551086,NA,NA,0.243960732777215,0.195985858667923
2780,-0.306442147712622,0.666996903777639,NA,NA,0.237528505935962,0.19936108733366
2790,-0.301106493052872,0.680958746329514,NA,NA,0.232462069480284,0.204104774252308
2800,-0.292694400551964,0.694503780627767,NA,NA,0.228771398976328,0.210193593017377
2810,-0.281100782456802,0.707446964133678,NA,NA,0.226466469990246,0.217604217222374
2820,-0.266220551014293,0.71960325430853,NA,NA,0.225557258088185,0.226313320460807
2830,-0.248758014356482,0.730787608613603,NA,NA,0.226053738836295,0.236027777697805
2840,-0.232652796942774,0.74081498451018,NA,NA,0.227965887800725,0.24537602512271
2850,-0.218348395493765,0.749500339459541,NA,NA,0.231303680547624,0.2541518748378
2860,-0.205732380437668,0.756658630922969,NA,NA,0.236077092643141,0.262334447709481
2870,-0.194692322202695,0.762104816361744,NA,NA,0.242254858792648,0.269889117650566
2880,-0.185115791217059,0.765653853237147,NA,NA,0.248691170041987,0.276409744020692
2890,-0.176890357908973,0.767120699010461,NA,NA,0.254872303288522,0.281700881463337
2900,-0.169903592706651,0.766320311142967,NA,NA,0.260810830986161,0.285742516474159
2910,-0.164043066038305,0.763067647095946,NA,NA,0.266519325588813,0.288514635548818
2920,-0.159196348332147,0.757179290091964,NA,NA,0.272010359550386,0.289997767103401
2930,-0.155251010016392,0.749309315633135,NA,NA,0.277296505324788,0.290451603647177
2940,-0.152094621519252,0.740098627169441,NA,NA,0.282390335365927,0.290131447005372
2950,-0.14961475326894,0.729543404699612,NA,NA,0.287304422127712,0.289077691186128
2960,-0.147698975693669,0.71763982822238,NA,NA,0.292051338064051,0.287330730197587
2970,-0.146234859221652,0.704384077736476,NA,NA,0.296643655628853,0.284930958047892
2980,-0.145036985077972,0.68977233324063,NA,NA,0.301093947276024,0.281943098479561
2990,-0.143015121130174,0.673800774733573,NA,NA,0.305414785459474,0.278733479687624
3000,-0.139994782110961,0.656465582214036,NA,NA,0.309618742633112,0.275363180912062
3010,-0.136179652727819,0.63776293568075,NA,NA,0.313718391250844,0.271767224734592
3020,-0.131773417688235,0.617689015132445,NA,NA,0.31772630376658,0.26788063373693
3030,-0.126979761699696,0.596240000567854,NA,NA,0.321655052634227,0.263638430500795
3040,-0.122002369469688,0.573412071985706,NA,NA,0.326267521903516,0.259225741473178
3050,-0.117044925705697,0.549201409384732,NA,NA,0.332334031884889,0.254830171854641
3060,-0.112311115115211,0.523604192763663,NA,NA,0.339645735102271,0.250312937583574
3070,-0.108004622405715,0.49661660212123,NA,NA,0.3479918875165,0.245534622410672
3080,-0.104329132284697,0.468403839665871,NA,NA,0.357161745088416,0.240412150823197
3090,-0.101488329459642,0.441449346274856,NA,NA,0.366944563778856,0.235635193531357
3100,-0.0996858986380367,0.416608361858567,NA,NA,0.377129599548659,0.23135068758973
3110,-0.0991255245273685,0.393921564191007,NA,NA,0.387506108358664,0.227434049340767
3120,-0.100010891835123,0.373429631046177,NA,NA,0.397863346169709,0.223760695126921
3130,-0.102549192912274,0.355173240198081,NA,NA,0.407990568942632,0.220204872076146
3140,-0.107491267579059,0.339193069420721,NA,NA,0.417677032638272,0.216459611493311
3150,-0.115040410577499,0.3255297964881,NA,NA,0.426711993217468,0.212400459709356
3160,-0.124830853789679,0.31422409917422,NA,NA,0.434884706641058,0.2080926506752
3170,-0.136496829097686,0.305316655253084,NA,NA,0.441984428869881,0.20360141834176
3180,-0.149672568383607,0.298848142498695,NA,NA,0.447800415864774,0.198991996659954
3190,-0.163992303529528,0.294859238685056,NA,NA,0.452121923586577,0.194329619580701
3200,-0.179090266417536,0.293390621586168,NA,NA,0.455113716175819,0.18980469044815
3210,-0.194600688929719,0.294482968976035,NA,NA,0.457776518400751,0.185886266149023
3220,-0.210157802948161,0.29817695862866,NA,NA,0.460133937632173,0.182717697770891
3230,-0.225395840354951,0.304513268318044,NA,NA,0.462134590669891,0.180417339544328
3240,-0.239949033032174,0.312578644435218,NA,NA,0.463727094313713,0.178785568572252
3250,-0.253451612861917,0.318229065455611,NA,NA,0.464860065363443,0.176545839319046
3260,-0.265537811726268,0.32114136507164,NA,NA,0.46548212061889,0.173695224654754
3270,-0.275841861507311,0.32150475668841,NA,NA,0.46554187687986,0.170401590686986
3280,-0.283997994087135,0.319508453711025,NA,NA,0.464987950946159,0.16683280352335
3290,-0.289795904433008,0.315341669544593,NA,NA,0.463768959617595,0.16310490824306
3300,-0.29348350080522,0.309193617594216,NA,NA,0.461833519693974,0.15918121216099
3310,-0.295294007366017,0.301253511265002,NA,NA,0.459130247975102,0.155029917291363
3320,-0.295457742377812,0.291710563962056,NA,NA,0.455607761260787,0.150620194281677
3330,-0.29420502410302,0.280753989090483,NA,NA,0.451214676350836,0.145921213779433
3340,-0.291766170804054,0.268573000055387,NA,NA,0.445899610045054,0.140902146432129
3350,-0.288371500743329,0.255356810261876,NA,NA,0.439611179143248,0.135532162887265
3360,-0.284251332183257,0.241294633115054,NA,NA,0.432361442730733,0.129801581220843
3370,-0.279635983386253,0.226575682020026,NA,NA,0.424672021434298,0.123870573356024
3380,-0.274755772614732,0.211389170381898,NA,NA,0.416730236255889,0.117787878007685
3390,-0.269841018131106,0.195924311605775,NA,NA,0.408611322217659,0.111564871897443
3400,-0.26512203819779,0.181645472155679,NA,NA,0.400390514341762,0.105637982766551
3410,-0.260829151077197,0.170776056784804,NA,NA,0.392143047650354,0.10069665111932
3420,-0.257192675031741,0.163146027960387,NA,NA,0.383944157165588,0.0966325033647444
3430,-0.254442928323837,0.158539972189834,NA,NA,0.375869077909618,0.0933220405918715
3440,-0.252159567749372,0.156742475980551,NA,NA,0.367993044904599,0.0908586510452593
3450,-0.247874629127764,0.157538125839945,NA,NA,0.360391293172685,0.0900182632949553
3460,-0.241298455291098,0.160711508275421,NA,NA,0.35313905773603,0.0908507035734512
3470,-0.232402163060804,0.166047209794386,NA,NA,0.346311573616789,0.0933188734501238
3480,-0.221156869258313,0.173329816904247,NA,NA,0.339984075837116,0.0973856744943499
3490,-0.207533690705054,0.182343916112408,NA,NA,0.334231799419164,0.103014008275506
3500,-0.191503744222458,0.192874093926277,NA,NA,0.329129979385089,0.11016677636297
3510,-0.173038146631954,0.20470493685326,NA,NA,0.324753850757045,0.118806880326117
3520,-0.152108014754973,0.217621031400762,NA,NA,0.321162735782597,0.128891917476129
3530,-0.128684465412944,0.231406964076191,NA,NA,0.317608367771677,0.140110288811641
3540,-0.102738615427298,0.245847321386951,NA,NA,0.313702532847187,0.152270412935613
3550,-0.0742415816194651,0.260719144050476,NA,NA,0.309521110053802,0.165332890828271
3560,-0.0431644808108748,0.275077452835813,NA,NA,0.305139978436195,0.179017650153711
3570,-0.00947842982295738,0.288308416910961,NA,NA,0.300635017039041,0.193155001375682
3580,0.0268454545228572,0.300314063422793,NA,NA,0.296082104907015,0.207747207617555
3590,0.0655754467459927,0.310996419518186,NA,NA,0.29155712108479,0.222709662449656
3600,0.10395368912362,0.320257512344012,NA,NA,0.287135944617041,0.237115715361558
3610,0.141092810256902,0.327999369047147,NA,NA,0.282894454548443,0.250662211284164
3620,0.176815957424774,0.334124016774464,NA,NA,0.278908529923668,0.263282834707636
3630,0.210946277906173,0.33853348267284,NA,NA,0.275254049787393,0.274911270122135
3640,0.243306918980034,0.341129793889147,NA,NA,0.272006893184291,0.285481202017824
3650,0.273721027925292,0.341814977570261,NA,NA,0.269242939159036,0.294926314884863
3660,0.302011752020885,0.340491060863056,NA,NA,0.267038066756303,0.303180293213415
3670,0.328002238545747,0.337060070914407,NA,NA,0.265468155020766,0.31017682149364
3680,0.351515634778815,0.331424034871188,NA,NA,0.2646090829971,0.315849584215701
3690,0.372375087999024,0.323484979880273,NA,NA,0.263494616530887,0.319784894803395
3700,0.39040374548531,0.313144933088538,NA,NA,0.260541165741072,0.321363281438307
3710,0.405424754516609,0.3004173262778,NA,NA,0.255658585277148,0.320500222023853
3720,0.417261262371857,0.286460128968256,NA,NA,0.248772146200585,0.317497845846899
3730,0.42573641632999,0.271758920205851,NA,NA,0.23980711957285,0.31243415203623
3740,0.430693059339623,0.256508909083523,NA,NA,0.228688776455414,0.30529691495952
3750,0.433256084707053,0.240905304694213,NA,NA,0.215342387909744,0.29650125910367
3760,0.434247266562101,0.225143316130857,NA,NA,0.19969322499731,0.286361269230089
3770,0.433789757842943,0.209418152486395,NA,NA,0.181666558779581,0.27495815636964
3780,0.432006711487754,0.193925022853765,NA,NA,0.161187660318025,0.262373131553181
3790,0.429021280434711,0.178859136325905,NA,NA,0.138181800674111,0.248687405811576
3800,0.424956617621989,0.164415701995754,NA,NA,0.112574250909309,0.233982190175684
3810,0.419935875987764,0.15078992895625,NA,NA,0.0842902820850863,0.218338695676367
3820,0.414082208470211,0.138177026300332,NA,NA,0.0532551652629129,0.201838133344485
3830,0.407518768007507,0.126772203120939,NA,NA,0.0193941715042574,0.184561714210901
3840,0.400368707537828,0.116770668511007,NA,NA,-0.0173674281294114,0.166590649306475
3850,0.392755179999349,0.108367631563478,NA,NA,-0.0556448942181007,0.148492639114909
3860,0.384801338330246,0.101758301371287,NA,NA,-0.0900580565400166,0.132167194387172
3870,0.376630335468695,0.0971845719228949,NA,NA,-0.120228798740578,0.117862036217004
3880,0.368365324352872,0.0948695047044915,NA,NA,-0.146306154593856,0.105642891487836
3890,0.360129457920953,0.0947213924301273,NA,NA,-0.168439157873921,0.095470564159053
3900,0.351768078049704,0.0966272014288331,NA,NA,-0.186776842354844,0.087206145707898
3910,0.342896317443203,0.100473898029639,NA,NA,-0.201468241810695,0.080633991220716
3920,0.33344923456896,0.106148448561577,NA,NA,-0.212662390015545,0.0756450977049973
3930,0.323364589330447,0.113537819353676,NA,NA,-0.220508320743465,0.0721313626468861
3940,0.312580141631139,0.122528976734967,NA,NA,-0.225155067768525,0.0699846835325271
3950,0.301033651374509,0.133008887034481,NA,NA,-0.226751664864796,0.0690969578480646
3960,0.288662878464031,0.144864516581248,NA,NA,-0.22544714580635,0.0693600830796433
3970,0.275405582803178,0.1579828317043,NA,NA,-0.221390544367255,0.0706659567134074
3980,0.261199524295423,0.172250798732666,NA,NA,-0.214730894321584,0.0729064762355016
3990,0.24598246284424,0.187555383995377,NA,NA,-0.205617229443407,0.0759735391320702
4000,0.229692158353103,0.203783553821465,NA,NA,-0.194198583506794,0.0797590428892578
4010,0.212266370725485,0.220822274539958,NA,NA,-0.180742404362347,0.0841154136343654
4020,0.193642859864859,0.238558512479889,NA,NA,-0.166709813977517,0.0884971861224102
4030,0.1737593856747,0.25625383011716,NA,NA,-0.152544600109312,0.092489538560849
4040,0.15255370805848,0.272904387656292,NA,NA,-0.138308280757798,0.0957166049856578
4050,0.130557420915441,0.288390587764975,NA,NA,-0.124062373923041,0.0982952115857916
4060,0.109644207616078,0.30259952608829,NA,NA,-0.109868397605105,0.100791778699754
4070,0.0899786434997722,0.315418298271319,NA,NA,-0.0957878698040574,0.103203023989011
4080,0.0715852266207025,0.326733999959144,NA,NA,-0.0818823085199634,0.105478972686628
4090,0.0544884550330473,0.336433726796846,NA,NA,-0.0682132317528888,0.107569650025668
4100,0.0387128267909851,0.344404574429507,NA,NA,-0.0548421575028994,0.109425081239198
4110,0.0242828399486944,0.350533638502209,NA,NA,-0.0418306037700609,0.110995291560281
4120,0.0112229925603538,0.354708014660034,NA,NA,-0.029240088554439,0.112230306221983
4130,-0.000442217319858124,0.356814798548062,NA,NA,-0.0171321298560996,0.113080150457368
4140,-0.0106882916377629,0.356741085811377,NA,NA,-0.00556824567510825,0.113494849499502
4150,-0.0194907323391819,0.354373972095059,NA,NA,0.00539004598846923,0.113424428581449
4160,-0.0268250413699367,0.349600553044191,NA,NA,0.015681227134567,0.112818912936274
4170,-0.0326667206758486,0.342307924303853,NA,NA,0.0252363323452747,0.111625845324426
4180,-0.0369912722027392,0.332389453170105,NA,NA,0.0330615148617125,0.109486565276359
4190,-0.0397741978964299,0.320106494720304,NA,NA,0.038654769623643,0.106329022149172
4200,-0.0410379858297403,0.305884592418415,NA,NA,0.0422505203423063,0.102365708976994
4210,-0.041098977531722,0.290054391141512,NA,NA,0.0440831907289427,0.0976795347795777
4220,-0.039940317685562,0.272946535766671,NA,NA,0.0443872044947923,0.092464474191967
4230,-0.0374635815522996,0.254891671170965,NA,NA,0.0433969853510953,0.0869416916565868
4240,-0.0335703443929743,0.236220442231469,NA,NA,0.0413469570090918,0.0813323516158621
4250,-0.0281621814686255,0.217263493825257,NA,NA,0.0384715431800221,0.075857618512218
4260,-0.0211406680402927,0.198351470829406,NA,NA,0.0350051675751262,0.0707386567880797
4270,-0.0124073793690152,0.179815018120988,NA,NA,0.0311822539056444,0.0661966308858723
4280,-0.00186389071583248,0.161984780577078,NA,NA,0.0272372258828169,0.0624527052480209
4290,0.010588222658216,0.145191403074752,NA,NA,0.0234045072178837,0.0597280443169506
4300,0.0250473854920908,0.129765530491083,NA,NA,0.0199185216220851,0.0582438125350865
4310,0.0416120225247526,0.116037807703147,NA,NA,0.0170136928066612,0.0582211743448537
4320,0.0603805584951618,0.104338879588018,NA,NA,0.0149244444828522,0.0598812941886774
4330,0.0814514181422792,0.0949993910227705,NA,NA,0.0138852003618983,0.0634453365089827
4340,0.104923026205065,0.0883222167227232,NA,NA,0.0138158279402532,0.0690203569560138
4350,0.130805269446062,0.0842247545371867,NA,NA,0.0142066450309897,0.076412223004746
4360,0.156317161181788,0.0824505795195403,NA,NA,0.015001874649331,0.0845898717835529
4370,0.180050444259373,0.0827590458425228,NA,NA,0.0161579207488084,0.0929891369502347
4380,0.201942459861553,0.0849095076788732,NA,NA,0.0176311872829529,0.101494384941126
4390,0.221930549171063,0.0886613192013306,NA,NA,0.0193780782052958,0.109989982192563
4400,0.239952053370639,0.0937738345826338,NA,NA,0.021354997469368,0.11836029514088
4410,0.255944313643015,0.100006407995522,NA,NA,0.023518349028701,0.126489690222413
4420,0.269844671170928,0.107118393612734,NA,NA,0.0258245368368257,0.134262533873496
4430,0.281590467137113,0.114869145607008,NA,NA,0.0282299648472733,0.141563192530465
4440,0.291119042724304,0.123018018151085,NA,NA,0.030691037013575,0.148276032629655
4450,0.298367739115238,0.131324365417702,NA,NA,0.0331641572892619,0.154285420607401
4460,0.303273897492649,0.139547541579599,NA,NA,0.0356057296278652,0.159475722900038
4470,0.305774859039274,0.147446900809514,NA,NA,0.0379721579829161,0.163731305943901
4480,0.305807964937847,0.154781797280187,NA,NA,0.0402198463079456,0.166936536175326
4490,0.303310556371103,0.161311585164357,NA,NA,0.042305198556485,0.168975780030648
4500,0.298219974521779,0.166744306675856,NA,NA,0.0445551330530274,0.169839804750221
4510,0.290358219523086,0.170783324005558,NA,NA,0.0486268800956488,0.169922807874764
4520,0.279610483536963,0.173364573664166,NA,NA,0.0545902594035517,0.169188438868227
4530,0.266035013285303,0.174435908508881,NA,NA,0.0622873038150518,0.167586075203079
4540,0.249690195213277,0.173945181396903,NA,NA,0.0715600461684651,0.165065140926215
4550,0.230634415766058,0.171840245185432,NA,NA,0.0822505193021074,0.161575060084532
4560,0.208926061388816,0.168068952731668,NA,NA,0.0942007560542945,0.157065256724926
4570,0.184623518526724,0.162579156892813,NA,NA,0.107252789263342,0.151485154894293
4580,0.157785173624954,0.155318710526065,NA,NA,0.121248651767567,0.144784178639529
4590,0.128469413128678,0.146235466488625,NA,NA,0.136030376405284,0.136911752007529
4600,0.0967346234830684,0.135277277637693,NA,NA,0.151439996014809,0.12781729904519
4610,0.0626391911332961,0.12239199683047,NA,NA,0.167319543434459,0.117450243799408
4620,0.0262415025245335,0.107527476924156,NA,NA,0.183511051502548,0.105760010317079
4630,-0.0124000558980475,0.0906315707759508,NA,NA,0.199856553057393,0.0926960226450989
4640,-0.0532270976892749,0.0716521312430546,NA,NA,0.216198080937311,0.0782077048303634
4650,-0.0961812364039767,0.0505370111826677,NA,NA,0.232377667980615,0.0622444809197688
4660,-0.140087818180457,0.0275391843862203,NA,NA,0.248141212755253,0.0451975263203387
4670,-0.181994381416287,0.00315475248245523,NA,NA,0.261855653229184,0.0276720080984506
4680,-0.221663496504353,-0.0223532410894873,NA,NA,0.273056320917978,0.00967986110804567
4690,-0.259003380627528,-0.0487220191368249,NA,NA,0.281838687377863,-0.00862890412883002
4700,-0.293922250968681,-0.075688804466775,NA,NA,0.288298224165065,-0.0271042770901303
4710,-0.326328324710684,-0.102990819886555,NA,NA,0.292530402835812,-0.045596247253809
4720,-0.356129819036408,-0.130365288203383,NA,NA,0.294630694946331,-0.0639548040978201
4730,-0.383234951128724,-0.157549432224475,NA,NA,0.294694572052847,-0.0820299371001174
4740,-0.407551938170503,-0.18428047475705,NA,NA,0.292817505711589,-0.0996716357386547
4750,-0.428988997344615,-0.210295638608325,NA,NA,0.289094967478782,-0.116729889491386
4760,-0.447454345833932,-0.235332146585518,NA,NA,0.283622428910654,-0.133054687836265
4770,-0.462856200821324,-0.259127221495845,NA,NA,0.276495361563432,-0.148496020251246
4780,-0.475102779489663,-0.281418086146526,NA,NA,0.267809236993342,-0.162903876214282
4790,-0.48410229902182,-0.301941963344775,NA,NA,0.257659526756611,-0.176128245203328
4800,-0.489762976600666,-0.320436075897813,NA,NA,0.246141702409466,-0.188019116696338
4810,-0.492218207336032,-0.336662127645578,NA,NA,0.233351235508135,-0.198509699824492
4820,-0.492748454838312,-0.351016646223229,NA,NA,0.219383168497317,-0.208127310854741
4830,-0.491541237985381,-0.363688891215334,NA,NA,0.203870346164476,-0.217119927678747
4840,-0.48856125093546,-0.37462754094282,NA,NA,0.186511990434273,-0.225558933814669
4850,-0.48377318784677,-0.383781273726613,NA,NA,0.167422689492017,-0.233377257360455
4860,-0.477141742877532,-0.391098767887639,NA,NA,0.146717031523016,-0.240507826414052
4870,-0.468631610185966,-0.396528701746826,NA,NA,0.124509604712579,-0.246883569073404
4880,-0.458207483930294,-0.400019753625099,NA,NA,0.100914997246013,-0.25243741343646
4890,-0.445834058268735,-0.401520601843385,NA,NA,0.076047797308627,-0.257102287601165
4900,-0.431476027359512,-0.400979924722611,NA,NA,0.0500225930857282,-0.260811119665465
4910,-0.415098085360844,-0.398346400583703,NA,NA,0.0229539727626251,-0.263496837727307
4920,-0.396664926430952,-0.393568707747587,NA,NA,-0.00504347547537418,-0.265092369884638
4930,-0.376141244728057,-0.38659552453519,NA,NA,-0.0338551634429617,-0.265530644235403
4940,-0.353491734410381,-0.377375529267439,NA,NA,-0.063366502954829,-0.26474458887755
4950,-0.328681089636143,-0.36585740026526,NA,NA,-0.0934629058256684,-0.262667131909024
4960,-0.301713732248028,-0.351989815849579,NA,NA,-0.124029783870172,-0.259244443989259
4970,-0.273398911609366,-0.336097438855868,NA,NA,-0.15495254890303,-0.254816299789421
4980,-0.244215746179618,-0.320384578714856,NA,NA,-0.186116612738937,-0.250238979211137
4990,-0.214360507112885,-0.305175192986286,NA,NA,-0.216895997169073,-0.245477232422748
5000,-0.184029465563271,-0.29041722405119,NA,NA,-0.246045240823465,-0.240163976812642
5010,-0.153418892684876,-0.276058614290602,NA,NA,-0.273506017250096,-0.234327841408525
5020,-0.122725059631804,-0.262047306085558,NA,NA,-0.299268885495454,-0.228013750404272
5030,-0.0921442375581567,-0.248331241817091,NA,NA,-0.32332440460603,-0.221266627993759
5040,-0.0618726976180366,-0.234858363866234,NA,NA,-0.345663133628313,-0.214131398370861
5050,-0.0321067109655458,-0.221576614614023,NA,NA,-0.366275631608793,-0.206652985729454
5060,-0.00304254875478677,-0.208433936441492,NA,NA,-0.38515245759396,-0.198876314263413
5070,0.0251235178601384,-0.195378271729673,NA,NA,-0.402284170630304,-0.190846308166613
5080,0.0521952177251272,-0.182357562859602,NA,NA,-0.417661329764315,-0.18260789163293
5090,0.0779762796860775,-0.169319752212313,NA,NA,-0.431274494042482,-0.174205988856239
5100,0.102270432588887,-0.15621278216884,NA,NA,-0.443114222511296,-0.165685524030416
5110,0.124882561818995,-0.142984595110216,NA,NA,-0.453171074217247,-0.157091035836156
5120,0.146890226215705,-0.129583133417476,NA,NA,-0.461435608206823,-0.148042838469531
5130,0.16929344017141,-0.116468198917044,NA,NA,-0.467898383526516,-0.138357714090717
5140,0.19199651613875,-0.10481863336766,NA,NA,-0.472549959222815,-0.128457358817242
5150,0.214903766570364,-0.094714840138645,NA,NA,-0.475257511412484,-0.118356194993589
5160,0.237919503918892,-0.086190036477218,NA,NA,-0.475332043375481,-0.107867525311269
5170,0.260948040636975,-0.079277439630596,NA,NA,-0.472795960303201,-0.0970417864322741
5180,0.283893689177252,-0.0740102668459964,NA,NA,-0.467801799406971,-0.0859727923585716
5190,0.306660761992364,-0.0704217353706366,NA,NA,-0.460502097898113,-0.0747543570921287
5200,0.32915357153495,-0.0685450624517339,NA,NA,-0.451049392987953,-0.0634802946349124
5210,0.35127643025765,-0.0684134653365058,NA,NA,-0.439596221887814,-0.0522444189888902
5220,0.372933650613104,-0.0700601612721697,NA,NA,-0.426295121809022,-0.0411405441560291
5230,0.394029545053952,-0.0735183675059429,NA,NA,-0.411298629962899,-0.0302624841382966
5240,0.414468426032835,-0.0788213012850428,NA,NA,-0.394759283560772,-0.0197040529376599
5250,0.434154606002392,-0.0860021798566868,NA,NA,-0.376829619813963,-0.00955906455608602
5260,0.452992397415262,-0.0950942204680924,NA,NA,-0.357662175933797,7.86670044575777e-05
5270,0.469666140726539,-0.106130640366477,NA,NA,-0.337409489131599,0.00870867040948765
5280,0.481668916142453,-0.119142419370513,NA,NA,-0.316224096618692,0.015434133384416
5290,0.489069193341324,-0.13173715196493,NA,NA,-0.294258535606402,0.0210245019233304
5300,0.492016395227028,-0.141817993354905,NA,NA,-0.271665343306052,0.0261776861886902
5310,0.490659944703444,-0.149441995654318,NA,NA,-0.248684831012428,0.0308443726788992
5320,0.485149264674452,-0.154666210977053,NA,NA,-0.22755590672948,0.0343090489893064
5330,0.475633778043929,-0.157547691436991,NA,NA,-0.209065864199155,0.0363400741359277
5340,0.462262907715755,-0.158143489148014,NA,NA,-0.193032662950307,0.0370289185391448
5350,0.445186076593808,-0.156510656224004,NA,NA,-0.179274262511786,0.0364670526193391
5360,0.424552707581966,-0.152706244778843,NA,NA,-0.167608622412445,0.0347459467968924
5370,0.400512223584109,-0.146787306926414,NA,NA,-0.157853702181136,0.0319570714921862
5380,0.373214047504114,-0.138810894780598,NA,NA,-0.14982746134671,0.0281918971256021
5390,0.342807602245861,-0.128834060455277,NA,NA,-0.14334785943802,0.0235418941175216
5400,0.309442310713229,-0.116913856064333,NA,NA,-0.138232855983916,0.0180985328883264
5410,0.273267595810094,-0.103107333721649,NA,NA,-0.134300410513252,0.011953283858398
5420,0.234992227486008,-0.0874715455411056,NA,NA,-0.131368482554878,0.00538406646334148
5430,0.197243837465769,-0.0700635436365858,NA,NA,-0.129255031637647,-0.000691579269487916
5440,0.16013026211275,-0.0510279063520478,NA,NA,-0.127778017290411,-0.00622522050990287
5450,0.123408446916954,-0.0317443620955833,NA,NA,-0.126755399042021,-0.0116971047402165
5460,0.0868353373683864,-0.0124826326986269,NA,NA,-0.126005136421329,-0.0172174772505231
5470,0.0501678789570501,0.00700352173405414,NA,NA,-0.125345188957187,-0.0227245960886943
5480,0.0131630171729493,0.0269603410976927,NA,NA,-0.124174953724308,-0.0280171984845552
5490,-0.0244223024939121,0.0476340652875219,NA,NA,-0.121974624966587,-0.032920954057659
5500,-0.06283113455353,0.0692709341987742,NA,NA,-0.118771044903101,-0.0374437484192854
5510,-0.1023065335159,0.092117187726683,NA,NA,-0.114591525376053,-0.041593623721757
5520,-0.14309155389102,0.116419065766481,NA,NA,-0.10946337822765,-0.0453786221173964
5530,-0.185429250188883,0.142422808213401,NA,NA,-0.103413915300096,-0.0488067857585263
5540,-0.229562676919488,0.170374654962676,NA,NA,-0.0964704484355958,-0.0518861567974694
5550,-0.275734888592829,0.200520845909538,NA,NA,-0.0886602894763539,-0.0546247773865483
5560,-0.324188939718903,0.233107620949222,NA,NA,-0.0800107502645754,-0.0570306896780857
5570,-0.374770909871649,0.268381219976959,NA,NA,-0.070549142642465,-0.0589796108457186
5580,-0.422301927188298,0.306587882887982,NA,NA,-0.0603027784522278,-0.058672274250848
5590,-0.465017372546215,0.347973849577525,NA,NA,-0.0492989695360683,-0.0554474975015861
5600,-0.50278911445993,0.392098672058594,NA,NA,-0.0375650277361915,-0.0494184900458424
5610,-0.535489021443972,0.435756314438313,NA,NA,-0.0251282648948023,-0.0416203239668207
5620,-0.562988962012872,0.478268887945219,NA,NA,-0.0120159928541054,-0.032245355640586
5630,-0.585160804681158,0.519357143957378,NA,NA,0.00174447654369436,-0.0213530613933619
5640,-0.601876417963362,0.558741833852854,NA,NA,0.0164366933053181,-0.0088992969350632
5650,-0.613007670374011,0.59614370900971,NA,NA,0.0328268510495223,0.00532096322840696
5660,-0.618426430427637,0.631283520806011,NA,NA,0.0507437567021742,0.0212002823601825
5670,-0.618004566638769,0.66388202061982,NA,NA,0.0699578281749631,0.0386117607186712
5680,-0.611613947521937,0.693659959829202,NA,NA,0.0902394833795788,0.0574284985622811
5690,-0.59912644159167,0.72033808981222,NA,NA,0.111359140227711,0.0775235961494202
5700,-0.580413917362498,0.743637161946939,NA,NA,0.133087216631048,0.0987701537384963
5710,-0.555348243348952,0.763277927611422,NA,NA,0.155194130501281,0.121041271587917
5720,-0.523833338564561,0.778981138183735,NA,NA,0.177450299750099,0.144199366456424
5730,-0.490055319047677,0.790467545041939,NA,NA,0.199626142289191,0.166679456094484
5740,-0.457088655493893,0.797457899564101,NA,NA,0.221492076030246,0.187287106700151
5750,-0.425045810391972,0.799672953128282,NA,NA,0.242818518884955,0.205815220540422
5760,-0.394039246230679,0.798123865460488,NA,NA,0.263375888765007,0.222486835998272
5770,-0.364181425498777,0.795204969309639,NA,NA,0.282934603582091,0.237986049130984
5780,-0.335584810685031,0.791150483263547,NA,NA,0.301265081247897,0.252276917942137
5790,-0.308361864278203,0.786141306038988,NA,NA,0.318137739674114,0.265305727144966
5800,-0.282625048767057,0.780358336352742,NA,NA,0.333167588285664,0.276966958623783
5810,-0.258486826640358,0.773982472921584,NA,NA,0.345022494495588,0.286839380258938
5820,-0.236059660386868,0.767194614462292,NA,NA,0.353515781773982,0.294883578616469
5830,-0.215456012495352,0.760175659691645,NA,NA,0.358734363526439,0.301151336907577
5840,-0.196788345454574,0.753106507326419,NA,NA,0.360765153158548,0.305694438343464
5850,-0.180169121753296,0.746168056083391,NA,NA,0.359695064075902,0.308564666135333
5860,-0.165710803880283,0.73954120467934,NA,NA,0.355611009684092,0.309813803494383
5870,-0.153525854324298,0.733406851831043,NA,NA,0.348599903388708,0.309493633631818
5880,-0.14312942728194,0.727945896255276,NA,NA,0.338748658595343,0.307855042522893
5890,-0.133515695567417,0.723339236668819,NA,NA,0.326144188709586,0.305322576603663
5900,-0.124583898140012,0.719767771788447,NA,NA,0.31087340713703,0.302019093595155
5910,-0.116248615801287,0.717410487985221,NA,NA,0.293023227283265,0.2980616998224
5920,-0.108424429352803,0.716123242724221,NA,NA,0.272680562553883,0.2934597919751
5930,-0.10102591959612,0.715603100770642,NA,NA,0.249932326354475,0.288169835842999
5940,-0.0939676673327997,0.715677433634878,NA,NA,0.224865432090632,0.28219173279757
5950,-0.0871642533644018,0.716173612827318,NA,NA,0.197566793167946,0.275525384210287
5960,-0.0805302584924874,0.716919009858356,NA,NA,0.168199344089189,0.268196031818352
5970,-0.0739802635186174,0.717740996238382,NA,NA,0.140092763699396,0.261284498806387
5980,-0.0674288492443525,0.718466943477788,NA,NA,0.114854183189797,0.255297425807744
5990,-0.0607905964712534,0.718924223086966,NA,NA,0.0922943477963873,0.250142658137367
6000,-0.0539800860008809,0.718940206576308,NA,NA,0.0722240027551649,0.245728041110197
6010,-0.0469118986347956,0.718342265456205,NA,NA,0.0544538933021259,0.241961420041178
6020,-0.0395006151745585,0.716957771237048,NA,NA,0.0387947646732668,0.238750640245252
6030,-0.0318380830255698,0.71461409542923,NA,NA,0.0250573621045843,0.235944458169415
6040,-0.0245007890759583,0.711138609543142,NA,NA,0.0130524308320752,0.23323008376642
6050,-0.0174568867380939,0.706358685089176,NA,NA,0.00259071609173608,0.230497504814273
6060,-0.0106104676061665,0.700101693577723,NA,NA,-0.00651703688043651,0.227658063030373
6070,-0.00386562327436582,0.692297594626212,NA,NA,-0.0144600828484459,0.2246572961678
6080,0.00287355466311814,0.683974929231246,NA,NA,-0.0214276765762954,0.22180693577269
6090,0.00970297461209554,0.675411353044554,NA,NA,-0.0276090728279884,0.21916841827622
6100,0.0167185449783765,0.666567653809092,NA,NA,-0.0331935263675282,0.216697557473313
6110,0.0240161741677712,0.657404619267814,NA,NA,-0.0383702919589183,0.214350167158889
6120,0.0316917705860898,0.647883037163678,NA,NA,-0.0433286243661619,0.212082061127869
6130,0.0398412426391423,0.637963695239639,NA,NA,-0.0474086579538224,0.21013209330832
6140,0.0485604987327389,0.627607381238653,NA,NA,-0.0494687304664616,0.208899716501643
6150,0.0579454472726898,0.616774882903675,NA,NA,-0.0494889346495162,0.208410465175616
6160,0.068091996664805,0.605426987977661,NA,NA,-0.047458156640519,0.208686942667316
6170,0.0790960553148948,0.593524484203567,NA,NA,-0.043365282577003,0.20975175231382
6180,0.0908459731288741,0.581028159324348,NA,NA,-0.0371991985965011,0.211558311285574
6190,0.101369122317545,0.567898801082961,NA,NA,-0.0289487908365459,0.213439710854653
6200,0.110079627424374,0.554097197222361,NA,NA,-0.0186029454346705,0.215191293070688
6210,0.116885071999037,0.539584135485503,NA,NA,-0.00615054852840771,0.216772886318711
6220,0.121693039591208,0.524320403615344,NA,NA,0.00841951374470964,0.218144318983754
6230,0.124411113750561,0.508617948111926,NA,NA,0.0251183552471487,0.219382472369879
6240,0.12494687802677,0.493789389106124,NA,NA,0.0439570898413766,0.22089778565809
6250,0.12320791596951,0.479991773493315,NA,NA,0.0649468313898605,0.222715506950895
6260,0.119101811128455,0.467257407224322,NA,NA,0.0880986937550675,0.224819304035948
6270,0.112536147053279,0.455618596249966,NA,NA,0.113423790799465,0.227192844700903
6280,0.103418507293656,0.445107646521071,NA,NA,0.140933236385519,0.229819796733415
6290,0.0916564753992614,0.435756863988458,NA,NA,0.16921772427957,0.232210354555763
6300,0.0771576349197689,0.427598554602949,NA,NA,0.193318447146417,0.232691545556378
6310,0.0598295694048528,0.420665024315368,NA,NA,0.212984438599605,0.231159677439942
6320,0.0395798624041874,0.414988579076536,NA,NA,0.228415797326244,0.227661412935656
6330,0.0163959226064805,0.410601524837276,NA,NA,0.239812622013444,0.2222700231524
6340,-0.00569556476608404,0.407536167548409,NA,NA,0.247375011348315,0.216405204710214
6350,-0.0245093416557776,0.40582481316076,NA,NA,0.251303064017967,0.210872845174316
6360,-0.0401945859348282,0.405499767625149,NA,NA,0.251796878709509,0.205700686799943
6370,-0.0529004754754638,0.406593336892399,NA,NA,0.249056554110051,0.200916471842328
6380,-0.0627761881499126,0.409137826913332,NA,NA,0.243282188906703,0.196547942556707
6390,-0.0699709018304024,0.412756780580083,NA,NA,0.234673881786574,0.192486586845418
6400,-0.0746337943891614,0.416774205646119,NA,NA,0.223431731436775,0.188524047564577
6410,-0.0769140436984176,0.421061160024937,NA,NA,0.209755836544415,0.184634317623645
6420,-0.076960827630399,0.425494556591022,NA,NA,0.193846295796605,0.180793341585743
6430,-0.0749233240573337,0.42995130821886,NA,NA,0.175903207880453,0.176977064013993
6440,-0.0709507108514496,0.434308327782934,NA,NA,0.15612667148307,0.173161429471518
6450,-0.0651921658849748,0.43844252815773,NA,NA,0.134941882134822,0.169397414802526
6460,-0.0577968670301374,0.442230822217732,NA,NA,0.114805984789715,0.16641331332577
6470,-0.0489139921591653,0.445550122837426,NA,NA,0.0962655578104049,0.164300562829555
6480,-0.0386927191442866,0.448277342891295,NA,NA,0.0792224962515082,0.162935706666172
6490,-0.0277465682534081,0.450289395253825,NA,NA,0.0635786951676433,0.162040507389353
6500,-0.016730968060731,0.4514631927995,0.724687673721712,NA,0.0492360496134279,0.302163987018477
6510,-0.00560559544390424,0.451675648402806,0.682485348179433,NA,0.0360964546434798,0.291162963945454
6520,0.00567340391670965,0.450803674938226,0.642482175724386,NA,0.0240618053124172,0.280755264972935
6530,0.0171498843407481,0.448724185280246,0.60469233837262,NA,0.0130339966748579,0.270900101167118
6540,0.0288677001478487,0.445322279015336,0.569130018140187,NA,0.00291492378541972,0.261558730272198
6550,0.0408707056576487,0.440958219327408,0.535809397043138,NA,-0.00639351830127941,0.252811200931729
6560,0.0532027551897858,0.435983412067925,0.504744657097524,NA,-0.0149894345306215,0.244735347456153
6570,0.0659077030638974,0.430542279140085,0.475949980319396,NA,-0.0229709298479888,0.237357258168847
6580,0.0790294035996209,0.424779242447085,0.449439548724804,NA,-0.0304361091987632,0.230703021393187
6590,0.0926117111165938,0.418838723892124,0.4252275443298,NA,-0.0374830775283269,0.224798725452548
6600,0.106698479934454,0.412865145378397,0.403328149150434,NA,-0.0442099397820621,0.219670458670305
6610,0.121333564372838,0.407002928809102,0.383755545202757,NA,-0.0507186294452571,0.21534335223486
6620,0.136560818751384,0.401396496087437,0.366523914502821,NA,-0.0574865800648483,0.211748662319198
6630,0.152424097389729,0.396190269116599,0.351647439066676,NA,-0.0648528206889577,0.208852246221011
6640,0.168692257815919,0.391528669799785,0.339140300910372,1.17283923588046,-0.0729005547129425,0.399859981938719
6650,0.184541624065981,0.387556120040193,0.329016682049962,1.16621379792492,-0.0817129855321598,0.397123047709779
6660,0.199885192268855,0.38441704174102,0.321290764501496,1.15958835996938,-0.0913733165419667,0.394761608387756
6670,0.214691551044747,0.382255856805463,0.315976730281024,1.15296292201384,-0.10196475113772,0.39278446180147
6680,0.228929289013862,0.38121698713672,0.313088761404598,1.14596478373602,-0.113570492714777,0.391125865715284
6690,0.242566994796406,0.381444854637987,0.312641039888269,1.13828769533562,-0.126273744668495,0.389733367997957
6700,0.255573257012584,0.382909561165687,0.314336765661796,1.13003133259561,-0.140157710394231,0.38853864120829
6710,0.267916664282602,0.384198870657257,0.315769064904349,1.12129537129897,-0.155305593287342,0.386774875571167
6720,0.279565805226665,0.384851150961575,0.316447220364038,1.11217948722866,-0.171800596743185,0.38424861340755
6730,0.290489268464978,0.384715687653646,0.316395097888114,1.10278335616765,-0.189725924157118,0.380931497203454
6740,0.300655642617747,0.383641766308475,0.31563656332383,1.09320665389891,-0.209164778924496,0.376795169444894
6750,0.310033516305178,0.381478672501065,0.31419548251844,1.08354905620542,-0.230200364440678,0.371811272617884
6760,0.318591478147475,0.378075691806421,0.312095721319196,1.07391023887013,-0.25291588410102,0.365951449208441
6770,0.326298116764844,0.373282109799547,0.309361145573352,1.06438987767603,-0.27739454130088,0.359187341702579
6780,0.33312202077749,0.366947212055447,0.30601562112816,1.05508764840608,-0.302739086102413,0.351686683252954
6790,0.339330222005967,0.358920284149126,0.302083013830873,1.04610322684326,-0.327146886289966,0.343857972107852
6800,0.347032556106937,0.349050611655588,0.297587189528744,1.03753628877052,-0.350411762734749,0.336158976665409
6810,0.356544123559456,0.337187480149838,0.292552014069027,1.02948650997085,-0.372360114597021,0.328682002630431
6820,0.367740685677756,0.323180175206879,0.287001353298973,1.02205356622722,-0.392818341037044,0.321431487874756
6830,0.38049800377607,0.306877982401716,0.280959073065837,1.01533713332258,-0.411612841215081,0.314411870270224
6840,0.39469183916863,0.288130187309353,0.27444903921687,1.00943688703992,-0.428570014291393,0.307627587688676
6850,0.410197953169668,0.266786075504795,0.267495117599327,1.0044525031622,-0.443516259426241,0.301083078001949
6860,0.426892107093415,0.243661588180835,0.260121174060459,1.00048365747239,-0.456277975779887,0.294976110205443
6870,0.444650062254105,0.22155599008837,0.25235107444752,0.997630025753468,-0.466681562512593,0.289901118006174
6880,0.46334757996597,0.200572273925929,0.244208684607762,0.995123528189347,-0.47455341878462,0.285739729580878
6890,0.482860421543241,0.180614603354982,0.235717870388439,0.990450884422241,-0.47971994375623,0.281984767190535
6900,0.50306434830015,0.161587142037,0.227312115452349,0.983556992128093,-0.482007536587685,0.278702612265981
6910,0.523835121550932,0.143394053633452,0.219693326151689,0.974566442859864,-0.481242596439246,0.276049269551338
6920,0.545048502609816,0.125939501805808,0.212937978541715,0.963603828170518,-0.477251522471174,0.274055657731337
6930,0.566580252791035,0.109127650215539,0.207114304667398,0.95079373961302,-0.469860713843732,0.272751046688652
6940,0.588287599714084,0.0928626625241151,0.202290536573712,0.93626076874033,-0.45992145559402,0.271956022391644
6950,0.609530114943376,0.077048702393006,0.198534906305627,0.920129507105414,-0.451898214164506,0.270669003316584
6960,0.629959897433295,0.0615899334836821,0.195915645908117,0.902524546261234,-0.44634049724718,0.26872990516783
6970,0.649466887687556,0.0463905194576135,0.194500987426155,0.883570477760754,-0.443257476794879,0.26613427910744
6980,0.667941026209872,0.0313546239762702,0.19435916290471,0.863391893156936,-0.442658324760444,0.262877676297469
6990,0.685272253503958,0.0163864107011225,0.195558404388757,0.842113384002745,-0.444552213096712,0.258955647899974
7000,0.701350510073529,0.00139004329364037,0.198166943923268,0.819859541851142,-0.448948313756521,0.254363745077012
7010,0.716065736422298,-0.0137303145847059,0.202253013553214,0.796754958255092,-0.45585579869271,0.249097518990638
7020,0.729307873053979,-0.0287423330629252,0.207884845323569,0.772924224767558,-0.465283839858118,0.243218154044813
7030,0.740966860472288,-0.0431828795649227,0.215130671279303,0.748491932941502,-0.477241609205582,0.236832995184518
7040,0.750932639180938,-0.0568868589997145,0.22405872346539,0.723582674329888,-0.491738278687942,0.229989779857712
7050,0.759095149683643,-0.0696898747132853,0.234737233926801,0.69832104048568,-0.508783020258036,0.222736105824961
7060,0.765344332484118,-0.0814275300516196,0.247234434708509,0.67283162296184,-0.528385005868702,0.215119570846829
7070,0.769570128086077,-0.091935428360702,0.261618557855487,0.647239013311332,-0.550553407472778,0.207187772683883
7080,0.771662476993234,-0.101049172986517,0.277957835412705,0.62175991973066,-0.575297397023105,0.199006732425396
7090,0.771511319709304,-0.10860436727505,0.296191712217539,0.597464097635267,-0.602626146472518,0.190787323162909
7100,0.768547478860428,-0.114436614572284,0.314480919948606,0.57468174834252,-0.632202628265427,0.182214180862768
7110,0.762362201314221,-0.118381518224205,0.332199592446663,0.553483692921871,-0.659020148628541,0.174128763966002
7120,0.753134334039406,-0.120274681576797,0.349339142087804,0.533940752442775,-0.681580710479807,0.166911767302676
7130,0.741042851441484,-0.119951707976045,0.365890981248127,0.516123747974685,-0.700076325769209,0.160605909383808
7140,0.726266727925953,-0.117248200767934,0.381846522303726,0.500103500587055,-0.714699006446735,0.155253908720413
7150,0.708984937898315,-0.111999763298447,0.397197177630697,0.485950831349338,-0.725640764462371,0.150898483823506
7160,0.689376455764068,-0.10404199891357,0.411934359605136,0.473736561330988,-0.733093611766102,0.147582353204104
7170,0.667620255928713,-0.093243143596845,0.426049480603138,0.463531511601458,-0.737249560307915,0.14534170884571
7180,0.64389531279775,-0.0804389348140884,0.439533953000798,0.455406503230202,-0.738300622037796,0.144019242435373
7190,0.618380600776679,-0.0661899543972033,0.452379189174213,0.449432357286674,-0.736438808905732,0.143512676786926
7200,0.591255094270999,-0.0506755155288208,0.464576601499478,0.445679894840328,-0.731856132861708,0.143795988444055
7210,0.562697767686211,-0.0340749313915718,0.476117602352688,0.444219936960616,-0.72474460585571,0.144843153950447
7220,0.532887595427814,-0.0165675151680873,0.48699360410994,0.445123304716992,-0.715296239837725,0.146628149849787
7230,0.502003551901309,0.00166741995900158,0.497196019147328,0.448460819178911,-0.70370304675774,0.149124952685762
7240,0.470224611512195,0.020450560807064,0.506716259840948,0.454303301415825,-0.690157038565739,0.152307539002059
7250,0.439133714650951,0.0396025941934688,0.515545738566897,0.462721572497188,-0.674850227211709,0.156430678539359
7260,0.412066756261187,0.0589442069355851,0.523675867701268,0.473786453492454,-0.657978326160413,0.162098991646016
7270,0.38882555084986,0.078296085850782,0.531098059620159,0.487568765471077,-0.641492087664852,0.168859274825405
7280,0.369050304533699,0.0974789177564283,0.537803726699664,0.504132289742033,-0.626759008790846,0.176341245988196
7290,0.352381223429435,0.116313389469893,0.544262310542891,0.521511400707174,-0.613552896328495,0.18418308556418
7300,0.338458513653797,0.134620187808545,0.551650861868895,0.538088296686395,-0.601647557067899,0.192234060589947
7310,0.326922381323514,0.152219999589754,0.560047104008201,0.553811157007973,-0.590816797799161,0.200436768826056
7320,0.317413032555316,0.168933511630889,0.56947599537063,0.568628161000184,-0.580834425312381,0.208723255048928
7330,0.309570673465934,0.184413463557478,0.579962494366,0.582487487991306,-0.57147424639766,0.216991974596611
7340,0.303035510172096,0.19752213829104,0.591531559404131,0.595337317309615,-0.5625100678451,0.224983291466356
7350,0.297447748790532,0.208189160428488,0.604208148894841,0.607125828283389,-0.553715696444801,0.23265103799049
7360,0.292447595437971,0.216548346678269,0.618017221247951,0.617801200240905,-0.544864938986864,0.239989884923646
7370,0.287675256231144,0.222733513748829,0.63298373487328,0.627311612510438,-0.53573160226139,0.24699450302046
7380,0.28277093728678,0.226878478348616,0.649132648180647,0.635605244420267,-0.526089493058481,0.253659563035566
7390,0.277374844721608,0.229117057186075,0.666488919579871,0.642630275298668,-0.515712418168237,0.259979735723597
7400,0.271040851094568,0.229583066969652,0.685077507480772,0.648334884473919,-0.50437418438076,0.26593242512763
7410,0.263166006122443,0.228410324407796,0.704923370293169,0.652667251274295,-0.49184859848615,0.271463670722311
7420,0.253926146505989,0.225732646208952,0.726051466426881,0.655575555028075,-0.477909467274509,0.276675269379078
7430,0.243598192495201,0.221683849081566,0.748486754291728,0.657007975063535,-0.462959800406882,0.28156339410503
7440,0.232459064340074,0.216397749734086,0.772254192297529,0.656912690708951,-0.448275702483373,0.285949598919454
7450,0.220785682290602,0.210008164874958,0.797378738854103,0.655237881292602,-0.433903658473177,0.289901361767818
7460,0.208854966596779,0.202648911212628,0.823885352371271,0.651931726142764,-0.419842619424499,0.293495667379788
7470,0.196943837508601,0.194453805455543,0.85179899125885,0.646942404587713,-0.406091536385541,0.296809500485033
7480,0.18532921527606,0.185556664312149,0.88110794799805,0.640218095955727,-0.392649360404507,0.299912512627496
7490,0.174288020149154,0.176665758836562,0.910456267930334,0.63221949465233,-0.3795150425296,0.302822899807756
7500,0.164097172377874,0.169221490413813,0.939103914462315,0.624189909407823,-0.366687533809024,0.30598499057056
7510,0.155033592212217,0.163232207677451,0.966989899282538,0.616216504507554,-0.354165785290982,0.309461283677755
7520,0.147374199902176,0.158640438407391,0.994053234079545,0.608330361683886,-0.341948748023677,0.313289897209864
7530,0.141395915697746,0.155388710383548,1.02023293054188,0.600562562669183,-0.330035373055313,0.317508949247409
7540,0.137375659848922,0.153419551385835,1.04546800035809,0.59294418919581,-0.318424611434093,0.322156557870913
7550,0.135535060141859,0.152675489194168,1.06969745521672,0.585506322996128,-0.30711541420822,0.327259782668131
7560,0.135032885520684,0.153099051588461,1.09286030680631,0.578280045802502,-0.296106732425899,0.332633111458412
7570,0.135328869646645,0.154632766348629,1.11489556681541,0.571296439347296,-0.285397517135331,0.338151225004529
7580,0.136200885668054,0.157219161254586,1.13574224693255,0.564586585362873,-0.274986719384722,0.343752431966668
7590,0.137426806733219,0.160800764086247,1.15533935884629,0.558181565581596,-0.264637455870372,0.349422207875396
7600,0.138784505990451,0.165320102623526,1.17362591424517,0.552112461735829,-0.253153702043902,0.355337856510214
7610,0.140051856588061,0.170719704646338,1.19054092481772,0.546410355557936,-0.24066546991956,0.361411474338099
7620,0.141006731674359,0.176942097934596,1.20602340225251,0.54110632878028,-0.22752468869501,0.367510774389346
7630,0.141427004397655,0.183929810268217,1.22001235823806,0.536231463135224,-0.214083287567914,0.373503469694248
7640,0.141090547906259,0.191625199620072,1.23244680446292,0.531816840355133,-0.200693195735935,0.37925723932169
7650,0.139775235348481,0.199266317291231,1.24326575261565,0.52789354217237,-0.187706342396736,0.384498901006199
7660,0.137258939872632,0.206182444901583,1.25240821438477,0.524492650319298,-0.17547465674798,0.388973518546061
7670,0.133319534627022,0.212388522776235,1.25981320145884,0.521645246528281,-0.164350067987329,0.39256328748061
7680,0.127734892759961,0.217899491240297,1.26554048362166,0.519382412531683,-0.154684505312447,0.395174554968231
7690,0.12028288741976,0.222730290618876,1.27002681654639,0.517756564699685,-0.146829897920996,0.396793332272742
7700,0.110743192328885,0.226895861237079,1.27335163797144,0.516984027472454,-0.141138175010639,0.397367308799845
7710,0.0998550817981998,0.230411143420016,1.27555323959623,0.517183187921776,-0.137961265779039,0.397008277391437
7720,0.0884601095699541,0.233291077492795,1.27666991312014,0.518440062610894,-0.137651099423858,0.395842012673984
7730,0.076712352157316,0.235550603780522,1.27673995024256,0.520840668103052,-0.140559605142761,0.393856793828137
7740,0.0647658860734531,0.237204662608308,1.27580164266288,0.524471020961491,-0.147038712133408,0.391040900034544
7750,0.0527747878315332,0.238268194301258,1.27389328208049,0.529417137749456,-0.157352319269228,0.387400216538703
7760,0.0408931339447242,0.238756139184483,1.2710531601948,0.535765035030189,-0.169760970520883,0.383341299566662
7770,0.0292750009261935,0.238683437583089,1.26731956870518,0.543600729366933,-0.183285903201501,0.37911856667598
7780,0.0180744652891092,0.238065029822185,1.26273079931104,0.553010237322931,-0.197684929028571,0.374839120543338
7790,0.00744560354663891,0.236915856226879,1.25732514371176,0.564079575461426,-0.212715859719584,0.370610063845423
7800,-0.00245750778804975,0.235235681459538,1.25114089360673,0.576894760345661,-0.22813650699203,0.36653546412637
7810,-0.0114807922017889,0.232750364881027,1.24421634069535,0.591541808538879,-0.243704682563397,0.362664607870014
7820,-0.0194701731814109,0.229310046427901,1.23658977667701,0.608106736604323,-0.259178198151176,0.35907163767533
7830,-0.0262715742137479,0.224857787428877,1.2282994932511,0.626675561105236,-0.274314865472857,0.355849280419722
7840,-0.0317309187856322,0.219336649212672,1.21938378211702,0.64733429860486,-0.28887249624593,0.353090262980598
7850,-0.035694130383896,0.212689693108002,1.20988093497415,0.67016896566644,-0.302608902187884,0.350887312235362
7860,-0.0391268139018778,0.204859980443583,1.19982924352189,0.695265578853217,-0.315281895016209,0.34910921878012
7870,-0.0442059721992637,0.195790572548131,1.1892682255066,0.722710154728435,-0.326649286448395,0.347382738827102
7880,-0.0510518044784633,0.185424530750363,1.17858023606381,0.752588709855337,-0.336468888201932,0.345814556797822
7890,-0.0597261470522034,0.173704916378995,1.16804955117986,0.784967186848675,-0.344498511994309,0.344499399072203
7900,-0.070290836233211,0.160574790762743,1.15767945876223,0.81831518060403,-0.350495969543017,0.343156524870556
7910,-0.0828077083342129,0.145977215230324,1.1474732467184,0.851525590571409,-0.354219072565545,0.341589854324076
7920,-0.0973385996679361,0.129855251110454,1.13743420295585,0.884444297323942,-0.356701514850151,0.339538727374431
7930,-0.113945346547107,0.112151959731849,1.12756561538204,0.916917181434759,-0.359167237195108,0.336704434561286
7940,-0.132689785284454,0.0928104024232255,1.11787077190445,0.948790123476988,-0.361540324746635,0.333048237554714
7950,-0.153633752192702,0.0717736405133002,1.10835296043055,0.979909004023759,-0.363744547941983,0.328531460966586
7960,-0.176839083584579,0.0495716295312995,1.09901546886783,1.0101197036482,-0.365703677218404,0.32323280824887
7970,-0.202367615772812,0.0291852806224422,1.08986158512375,1.03926810292345,-0.367341483013148,0.317721173976737
7980,-0.230281185070128,0.0112097673362812,1.08089459710579,1.06720008242263,-0.368581735763466,0.312088305206221
7990,-0.260641627789253,-0.00415382803772402,1.07211779272143,1.09376152271886,-0.369348205906609,0.306347130741341
8000,-0.293510780242915,-0.0167044232101137,1.06353445987813,1.11879830438529,-0.369564663879828,0.300510579386114
8010,-0.328223468111947,-0.0262409358914282,1.05514788648338,1.14215630799504,-0.369154880120374,0.294736982070935
8020,-0.36165608093508,-0.032562283792208,1.04696136044465,1.16368141412124,-0.368042625065497,0.289676356954621
8030,-0.393602041132048,-0.0354673846229931,1.03897816966941,1.18321950333702,-0.366151669152449,0.285395315619788
8040,-0.424245537622864,-0.0347551560943242,1.03120160206514,1.20061645621551,-0.36340578281848,0.281882316348995
8050,-0.45377075932754,-0.0302245159167414,1.02363494553931,1.21571815332983,-0.359728736500842,0.279125817424803
8060,-0.48236189516609,-0.0216743818007852,1.01628148799939,1.22837047525313,-0.355044300636785,0.277114277129772
8070,-0.510203134058527,-0.00890367145699578,1.00898697669058,1.23841930255852,-0.34927624566356,0.275804645614004
8080,-0.537478664924864,0.0082886974040865,1.00081067067641,1.24571051581914,-0.342410452083203,0.274984153378314
8090,-0.564372676685114,0.0301038070719212,0.991601422533819,1.25008999560812,-0.334621745374326,0.274560160630884
8100,-0.59106935825929,0.0567427398359681,0.981365760516457,1.25138017346248,-0.326008197521205,0.274482223606882
8110,-0.617752898567406,0.0884065779856868,0.970110212877978,1.24952744891205,-0.316660571837598,0.274726153874142
8120,-0.644607486529474,0.123478111511745,0.957841307872033,1.24464311049219,-0.306669631637262,0.274937082341847
8130,-0.671817311065507,0.158388887008813,0.944565573752274,1.23684126715416,-0.296126140233954,0.274370455323157
8140,-0.69956656109552,0.192923614718643,0.930289538772353,1.2262360278492,-0.285120860941431,0.272952351860649
8150,-0.728039425539523,0.226961953677872,0.915019731185921,1.21294150152857,-0.273744557073451,0.270627840755878
8160,-0.757353091146204,0.260383562923137,0.898762679246632,1.19707179714351,-0.262087991943769,0.267355391244662
8170,-0.786586252099421,0.293068101491073,0.881524911208135,1.17874102364529,-0.250241928866144,0.263301171075786
8180,-0.814807127997495,0.324895228418316,0.863312955324085,1.15806328998514,-0.238297131154332,0.258633442915142
8190,-0.84126072434416,0.355744602741502,0.844133339848131,1.13515270511432,-0.226344362122091,0.253485112247541
8200,-0.86519204664315,0.385495883497269,0.823992593033927,1.11012337798409,-0.214474385083178,0.247989084557791
8210,-0.885846100398199,0.414028729722251,0.802897243135124,1.08308941754569,-0.20277796335135,0.242278265330702
8220,-0.90246789111304,0.441222800453086,0.780853818405373,1.05416493275037,-0.191345860240363,0.236485560051085
8230,-0.914302424291408,0.466957754726408,0.757868847098327,1.02346403254939,-0.180268839063976,0.230743874203748
8240,-0.920594705437036,0.491113251578855,0.733948857467638,0.991100825893991,-0.169671390064461,0.225179367887797
8250,-0.920589740053659,0.513568950047063,0.709100377766957,0.957189421735433,-0.159896217957603,0.219874558307638
8260,-0.91353253364501,0.534204509167667,0.683329936249937,0.921843929024965,-0.151100135871221,0.214949140985268
8270,-0.898668091714824,0.552881624853411,0.655694068029133,0.885178456713837,-0.143391718108617,0.210338867954588
8280,-0.875241419766834,0.566219637147026,0.625105660065212,0.8473071137533,-0.136879538973095,0.205302290445122
8290,-0.842497523304774,0.572069736239266,0.591748959117542,0.808344009094606,-0.13167217276796,0.199598601675736
8300,-0.799681407832378,0.570862303201501,0.555812552665371,0.768509740257629,-0.127878193796512,0.193524998899122
8310,-0.746087154893126,0.563027719105099,0.517485028187949,0.728503743056654,-0.125606176362057,0.187464631818903
8320,-0.68612064835892,0.548996365021429,0.476954973164523,0.688409625609286,-0.124964694767898,0.180655124133684
8330,-0.623377889327041,0.529198622021861,0.434410975074341,0.64819855140354,-0.126062323317337,0.172473587171073
8340,-0.558367949224882,0.504064871177764,0.390041621396653,0.607841683927431,-0.129007636313679,0.162914518192657
8350,-0.491599899479839,0.474025493560507,0.344035499610706,0.567310186668973,-0.133909208060226,0.151972414460024
8360,-0.423582811519306,0.43951087024146,0.29658119719575,0.526575223116182,-0.140875612860282,0.139641773234761
8370,-0.354825756770676,0.400951382291992,0.247867301631032,0.485607956757071,-0.15001542501715,0.125917091778454
8380,-0.285837806661344,0.358777410783472,0.198082400395801,0.444379551079656,-0.161437218834134,0.11079286735269
8390,-0.217128032618704,0.313419336787269,0.147415080969306,0.402861169571952,-0.175249568614536,0.0942635972190574
8400,-0.14920550607015,0.265307541374753,0.0960539308307948,0.361023975721971,-0.191531309052069,0.07632972656106
8410,-0.0825792984430769,0.214872405617293,0.0441875374595157,0.318839133017731,-0.209214460624838,0.057221063405325
8420,-0.0177584811648782,0.162544310586257,-0.00799551166528284,0.276277804947245,-0.227573164245864,0.0370989916914955
8430,0.044747874337052,0.108768263169825,-0.060306629064352,0.233311154998527,-0.246405884458954,0.0160229557964196
8440,0.104430696635319,0.0540809681019528,-0.112557227258444,0.189910346659593,-0.265511085807914,-0.00592926033389863
8450,0.160780914302529,-0.00125995946901908,-0.164558718768309,0.146046543418457,-0.284687232836551,-0.0287356906705786
8460,0.213289455911288,-0.0570676916584715,-0.216103006352324,0.101690908763133,-0.303732790088669,-0.0523846246850085
8470,0.261862816587986,-0.113155400581786,-0.266821388954051,0.0568146061816371,-0.322446222108075,-0.0767491177748577
8480,0.30700133973153,-0.169336258354344,-0.316541268480896,0.0113887991619832,-0.340625993438576,-0.10162267627606
8490,0.348796639201789,-0.225423437091526,-0.365149128032099,-0.034615348807814,-0.358070568623976,-0.126892368670725
8500,0.387333394133977,-0.281230108908715,-0.412531450706899,-0.0812142560570774,-0.374578412208082,-0.152444166749359
8510,0.422696283663307,-0.336569445921291,-0.458574719604533,-0.127949152411222,-0.389947988734701,-0.178069004601688
8520,0.454969986924994,-0.391254620244635,-0.503165417824242,-0.174514378547445,-0.403977762747637,-0.203588438487793
8530,0.484239183054251,-0.44509880399413,-0.546190028465263,-0.220824936230769,-0.416466198790698,-0.228868156885322
8540,0.510588551186293,-0.497915169285156,-0.587535034626837,-0.266795827226219,-0.427211761407689,-0.253773848271922
8550,0.534102770456334,-0.549516888233095,-0.627086919408201,-0.31234205329882,-0.436012915142416,-0.27817120112524
8560,0.554866519999587,-0.599717132953327,-0.664732165908594,-0.357378616213596,-0.442668124538684,-0.301925903922923
8570,0.572964478951268,-0.648329075561235,-0.700357257227256,-0.401820517735571,-0.446497313078732,-0.324807936930305
8580,0.588481326446589,-0.6951658881722,-0.733848676463424,-0.44558275962977,-0.446883004899628,-0.346599800543687
8590,0.601501741620765,-0.739499277860074,-0.765092906716339,-0.488580343661217,-0.443990634432782,-0.367132284209929
8600,0.61211040360901,-0.779199511782163,-0.793976431085238,-0.530728271594936,-0.437989450097857,-0.385956652190237
8610,0.620391991546538,-0.814330072440237,-0.820385732669361,-0.571941545195953,-0.429048700314518,-0.403062811814706
8620,0.626410108573889,-0.845189275676053,-0.844207294567947,-0.61213516622929,-0.417337633502432,-0.418491852280367
8630,0.630197997680443,-0.87207543733137,-0.865327599880234,-0.651224136459973,-0.403025498081263,-0.432290934814479
8640,0.631885103514738,-0.895286873247946,-0.883633131705461,-0.689123457653025,-0.386281542470675,-0.444487980312474
8650,0.631608633889892,-0.91512189926754,-0.899010373142867,-0.725748131573473,-0.367275015090335,-0.455109357036864
8660,0.629505796619025,-0.931878831231908,-0.912198616009598,-0.761013159986338,-0.346175164359907,-0.464351994993745
8670,0.625713799515256,-0.94585598498281,-0.924821230376974,-0.794833544656647,-0.323151238699056,-0.472589639840046
8680,0.620369850391702,-0.957351676362004,-0.936903540644549,-0.827124287349423,-0.298372486527448,-0.479876428098344
8690,0.613611157061483,-0.966664221211247,-0.948426006004162,-0.857800389829692,-0.272008156264747,-0.486257523249673
8700,0.605574927337718,-0.974091935372298,-0.959369085647654,-0.886776853862476,-0.244227496330618,-0.491778088775066
8710,0.596398369033525,-0.979933134686915,-0.969713238766862,-0.913670314555352,-0.215199755144727,-0.496423614824066
8720,0.586218689962023,-0.984486134996857,-0.979438924553627,-0.938035014964974,-0.185094181126738,-0.500167113136035
8730,0.575173097936332,-0.98804925214388,-0.988526602199788,-0.95997424840709,-0.154421203722006,-0.503159641707287
8740,0.563398800769569,-0.990920801969745,-0.996956730897183,-0.979597904834227,-0.124528702934738,-0.505721067973265
8750,0.551033006274854,-0.99307261272943,-1.00470976983765,-0.997015874198914,-0.0957416840693416,-0.507901386912097
8760,0.538212922265305,-0.994168865934237,-1.01176617821304,-1.01233804645368,-0.0682927888715928,-0.509670591441447
8770,0.525126835741468,-0.994306447174742,-1.01810641521517,-1.02567431155104,-0.0424146590872682,-0.511074999457351
8780,0.512237738181235,-0.993588396522841,-1.0237109400359,-1.03713455944354,-0.0183399364621437,-0.512107218856638
8790,0.499412061991108,-0.992117754050435,-1.02856021186706,-1.0468286800837,0.00369873725800385,-0.512879169350416
8800,0.486383415500052,-0.98999755982942,-1.03263468990049,-1.05486656342404,0.0234687203273988,-0.513529335465299
8810,0.472885407037033,-0.987330853931695,-1.03591483332803,-1.0613580994171,0.0407373710002644,-0.514196201727905
8820,0.458651644931015,-0.98422067642916,-1.03838110134152,-1.0664131780154,0.0552720475308249,-0.515018252664846
8830,0.443415737510964,-0.980770067393712,-1.04001395313279,-1.07014168917146,0.0668401081733039,-0.51613397280274
8840,0.426911293105845,-0.977082066897249,-1.0407938478937,-1.07265352283783,0.0752089111819247,-0.517681846668201
8850,0.408871920044623,-0.973259715011671,-1.04073439419053,-1.07405856896702,0.0801458148109114,-0.519806988662736
8860,0.389031226656264,-0.969406051808876,-1.04054582331867,-1.07446671751156,0.0814181773144877,-0.522793837733669
8870,0.367122821269732,-0.965624117360761,-1.04050862965165,-1.07398785842398,0.0787933569468776,-0.526840885443955
8880,0.342880312213994,-0.962016951739227,-1.0406051381044,-1.0727318816568,0.0720387119623045,-0.532086989464826
8890,0.316037307818013,-0.95868759501617,-1.04081767359186,-1.07080867716256,0.0614691591708332,-0.538561495756348
8900,0.286327416410756,-0.955743134427021,-1.04112856102895,-1.06832813489378,0.0521942442008401,-0.54533563394763
8910,0.253484246321187,-0.953549554321128,-1.04152012533059,-1.06544741566734,0.0454457873307756,-0.552317412333419
8920,0.217281744486541,-0.952396717411674,-1.04197469141172,-1.0624560248043,0.0411317736851584,-0.559682783091199
8930,0.179297180302591,-0.952428350354249,-1.04247458418727,-1.0593893899234,0.0391601883885075,-0.567166991154764
8940,0.140546690638073,-0.953788179804444,-1.04300212857216,-1.05625094668565,0.0394390165653417,-0.574611109571769
8950,0.101154616761303,-0.95661993241785,-1.04353964948132,-1.05304413075204,0.0418762433401797,-0.582034570509946
8960,0.0612452999406029,-0.961067334850058,-1.04406947182968,-1.04977237778356,0.0463798538375408,-0.589456806137031
8970,0.0209430814442908,-0.967274113756658,-1.04457392053217,-1.0464391234412,0.0528578331819439,-0.596897248620759
8980,-0.0196276974593136,-0.975383995793241,-1.04503532050372,-1.04304780338595,0.0612181664979078,-0.604375330128863
8990,-0.0603426955018909,-0.985540707615397,-1.04543599665925,-1.0396018532788,0.0713688389099514,-0.611910482829078
9000,-0.101077571415122,-0.997887975878718,-1.0457582739137,-1.03610470878075,0.0832178355425933,-0.619522138889139
9010,-0.141707983930687,-1.01256952723879,-1.04598447718198,-1.03255980555279,0.096673141520353,-0.627229730476781
9020,-0.182109591780267,-1.02972908835122,-1.04609693137904,-1.02897057925591,0.111642741967749,-0.635052689759737
9030,-0.222158053695543,-1.04951038587158,-1.0460779614198,-1.0253404655511,0.1280346220093,-0.643010448905743
9040,-0.261729028408195,-1.07205714645546,-1.04590989221918,-1.02167290009935,0.145756766769526,-0.651122440082533
9050,-0.300698174649904,-1.09751309675847,-1.0458693841158,-1.01797131856166,0.16469532783986,-0.659471329249194
9060,-0.338941151152351,-1.12563826980805,-1.04682391688458,-1.01423915659902,0.183061559889692,-0.668516186910862
9070,-0.376333616647215,-1.15308054933448,-1.04880595623441,-1.01047984987241,0.199719598959836,-0.677796074625738
9080,-0.412146401896,-1.17902294687479,-1.05178697819316,-1.00669683404284,0.214607226325188,-0.687009186936321
9090,-0.445560445892537,-1.20345927123184,-1.0557384587887,-1.00289354477129,0.227662223260648,-0.695997899484743
9100,-0.47656705291389,-1.22638333120849,-1.06063187404889,-0.999073417718755,0.238822371041112,-0.704766660969782
9110,-0.505160292451771,-1.2477889356076,-1.0664387000016,-0.995236886517121,0.24802545094148,-0.713319872727323
9120,-0.53133423399789,-1.26766989323204,-1.07313041267472,-0.991338504198109,0.255209244236648,-0.721652759973222
9130,-0.555082947043961,-1.28602001288466,-1.0806784880961,-0.987414411959304,0.260311532201515,-0.729776865556503
9140,-0.576400501081695,-1.30283310336834,-1.08905440229362,-0.98353394758424,0.263270096110978,-0.737710371643384
9150,-0.595280965602806,-1.31810297348593,-1.09822963129515,-0.979766448856452,0.264022717239936,-0.74547146040008
9160,-0.611718410099004,-1.33182343204029,-1.10817565112855,-0.976181253559474,0.262507176863285,-0.753078313992808
9170,-0.625706904062002,-1.34398828783429,-1.11886393782171,-0.97284769947684,0.258661256255925,-0.760549114587784
9180,-0.637240516983512,-1.35459134967079,-1.13026596740248,-0.969835124392084,0.252422736692753,-0.767902044351224
9190,-0.646313318355246,-1.36362642635265,-1.14235321589875,-0.967212866088741,0.243729399448667,-0.775155285449344
9200,-0.652919377668916,-1.37108732668274,-1.15509715933837,-0.965050262350345,0.232519025798565,-0.782327020048361
9210,-0.657052764416235,-1.37696785946391,-1.16846927374922,-0.96341665096043,0.218729397017345,-0.789435430314491
9220,-0.658707548088915,-1.38136943318231,-1.18244103515918,-0.962381369702531,0.202726133811179,-0.79643465046435
9230,-0.658829783319087,-1.38465209337037,-1.1969839195961,-0.962013756360181,0.185428425760165,-0.803410225377115
9240,-0.660173574084203,-1.38688333129658,-1.21206520602222,-0.962383148716915,0.167238830125191,-0.810853285998944
9250,-0.662964946839416,-1.38810585233586,-1.22732792160532,-0.963558884556268,0.148549947007465,-0.81868153166588
9260,-0.667261144077288,-1.38836236186314,-1.24253342883928,-0.965610301661772,0.129754376508194,-0.826802571986657
9270,-0.673119408290381,-1.38769556525335,-1.25764809446903,-0.968606737816964,0.111244718728585,-0.835165017420227
9280,-0.680596981971259,-1.38614816788141,-1.27263828523949,-0.972617530805376,0.0934135737698452,-0.843717478425539
9290,-0.689751107612483,-1.38376287512225,-1.28747036789561,-0.977712018410543,0.0766535417331817,-0.852408565461541
9300,-0.700639027706616,-1.38058239235079,-1.30211070918231,-0.983959538416,0.0613572227198016,-0.861186888987184
9310,-0.713317984746222,-1.37664942494197,-1.31652567584453,-0.991429428605281,0.047917216830912,-0.870001059461417
9320,-0.727845221223861,-1.3720066782707,-1.33068163462718,-1.00005710245571,0.03672612416772,-0.878772902481947
9330,-0.744277979632098,-1.36669685771192,-1.34454495227522,-1.00962790151752,0.0281765448314327,-0.887394229261064
9340,-0.762673502463495,-1.36076266864054,-1.35808199553356,-1.02002885444875,0.0226610789232572,-0.895777188432617
9350,-0.783089032210613,-1.35424681643151,-1.37125913114714,-1.03114746674617,0.0205723265444007,-0.903834023998206
9360,-0.805581811366016,-1.34719200645973,-1.38404272586089,-1.04287124390658,0.02230288779607,-0.911476979959428
9370,-0.830209082422266,-1.33964094410014,-1.39639914641973,-1.05508769142673,0.0282453627794726,-0.918618300317881
9380,-0.856808657299997,-1.33256275176219,-1.40829475956861,-1.06768431480342,0.0373617928599288,-0.925597738114859
9390,-0.883926342264931,-1.32711478454308,-1.41969593205246,-1.08054861953341,0.0438797976337326,-0.93348117615203
9400,-0.911296695932652,-1.32324334866073,-1.43056903061619,-1.0935681111135,0.0471788373218084,-0.942299669800252
9410,-0.938934107578429,-1.3208905674409,-1.44088042200476,-1.10663029504044,0.0472983658791891,-0.952007405237068
9420,-0.966852966477532,-1.31999856420938,-1.45059647296307,-1.11962267681103,0.0442778372609072,-0.962558568640022
9430,-0.995067661905233,-1.32050946229192,-1.45968355023608,-1.13243276192204,0.0381567054219961,-0.973907346186656
9440,-1.0235925831368,-1.32236538501431,-1.46811708411443,-1.14494805587025,0.0289744243174883,-0.98600973676366
9450,-1.05244211944751,-1.32550845570232,-1.47593357401109,-1.15705606415243,0.0167704479024169,-0.998833953082185
9460,-1.08163066011262,-1.32988079768171,-1.48317003236821,-1.16864429226537,0.00158423013181475,-1.01234831045922
9470,-1.11117259440741,-1.33542453427825,-1.48986013600372,-1.17960024570583,-0.0165447750392852,-1.0265204570869
9480,-1.14108231160715,-1.34208178881772,-1.49603756173551,-1.18981142997061,-0.03757711365585,-1.04131804115737
9490,-1.17137420098711,-1.3497946846259,-1.50173598638152,-1.19916535055647,-0.0614733317628469,-1.05670871086277
9500,-1.20206265182256,-1.35850534502854,-1.50698908675964,-1.2075495129602,-0.0881939754052429,-1.07266011439524
9510,-1.23316205338877,-1.36815589335143,-1.5118305396878,-1.21485142267857,-0.117699590628005,-1.08913989994692
9520,-1.264686794961,-1.37868845292033,-1.51629402198391,-1.22093571065946,-0.149950723476101,-1.10611114080016
9530,-1.29660495699668,-1.39000774867372,-1.52041321046588,-1.22565314849808,-0.184907919994497,-1.12351739692577
9540,-1.32779063560916,-1.40086271693081,-1.52422178195163,-1.2289923435452,-0.222449817076351,-1.14086345902263
9550,-1.35778282849747,-1.41064458233361,-1.52775341325906,-1.23095276206977,-0.261458088637399,-1.15771833495946
9560,-1.38661673276233,-1.41932307207497,-1.5310417812061,-1.23153387034075,-0.301604389061484,-1.17402396908913
9570,-1.4143275455045,-1.42686791334777,-1.53412056261066,-1.23073513462709,-0.342908233411078,-1.18979187790022
9580,-1.44095046382471,-1.43324883334487,-1.53702343429065,-1.22855602119776,-0.385389136748657,-1.20503357788133
9590,-1.46652068482371,-1.43843555925913,-1.53978407306398,-1.22499599632172,-0.429066614136694,-1.21976058552105
9600,-1.49107340560225,-1.44239781828341,-1.54243615574857,-1.22005452626791,-0.473960180637663,-1.23398441730796
9610,-1.51464382326106,-1.44510533761058,-1.54501335916233,-1.2137310773053,-0.520089351314038,-1.24771658973066
9620,-1.53726713490089,-1.44652784443351,-1.54754936012318,-1.20602511570284,-0.567473641228294,-1.26096861927774
9630,-1.55897853762248,-1.44663506594504,-1.55007783544903,-1.1969361077295,-0.616132565442904,-1.27375202243779
9640,-1.57981322852658,-1.44539672933805,NA,-1.18646351965423,-0.666085639020342,-1.2194397791348
9650,-1.59980640471393,-1.44278256180541,NA,-1.17460681774598,-0.717352377023083,-1.2336370403221
9660,-1.61899326328527,-1.43876229053996,NA,-1.16136546827373,-0.7699522945136,-1.24726832915314
9670,-1.63740900134134,-1.43330564273459,NA,-1.14673893750641,-0.823904906554368,-1.26033962203418
9680,-1.6550888159829,-1.42638234558214,NA,-1.130726691713,-0.879229728207861,-1.27285689537148
9690,-1.6724124012841,-1.41827761717896,NA,-1.11332819716245,-0.935946274536552,-1.28499112254052
9700,-1.68973598658531,-1.41109048907915,NA,-1.09454292012371,-0.994069172710209,-1.2973596421246
9710,-1.70705957188652,-1.40513855509662,NA,-1.07437032686575,-1.05216997927667,-1.30968460828139
9720,-1.72438315718772,-1.40033134705152,NA,-1.05278997908762,-1.10894152065804,-1.32161150099623
9730,-1.74170674248893,-1.396578396764,NA,-1.02952925990541,-1.16413745529431,-1.33298796361316
9740,-1.75903032779014,-1.3937892360542,NA,-1.00455328714544,-1.21751144162546,-1.34372107315381
9750,-1.77635391309134,-1.39187339674228,NA,-0.977928817636265,-1.26881713809146,-1.35374331639034
9760,-1.79367749839255,-1.39074041064839,NA,-0.949722608206466,-1.31780820313229,-1.36298718009492
9770,-1.81100108369376,-1.39029980959267,NA,-0.920001415684608,-1.36423829518795,-1.37138515103975
9780,-1.82832466899496,-1.39046112539527,NA,-0.888831996899263,-1.40786107269841,-1.37886971599698
9790,-1.84564825429617,-1.39113388987635,NA,-0.856281108678998,-1.44843019410364,-1.38537336173879
9800,-1.86297183959738,-1.39222763485605,NA,-0.822415507852385,-1.48569931784364,-1.39082857503736
9810,-1.88029542489858,-1.39365189215453,NA,-0.787301951247992,-1.51942210235838,-1.39516784266487
9820,-1.89761901019979,-1.39531619359193,NA,-0.751007195694388,-1.54935220608784,-1.39832365139349
9830,-1.914942595501,-1.3971300709884,NA,-0.713597998020145,-1.57524328747201,-1.40022848799539
9840,-1.9322661808022,-1.39900305616409,NA,-0.67514111505383,-1.59684900495087,-1.40081483924275
9850,-1.94958976610341,-1.40196885792107,NA,-0.635703303624014,-1.61392301696439,-1.40029623615322
9860,-1.96691335140462,-1.4087674740906,NA,-0.595351320559265,-1.62621898195256,-1.39931278200176
9870,-1.98423693670582,-1.41932294035811,NA,-0.554151922688154,-1.635391765676,-1.39827589135702
9880,-2.00156052200703,-1.43341064059565,NA,-0.51217186683925,-1.6452570882186,-1.39810002941513
9890,-2.01888410730824,-1.45080595867528,NA,-0.469477909841123,-1.65587454548546,-1.39876063032752
9900,-2.03620769260944,-1.47128427846902,NA,-0.426136808522342,-1.66718146544472,-1.40020256126138
9910,-2.05353127791065,-1.49462098384895,NA,-0.382215319711477,-1.6791151760645,-1.40237068938389
9920,-2.07085486321186,-1.52059145868709,NA,-0.337780200237097,-1.69161300531294,-1.40520988186224
9930,-2.08817844851306,-1.54897108685549,NA,NA,-1.70461228115814,-1.78058727217557
9940,-2.10550203381427,-1.57953525222621,NA,NA,-1.71805033156825,-1.80102920586958
9950,-2.12282561911548,-1.61205933867129,NA,NA,-1.73186448451139,-1.82224981409939
9960,-2.14014920441668,-1.64631873006278,NA,NA,-1.74599206795568,-1.84415333414505
9970,-2.15747278971789,-1.68208881027272,NA,NA,-1.76037040986926,-1.86664400328662
9980,-2.17479637501909,-1.71914496317316,NA,NA,-1.77493683822024,-1.88962605880416
9990,-2.1921199603203,-1.75726257263614,NA,NA,-1.78962868097676,-1.91300373797773
10000,-2.20944354562151,-1.79621702253371,NA,NA,-1.80438326610694,-1.93668127808739
10010,NA,NA,NA,NA,-1.81913792157891,-1.81913792157891
10020,NA,NA,NA,NA,-1.8338299753608,-1.8338299753608
10030,NA,NA,NA,NA,-1.84828648932173,-1.84828648932173
10040,NA,NA,NA,NA,-1.86189865531786,-1.86189865531786
10050,NA,NA,NA,NA,-1.87461447182816,-1.87461447182816
10060,NA,NA,NA,NA,-1.88647145358952,-1.88647145358952
10070,NA,NA,NA,NA,-1.89750711533887,-1.89750711533887
10080,NA,NA,NA,NA,-1.90775897181311,-1.90775897181311
10090,NA,NA,NA,NA,-1.91726453774917,-1.91726453774917
10100,NA,NA,NA,NA,-1.92606132788395,-1.92606132788395
10110,NA,NA,NA,NA,-1.93418685695436,-1.93418685695436
10120,NA,NA,NA,NA,-1.94167863969733,-1.94167863969733
10130,NA,NA,NA,NA,-1.94857419084977,-1.94857419084977
10140,NA,NA,NA,NA,-1.95491102514858,-1.95491102514858
10150,NA,NA,NA,NA,-1.96072665733068,-1.96072665733068
10160,NA,NA,NA,NA,-1.96605860213299,-1.96605860213299
10170,NA,NA,NA,NA,-1.97094437429241,-1.97094437429241
10180,NA,NA,NA,NA,-1.97542148854586,-1.97542148854586
10190,NA,NA,NA,NA,-1.97942206927865,-1.97942206927865
10200,NA,NA,NA,NA,-1.9809458881873,-1.9809458881873
10210,NA,NA,NA,NA,-1.9793568373673,-1.9793568373673
10220,NA,NA,NA,NA,-1.97483740095298,-1.97483740095298
10230,NA,NA,NA,NA,-1.96757006307872,-1.96757006307872
10240,NA,NA,NA,NA,-1.95773730787884,-1.95773730787884
10250,NA,NA,NA,NA,-1.9455216194877,-1.9455216194877
10260,NA,NA,NA,NA,-1.93110548203966,-1.93110548203966
10270,NA,NA,NA,NA,-1.91467137966906,-1.91467137966906
10280,NA,NA,NA,NA,-1.89640179651025,-1.89640179651025
10290,NA,NA,NA,NA,-1.87647921669759,-1.87647921669759
10300,NA,NA,NA,NA,-1.85508612436541,-1.85508612436541
10310,NA,NA,NA,NA,-1.83240500364808,-1.83240500364808
10320,NA,NA,NA,NA,-1.80861833867994,-1.80861833867994
10330,NA,NA,NA,NA,-1.78390861359534,-1.78390861359534
10340,NA,NA,NA,NA,-1.75845831252863,-1.75845831252863
10350,NA,NA,NA,NA,-1.73244991961416,-1.73244991961416
