Cal_BP;Influx
-72;0,0010
-45;0,0063
-18;0,0109
9;0,0056
36;0,0115
63;0,0291
90;0,0805
117;0,5287
144;0,0261
171;0,0361
198;0,0488
225;0,0611
252;0,0214
279;0,0339
306;0,0547
333;0,0553
360;0,0410
387;0,0108
414;0,0056
441;0,0171
468;0,0189
495;0,0346
522;0,0112
549;0,0140
576;0,0171
603;0,0478
630;0,0234
657;0,0220
684;0,0566
711;0,0261
738;0,0014
765;0,0022
792;0,0035
819;0,0047
846;0,0119
873;0,0144
900;0,0065
927;0,0077
954;0,0067
981;0,0075
1008;0,0170
1035;0,0513
1062;0,0457
1089;0,0237
1116;0,0098
1143;0,0088
1170;0,0092
1197;0,0237
1224;0,0087
1251;0,0082
1278;0,0089
1305;0,0134
1332;0,0569
1359;0,0081
1386;0,0457
1413;0,0041
1440;0,0061
1467;0,0031
1494;0,0208
1521;0,0184
1548;0,0191
1575;0,0285
1602;0,0389
1629;0,0139
1656;0,0106
1683;0,0085
1710;0,0101
1737;0,0119
1764;0,0072
1791;0,0170
1818;0,0533
1845;0,0696
1872;0,1080
1899;0,0173
1926;0,0693
1953;0,0358
1980;0,0423
2007;0,0117
2034;0,0199
2061;0,0351
2088;0,0594
2115;0,0240
2142;0,0400
2169;0,0219
2196;0,0054
2223;0,0273
2250;0,0206
2277;0,0603
2304;0,0352
2331;0,0561
2358;0,0718
2385;0,0269
2412;0,0267
2439;0,0405
2466;0,0929
2493;0,0510
2520;0,0472
2547;0,0453
2574;0,0113
2601;0,0460
2628;0,0057
2655;0,0151
2682;0,0967
2709;0,0411
2736;0,0249
2763;0,0469
2790;0,0337
2817;0,0734
2844;0,0596
2871;0,0204
2898;0,0346
2925;0,1007
2952;0,0529
2979;0,0531
3006;0,0620
3033;0,0128
3060;0,0687
3087;0,0073
3114;0,0212
3141;0,0097
3168;0,0113
3195;0,0388
3222;0,0120
3249;0,0215
3276;0,0539
3303;0,0344
3330;0,0203
3357;0,0176
3384;0,1049
3411;0,0288
3438;0,0113
3465;0,0025
3492;0,0035
3519;0,0101
3546;0,0313
3573;0,0404
3600;0,0876
3627;0,0575
3654;0,0192
3681;0,0427
3708;0,0216
3735;0,0114
3762;0,0203
3789;0,0180
3816;0,0153
3843;0,0071
3870;0,1477
3897;0,0785
3924;0,0058
3951;0,0119
3978;0,0112
4005;0,0230
4032;0,0259
4059;0,0330
4086;0,0785
4113;0,0871
4140;0,0134
4167;0,0153
4194;0,0119
4221;0,0107
4248;0,0349
4275;0,0142
4302;0,0213
4329;0,0397
4356;0,0131
4383;0,0018
4410;0,0697
4437;0,0039
4464;0,0151
4491;0,0174
4518;0,0478
4545;0,0170
4572;0,0205
4599;0,0688
4626;0,4290
4653;0,0038
4680;0,0038
4707;0,0086
4734;0,0513
4761;0,0360
4788;0,0111
4815;0,0033
4842;0,0078
4869;0,0054
4896;0,0127
4923;0,0130
4950;0,0151
4977;0,0049
5004;0,0057
5031;0,0137
5058;0,0288
5085;0,0054
5112;0,0220
5139;0,0671
5166;0,0006
5193;0,0079
5220;0,0496
5247;0,0018
5274;0,0261
5301;0,0650
5328;0,0017
5355;0,0257
5382;0,0193
5409;0,0093
5436;0,0017
5463;0,0053
5490;0,0082
5517;0,0142
5544;0,0251
5571;0,0699
5598;0,0714
5625;0,0572
5652;0,0846
5679;0,0374
5706;0,0271
5733;0,0931
5760;0,0444
5787;0,0125
5814;0,1155
5841;0,0751
5868;0,0505
5895;0,0837
5922;0,0395
5949;0,0571
5976;0,0224
6003;0,0413
6030;0,0314
6057;0,0606
6084;0,0222
6111;0,0478
6138;0,0735
6165;0,0789
6192;0,0185
6219;0,0119
6246;0,0148
6273;0,0135
6300;0,0364
6327;0,0141
6354;0,0362
6381;0,0137
6408;0,0348
6435;0,0225
6462;0,0625
6489;0,0227
6516;0,0488
6543;0,0151
6570;0,0102
6597;0,0094
6624;0,0191
6651;0,0589
6678;0,1285
6705;0,0284
6732;0,0039
6759;0,0222
6786;0,0763
6813;0,0098
6840;0,0316
6867;0,0317
6894;0,0094
6921;0,0274
6948;0,0156
6975;0,0099
7002;0,0153
7029;0,0042
7056;0,0094
7083;0,0289
7110;0,0073
7137;0,0041
7164;0,0301
7191;0,0385
7218;0,0187
7245;0,0033
7272;0,0098
7299;0,0285
7326;0,0227
7353;0,0171
7380;0,0161
7407;0,0209
7434;0,0453
7461;0,0508
7488;0,0152
7515;0,0066
7542;0,0204
7569;0,0251
7596;0,0066
7623;0,0100
7650;0,0135
7677;0,0269
7704;0,0213
7731;0,0287
7758;0,0167
7785;0,0387
7812;0,1160
7839;0,0072
7866;0,0145
7893;0,0660
7920;0,0207
7947;0,0056
7974;0,0127
8001;0,0091
8028;0,0101
8055;0,0115
8082;0,0080
8109;0,0173
8136;0,0295
8163;0,0341
8190;0,0154
8217;0,0253
8244;0,0585
8271;0,0425
8298;0,0162
8325;0,0153
8352;0,0890
8379;0,1148
8406;0,0260
8433;0,0114
8460;0,0095
8487;0,0087
8514;0,0073
8541;0,0097
8568;0,0046
8595;0,0049
8622;0,0034
8649;0,0007
8676;0,0037
8703;0,0163
8730;0,0079
8757;0,0005
8784;0,0000
8811;0,0009
8838;0,0036
8865;0,0096
8892;0,0239
8919;0,0051
8946;0,0024
8973;0,0007
9000;0,0054
9027;0,0073
9054;0,0080
9081;0,0016
9108;0,0014
9135;0,0006
9162;0,0005
9189;0,0002
9216;0,0016
9243;0,0026
9270;0,0022
9297;0,0024
9324;0,0017
9351;0,0011
9378;0,0011
9405;0,0051
9432;0,0055
9459;0,0048
9486;0,0017
9513;0,0017
9540;0,0016
9567;0,0015
9594;0,0015
9621;0,0005
9648;0,0003
9675;0,0006
9702;0,0019
9729;0,0019
9756;0,0028
9783;0,0036
9810;0,0036
9837;0,0038
9864;0,0038
9891;0,0019
9918;0,0005
9945;0,0005
9972;0,0005
9999;0,0005
10026;0,0026
10053;0,0057
10080;0,0043
10107;0,0045
10134;0,0017
10161;0,0012
10188;0,0037
10215;0,0016
10242;0,0000
;
;
;
;
;
;
;
;
;
;
;
;
;
;
;
;
