"Age","Castor","Gagnon","Perche","Desperiers","Labelle","FFmean"
0,6.45927680881964,5.18301617935305,NA,NA,8.75354734214747,6.79861344344005
10,6.46071761899965,5.1813033726867,NA,NA,8.75496301884922,6.79899467017852
20,6.46202476376302,5.17974140429001,NA,NA,8.75621853475845,6.79932823427049
30,6.46319299945907,5.17833118752295,NA,NA,8.75733381261314,6.79961933319839
40,6.46420621624256,5.17707766607236,NA,NA,8.75831881157309,6.79986756462934
50,6.46506712331323,5.17599059146698,NA,NA,8.75917405216498,6.8000772556484
60,6.46577768051354,5.17505623245602,NA,NA,8.75991230453013,6.80024873916656
70,6.46633568254098,5.17427495217752,NA,NA,8.7605502819322,6.8003869722169
80,6.46673960839151,5.173647085358,NA,NA,8.76109313957155,6.80049327777369
90,6.46698862761946,5.17317392344709,NA,NA,8.76154951935532,6.80057069014063
100,6.46707710791998,5.17286209756478,NA,NA,8.76193949821099,6.80062623456525
110,6.46700183078736,5.17271597421911,NA,NA,8.7622720859019,6.80066329696946
120,6.46677070305771,5.17272438085495,NA,NA,8.76255583206866,6.80068363866044
130,6.46638893343381,5.17288751473637,NA,NA,8.76280986779221,6.80069543865413
140,6.46585937605914,5.17320554946762,NA,NA,8.76304610052698,6.80070367535125
150,6.46518557623513,5.17368018256494,NA,NA,8.763277581255,6.80071444668503
160,6.4643717643914,5.17431978716188,NA,NA,8.76351882177905,6.80073679111078
170,6.46341393594254,5.17512321345326,NA,NA,8.76378342281903,6.80077352407161
180,6.46232212799668,5.17608202416469,NA,NA,8.76408774496885,6.80083063237674
190,6.46110781664311,5.17719627736782,NA,NA,8.7644459957071,6.80091669657268
200,6.4597787301484,5.17846601102886,NA,NA,8.76486908180185,6.80103794099304
210,6.45834255119921,5.17989333968529,NA,NA,8.76537527561597,6.80120372216682
220,6.45680757225441,5.18148840041014,NA,NA,8.76598311456648,6.80142636241034
230,6.4551809604582,5.18324448367552,NA,NA,8.76669647406487,6.8017073060662
240,6.45346955687737,5.18515599269979,NA,NA,8.76753401545664,6.8020531883446
250,6.45168773718973,5.18722286549677,NA,NA,8.76852203059458,6.80247754442702
260,6.44984836042185,5.18944502219805,NA,NA,8.76965644555435,6.80298327605808
270,6.44796261592562,5.19182499034549,NA,NA,8.77095424897004,6.80358061841372
280,6.44604216978842,5.19437466251517,NA,NA,8.77244221020207,6.80428634750189
290,6.44409913938111,5.19708179528653,NA,NA,8.77412048870133,6.80510047445632
300,6.44214647556743,5.19994367716359,NA,NA,8.77599725352612,6.80602913541904
310,6.44019872592116,5.2029601351275,NA,NA,8.77809804690592,6.80708563598486
320,6.43826999172581,5.20613105778253,NA,NA,8.78043164786252,6.80827756579028
330,6.43637405612642,5.20945955731009,NA,NA,8.7829935322295,6.80960904855533
340,6.43452495266059,5.21295817866548,NA,NA,8.78580638547145,6.81109650559918
350,6.43273698253908,5.21661044381225,NA,NA,8.78889128726645,6.81274623787259
360,6.43102555507208,5.22041608201235,NA,NA,8.7922285364817,6.81455672452204
370,6.42941310535744,5.22437480260233,NA,NA,8.7958365780632,6.81654149534099
380,6.42791169514696,5.22848690696055,NA,NA,8.79974749904982,6.81871536705244
390,6.42653382645317,5.23275718769861,NA,NA,8.80393222421957,6.82107441279045
400,6.42529467129939,5.23719258821533,NA,NA,8.80840222014258,6.82362982655244
410,6.42420946046966,5.24177960189707,NA,NA,8.81318459561582,6.82639121932752
420,6.42329344953516,5.2465178182914,NA,NA,8.81826289036093,6.82935805272916
430,6.42257073916807,5.25140680093003,NA,NA,8.82363240134997,6.83253664714936
440,6.42206102336086,5.25644720289479,NA,NA,8.82931402008333,6.83594074877966
450,6.42177236087863,5.2616453996037,NA,NA,8.83530552867455,6.83957442971896
460,6.42171657843504,5.26700277227591,NA,NA,8.84158523971064,6.84343486347387
470,6.42190849330014,5.27250874242918,NA,NA,8.84816697140996,6.84752806904643
480,6.42236273362492,5.27816271090484,NA,NA,8.85506281837208,6.85186275430061
490,6.42309370578481,5.2839640424887,NA,NA,8.8622355479922,6.85643109875524
500,6.42413945754394,5.28991364337457,NA,NA,8.8696916644439,6.8612482551208
510,6.42550342256231,5.29601929319119,NA,NA,8.877450437346,6.8663243843665
520,6.42718896569256,5.30227692574238,NA,NA,8.88547025042566,6.8716453806202
530,6.42920864503408,5.30867878659545,NA,NA,8.89374815357813,6.87721186173589
540,6.43157517031904,5.31522401547854,NA,NA,8.90229459422253,6.88303126000671
550,6.434300836902,5.32191170285655,NA,NA,8.91108271943162,6.88909841973006
560,6.43740905811757,5.32874286905897,NA,NA,8.92009456223685,6.89541549647113
570,6.44092565021408,5.33572641484942,NA,NA,8.92933189793275,6.90199465433208
580,6.4448460131339,5.3428530779283,NA,NA,8.93877961517903,6.90882623541374
590,6.4491720321898,5.35011774930086,NA,NA,8.94840825750666,6.91589934633244
600,6.45391338013027,5.35751921969669,NA,NA,8.95821162014141,6.92321473998946
610,6.45907916003285,5.36505621612163,NA,NA,8.96818158244583,6.93077231953343
620,6.46467788518548,5.37272969682615,NA,NA,8.97828252372931,6.93856336858031
630,6.47074630845409,5.38054927552477,NA,NA,8.98850159378604,6.94659905925497
640,6.47728395471228,5.38850097110899,NA,NA,8.99882869835273,6.954871208058
650,6.48428092534702,5.39658204584116,NA,NA,9.00923144328417,6.96336480482412
660,6.49173967433031,5.40479085293545,NA,NA,9.01969076812011,6.97207376512862
670,6.49966531679138,5.41312589553128,NA,NA,9.03018818753334,6.98099313328533
680,6.50806228254819,5.42158849793533,NA,NA,9.04069853965213,6.99011644004521
690,6.51694226827959,5.43018519191642,NA,NA,9.05119889443563,6.99944211821055
700,6.52633506030407,5.43890178476138,NA,NA,9.06166424546238,7.00896703017594
710,6.5362218755957,5.44773620655981,NA,NA,9.07206924470715,7.01867577562088
720,6.54659084569047,5.45668630385812,NA,NA,9.08239415350235,7.02855710101698
730,6.55744265413043,5.46575040198826,NA,NA,9.09260975247162,7.03860093619677
740,6.56877726356187,5.47493032252192,NA,NA,9.10268205323932,7.04879654644103
750,6.58059391576573,5.48422715815137,NA,NA,9.11260136035236,7.05914081142315
760,6.59291537140227,5.49362962099344,NA,NA,9.12233657323669,7.06962718854413
770,6.60573992969221,5.50313510724845,NA,NA,9.13184234120802,7.08023912604956
780,6.61904551957815,5.51274092870668,NA,NA,9.1411164538092,7.09096763403134
790,6.63282199545213,5.52244508954408,NA,NA,9.15013088680117,7.10179932393246
800,6.64706485292955,5.53224939826547,NA,NA,9.15883737098504,7.11271720739335
810,6.66176890178039,5.5421504358035,NA,NA,9.1672249059421,7.123714747842
820,6.67692975918516,5.55213952588878,NA,NA,9.17527919833262,7.13478282780219
830,6.69257439068196,5.56221355218948,NA,NA,9.18295211994236,7.14591335427127
840,6.70867418910371,5.5723693236088,NA,NA,9.19021461845073,7.15708604372108
850,6.72520600057789,5.58260441559785,NA,NA,9.19707404019663,7.16829481879079
860,6.74216122335948,5.59292005714637,NA,NA,9.20348554419007,7.17952227489864
870,6.75953065997831,5.60330967607416,NA,NA,9.20939303872731,7.19074445825993
880,6.77730453580404,5.61376678182052,NA,NA,9.21483029157094,7.20196720306517
890,6.79548672817583,5.6242878371386,NA,NA,9.21975764416293,7.21317740315912
900,6.81407374603783,5.63486925132028,NA,NA,9.22410337253892,7.22434878996568
910,6.83303749060581,5.64550811965296,NA,NA,9.22790548408822,7.23548369811566
920,6.85235859297825,5.65620452037266,NA,NA,9.23113974778117,7.24656762037736
930,6.87202458091626,5.66695046977152,NA,NA,9.23374028469461,7.2575717784608
940,6.89202254479239,5.67774111106413,NA,NA,9.23571761375687,7.2684937565378
950,6.91233916245245,5.68857265019673,NA,NA,9.23707808798454,7.27932996687791
960,6.93298123411588,5.69944127181143,NA,NA,9.23776469420016,7.29006240004249
970,6.95392383537838,5.71034361104124,NA,NA,9.23775319554628,7.30067354732197
980,6.97514110013461,5.72127808801266,NA,NA,9.23708589240486,7.31116836018404
990,6.99661695858965,5.73223728977752,NA,NA,9.23571729213363,7.3215238468336
1000,7.01833634795356,5.74321735189972,NA,NA,9.23358276288474,7.33171215424601
1010,7.0402839616089,5.75421444944031,NA,NA,9.23076025463832,7.34175288856251
1020,7.06244889545652,5.7652247940971,NA,NA,9.22721571749225,7.35162980234863
1030,7.0848222599141,5.77624471538929,NA,NA,9.22287214207695,7.36131303912678
1040,7.10737845095723,5.78727033288339,NA,NA,9.21780165331794,7.37081681238619
1050,7.13009638403042,5.79829711212373,NA,NA,9.21199575456096,7.38012975023837
1060,7.15295992758502,5.80932140624055,NA,NA,9.20539171878639,7.38922435087065
1070,7.17595288113846,5.82033962370302,NA,NA,9.19802082652742,7.39810444378964
1080,7.19905900226276,5.83134813483803,NA,NA,9.189913691595,7.40677360956526
1090,7.22226642427813,5.84234269799768,NA,NA,9.18102346560546,7.41521086262709
1100,7.24555611417869,5.85331910663651,NA,NA,9.17133871465816,7.42340464515779
1110,7.26890778468716,5.86427503477095,NA,NA,9.16092943937121,7.43137075294311
1120,7.29230441735836,5.87520729666819,NA,NA,9.14976555773481,7.43909242392045
1130,7.31572998467335,5.88611280337052,NA,NA,9.13779345358077,7.44654541387488
1140,7.33916857809955,5.89698824359673,NA,NA,9.1251163160658,7.45375771258736
1150,7.36260416576156,5.90782866315102,NA,NA,9.11171810690347,7.46071697860535
1160,7.38601830158183,5.91863139057423,NA,NA,9.09754159027016,7.46739709414207
1170,7.40939518445244,5.92939552495728,NA,NA,9.08267287431558,7.4738211945751
1180,7.43271998853184,5.94011858507272,NA,NA,9.06712414560171,7.47998757306875
1190,7.45597780315891,5.95079821994186,NA,NA,9.05085673182619,7.48587758497565
1200,7.47915397003915,5.96143160680879,NA,NA,9.03391443221342,7.49150000302045
1210,7.50223410101712,5.97201311148666,NA,NA,9.01634435214986,7.49686385488455
1220,7.52519830204059,5.98254300034416,NA,NA,8.99812567268897,7.5019556583579
1230,7.54802986469282,5.99302107694518,NA,NA,8.97926479546,7.506771912366
1240,7.57071944809202,6.00344574231223,NA,NA,8.95983842356185,7.5113345379887
1250,7.59325582468034,6.01381554764767,NA,NA,8.93984210974715,7.51563782735839
1260,7.61562629049606,6.02412831145903,NA,NA,8.91925200334177,7.51966886843229
1270,7.63781850075132,6.03437793347219,NA,NA,8.89816419852566,7.52345354424972
1280,7.65982047994503,6.04456834498156,NA,NA,8.8765860503507,7.52699162509243
1290,7.68160350180969,6.05469948616993,NA,NA,8.85449908574776,7.53026735790913
1300,7.70316408040136,6.06477072108623,NA,NA,8.83197745151104,7.53330408433288
1310,7.72449843329449,6.07478150028953,NA,NA,8.80904938238101,7.53610977198834
1320,7.74559646994775,6.08473015712138,NA,NA,8.78571289694163,7.53867984133692
1330,7.76644829064292,6.09461158438014,NA,NA,8.76201224983726,7.54102404162011
1340,7.78704440356092,6.10443209897579,NA,NA,8.73799453839355,7.54315701364342
1350,7.80736695367959,6.11419185307443,NA,NA,8.71367131783051,7.54507670819484
1360,7.82739767393327,6.12389113871998,NA,NA,8.68906735836591,7.54678539033972
1370,7.84713929257866,6.13353014348639,NA,NA,8.66423943160222,7.54830295588909
1380,7.86658982229192,6.14310734868985,NA,NA,8.63920915622002,7.5496354424006
1390,7.88574193697109,6.15262093565151,NA,NA,8.6139934298416,7.55078543415473
1400,7.90458871468394,6.16207675071032,NA,NA,8.58864825340686,7.55177123960037
1410,7.92312363355847,6.17147575248264,NA,NA,8.56320098134991,7.55260012246368
1420,7.94131912761241,6.18081900764464,NA,NA,8.53767772418891,7.55327195314865
1430,7.95917590525673,6.19010731857152,NA,NA,8.51211922443693,7.55380081608839
1440,7.97670042151522,6.19933940434539,NA,NA,8.48655788566803,7.55419923717621
1450,7.99388995868,6.20851641799269,NA,NA,8.461028389199,7.55447825529057
1460,8.01074000512589,6.2176432421924,NA,NA,8.43556437698642,7.55464920810157
1470,8.02724640433774,6.22672139991899,NA,NA,8.41019479648144,7.55472086691272
1480,8.04339885429604,6.23575247566305,NA,NA,8.38495868329121,7.5547033377501
1490,8.05917507726561,6.24473768910126,NA,NA,8.35989513549883,7.55460263395523
1500,8.07458716988844,6.25367608494874,NA,NA,8.33501970992048,7.55442765491922
1510,8.08964183056947,6.26257088390106,NA,NA,8.31037151259845,7.55419474235633
1520,8.10433660449605,6.2714257862613,NA,NA,8.28600744359811,7.55392327811849
1530,8.1186693222534,6.28024255850595,NA,NA,8.26192289218172,7.55361159098036
1540,8.13263808737759,6.28902297304853,NA,NA,8.23815539180821,7.55327215074477
1550,8.14622194912079,6.29776840115871,NA,NA,8.21476727530727,7.55291920852892
1560,8.15941976971208,6.30647821358286,NA,NA,8.19175655634998,7.55255151321497
1570,8.17224471597219,6.31515650613754,NA,NA,8.16914653014783,7.55218258408585
1580,8.18470046579954,6.32380578277442,NA,NA,8.14699724193381,7.55183449683592
1590,8.19678634777976,6.33242769384428,NA,NA,8.1253254313731,7.55151315766571
1600,8.20850188067985,6.34102383805483,NA,NA,8.10412996992986,7.55121856288818
1610,8.21984485578784,6.34959542038917,NA,NA,8.08346456714693,7.55096828110798
1620,8.23078788245668,6.35814196389842,NA,NA,8.06337551006139,7.55076845213883
1630,8.24134801001538,6.36666732695709,NA,NA,8.04382964053895,7.5506149925038
1640,8.25153756998825,6.37517289630613,NA,NA,8.024870655985,7.5505270407598
1650,8.26135687044249,6.38365985342527,NA,NA,8.00658381662566,7.55053351349781
1660,8.27080632976738,6.39212924158799,NA,NA,7.98890315890973,7.55061291008837
1670,8.27988646517824,6.4005816164988,NA,NA,7.97186502200184,7.55077770122629
1680,8.28858343683716,6.40901684961571,NA,NA,7.95555037965364,7.55105022203551
1690,8.29689070856341,6.41743721729041,NA,NA,7.93991912103744,7.55141568229709
1700,8.30482418310705,6.42584326967181,NA,NA,7.92497679063422,7.55188141447103
1710,8.31239135908351,6.43423541778794,NA,NA,7.91079211878531,7.55247296521892
1720,8.31959310220524,6.44261386060175,NA,NA,7.89736473785395,7.55319056688698
1730,8.32643031556641,6.45097815524336,NA,NA,7.88466232017346,7.55402359699441
1740,8.33290393214464,6.45932781813223,NA,NA,7.87273868713867,7.55499014580518
1750,8.33898837882193,6.46766364169382,NA,NA,7.86163950654023,7.55609717568533
1760,8.34469697751821,6.47598521844933,NA,NA,7.85129107555678,7.55732442384144
1770,8.35004383385352,6.4842919748202,NA,NA,7.84173025561049,7.55868868809474
1780,8.35503120639379,6.49258303327938,NA,NA,7.83305312696638,7.56022245554652
1790,8.35966008935759,6.5008564845002,NA,NA,7.82514979353564,7.56188878913114
1800,8.36393147620437,6.5091111554508,NA,NA,7.81804713257556,7.56369658807691
1810,8.36783713012999,6.51734667213756,NA,NA,7.81182577802082,7.56566986009612
1820,8.37136366272551,6.52556154741495,NA,NA,7.80642202382779,7.56778241132275
1830,8.37452738157949,6.53375411948709,NA,NA,7.80182269955204,7.57003473353954
1840,8.3773377470142,6.54192225887097,NA,NA,7.79809010200437,7.57245003596318
1850,8.37979573548655,6.55006192892376,NA,NA,7.79521133457117,7.57502299966049
1860,8.38190232417292,6.55817177206466,NA,NA,7.79313181175139,7.57773530266299
1870,8.38365849421991,6.56625035029884,NA,NA,7.79189472431482,7.58060118961119
1880,8.38504430685749,6.57429509248067,NA,NA,7.79153895099625,7.58362611677814
1890,8.38606538652752,6.58230326273631,NA,NA,7.79196945664942,7.58677936863775
1900,8.38673607004337,6.59027137083813,NA,NA,7.79321059659394,7.59007267915848
1910,8.38706062035042,6.59819242101598,NA,NA,7.7953488474885,7.59353396295163
1920,8.38704012671884,6.60606625945916,NA,NA,7.79826128340994,7.59712255652932
1930,8.38667572116698,6.61389019699,NA,NA,7.8019608570882,7.60084225841506
1940,8.38596426042599,6.62166068549199,NA,NA,7.80651400959406,7.60471298517068
1950,8.38488608649959,6.62937400920001,NA,NA,7.81185082804033,7.60870364124664
1960,8.38345793465429,6.63702515031228,NA,NA,7.81794503854795,7.61280937450484
1970,8.38169132802166,6.64460376100004,NA,NA,7.8248434536995,7.61704618090707
1980,8.37958778622001,6.65211244663443,NA,NA,7.83252713679572,7.62140912321672
1990,8.37714893727652,6.65954698753878,NA,NA,7.84093321446207,7.62587637975913
2000,8.37437652985147,6.66690305665823,NA,NA,7.85008974477047,7.63045644376006
2010,8.3712570426209,6.67417593858753,NA,NA,7.86002543301897,7.63515280474246
2020,8.36779013529245,6.68135807364451,NA,NA,7.87064495881936,7.63993105591877
2030,8.36399133776643,6.6884392690324,NA,NA,7.88195988354629,7.64479683011504
2040,8.3598679893471,6.69542266120393,NA,NA,7.89403490050402,7.64977518368502
2050,8.35542269496117,6.7023034667158,NA,NA,7.90675980201584,7.65482865456427
2060,8.35065826470542,6.70907683845694,NA,NA,7.92013497603373,7.65995669306537
2070,8.34557772772201,6.71573717108267,NA,NA,7.93420638083418,7.66517375987962
2080,8.34015938742081,6.72227367664831,NA,NA,7.94891172837417,7.67044826414776
2090,8.33442138866933,6.72867860326407,NA,NA,7.96421991564041,7.6757733025246
2100,8.32837860085064,6.73495506659808,NA,NA,7.98015976429616,7.6811644772483
2110,8.32203522965531,6.74109800281837,NA,NA,7.99671174562672,7.68661499270014
2120,8.31539569171096,6.74710232999861,NA,NA,8.01381761536605,7.69210521235854
2130,8.30846470804323,6.75296167905517,NA,NA,8.03149088034983,7.69763908914941
2140,8.30123795819891,6.75866131872913,NA,NA,8.04974900175916,7.70321609289573
2150,8.29371335218651,6.76419857755643,NA,NA,8.0685120239744,7.70880798457245
2160,8.28590883248668,6.76957570813268,NA,NA,8.0877813331157,7.71442195791169
2170,8.27783640625071,6.7747876477695,NA,NA,8.10759675354491,7.72007360252171
2180,8.26950259849362,6.77982935817364,NA,NA,8.1278743053104,7.72573542065922
2190,8.26091430812473,6.78469383492052,NA,NA,8.14860623668451,7.73140479324326
2200,8.25207881644891,6.78936172675332,NA,NA,8.16981750904718,7.73708601741647
2210,8.24298830711609,6.79383814060733,NA,NA,8.19146058610434,7.74276234460925
2220,8.23365766741308,6.79812344457974,NA,NA,8.21350645136411,7.74842918778564
2230,8.22410449963959,6.80221282866001,NA,NA,8.23596726728951,7.75409486519637
2240,8.21433920633179,6.80610154295761,NA,NA,8.25882546012909,7.7597554031395
2250,8.20437119557884,6.80978206709017,NA,NA,8.28203548496888,7.76539624921263
2260,8.19421029041631,6.81322985032477,NA,NA,8.30559881707596,7.77101298593901
2270,8.18386333124513,6.8164602688058,NA,NA,8.32952121646427,7.7766149388384
2280,8.17333364139958,6.81947072578887,NA,NA,8.3537459479988,7.78218343839575
2290,8.16264074955832,6.82225686658232,NA,NA,8.3782669508361,7.78772152232558
2300,8.15180092458715,6.82481408200769,NA,NA,8.4030998823126,7.79323829630248
2310,8.14082617431641,6.82713273123079,NA,NA,8.42819065440819,7.79871651998513
2320,8.12972890907292,6.82918980163496,NA,NA,8.45352703353567,7.80414858141452
2330,8.11852193505553,6.83100516092559,NA,NA,8.47911438282997,7.8095471596037
2340,8.1072141852072,6.83257495282273,NA,NA,8.50492090253939,7.81490334685644
2350,8.09582124887245,6.83389542383952,NA,NA,8.53092334928745,7.82021334066648
2360,8.08436124891719,6.83496190323674,NA,NA,8.55711889939207,7.82548068384867
2370,8.07284963556254,6.83576090954158,NA,NA,8.58349125383275,7.83070059964562
2380,8.06130114030531,6.83627816357616,NA,NA,8.61001076324667,7.83586335570938
2390,8.04973081718721,6.83653142893338,NA,NA,8.63666853624008,7.84097692745356
2400,8.03815413336327,6.83651753119034,NA,NA,8.66345694309647,7.84604286921669
2410,8.02658909573931,6.83623341010205,NA,NA,8.69034470890644,7.85105573824926
2420,8.01505256705181,6.83567434761448,NA,NA,8.71731937341248,7.85601542935959
2430,8.00356073758121,6.83482258005226,NA,NA,8.74437283081352,7.860918716149
2440,7.99213005754678,6.83367446849468,NA,NA,8.77147927204698,7.86576126602948
2450,7.98077717314405,6.83224450094642,NA,NA,8.79862366603422,7.87054844670823
2460,7.96951890207406,6.83053024028494,NA,NA,8.82579200511661,7.87528038249187
2470,7.95837774170875,6.82852936929241,NA,NA,8.85296592076334,7.87995767725483
2480,7.94737495499686,6.82623713447071,NA,NA,8.88012923437373,7.88458044128044
2490,7.93652367150031,6.82363121998264,NA,NA,8.90726420081516,7.8891396974327
2500,7.92583906691253,6.82072000468488,NA,NA,8.93435288630214,7.89363731929985
2510,7.91533841013052,6.81751373922752,NA,NA,8.96138263457375,7.89807826131059
2520,7.90503896191564,6.81401075101419,NA,NA,8.98833420716211,7.90246130669732
2530,7.89495794330835,6.81020949029369,NA,NA,9.01518294049142,7.90678345803116
2540,7.88513190152675,6.80610519454033,NA,NA,9.04192402633569,7.91105370746759
2550,7.87557079963656,6.80167092622562,NA,NA,9.06853819515052,7.9152599736709
2560,7.86628337003987,6.79692791000156,NA,NA,9.09499205493785,7.91940111165976
2570,7.85728562614659,6.79188145727234,NA,NA,9.12128605508198,7.92348437950031
2580,7.84859402221637,6.7865306772487,NA,NA,9.14740309391128,7.92750926445878
2590,7.84022475875619,6.78087480494621,NA,NA,9.17330843397628,7.93146933255956
2600,7.83220374092189,6.77490912695733,NA,NA,9.19899459071167,7.93536915286363
2610,7.82456165948277,6.76860224372397,NA,NA,9.22445366799207,7.93920585706627
2620,7.8172997087694,6.76198850037037,NA,NA,9.24965206427927,7.94298009113968
2630,7.81042463279005,6.75506785899766,NA,NA,9.27456684526388,7.94668644568386
2640,7.80395070184343,6.74784023420207,NA,NA,9.29920440633643,7.95033178079398
2650,7.79789170981949,6.74030496827624,NA,NA,9.32353490393579,7.95391052734384
2660,7.7922609397867,6.73245350660254,NA,NA,9.34751223310967,7.9574088931663
2670,7.78709943454773,6.72426661442859,NA,NA,9.3711609571986,7.96084233539164
2680,7.78241361328906,6.71577385262646,NA,NA,9.39445487726442,7.96421411439331
2690,7.77819847148716,6.70697584415247,NA,NA,9.41733356880254,7.96750262814739
2700,7.77446096623113,6.69787334973479,NA,NA,9.43982355615073,7.97071929070555
2710,7.77121112598196,6.68846588413558,NA,NA,9.46190744334075,7.9738614844861
2720,7.76845826402822,6.67874115803398,NA,NA,9.48352909090745,7.97690950432322
2730,7.76621843580879,6.66869286294777,NA,NA,9.50469079036454,7.97986736304037
2740,7.7645303606492,6.65834487386538,NA,NA,9.52539584637864,7.98275702696441
2750,7.76337857092245,6.64769871011744,NA,NA,9.54559534131118,7.98555754078369
2760,7.76275435120783,6.636756039767,NA,NA,9.5652594388575,7.98825660994411
2770,7.76266277715842,6.6255166942107,NA,NA,9.58441751665081,7.99086566267331
2780,7.76310804528937,6.61396516645132,NA,NA,9.6030308973494,7.99336803636336
2790,7.76409345219449,6.60210777536023,NA,NA,9.62102977905874,7.99574366887116
2800,7.76564785267786,6.58996263793914,NA,NA,9.63847245413462,7.99802764825054
2810,7.76777550239144,6.57753224469655,NA,NA,9.65532788390992,8.0002118769993
2820,7.77045514503684,6.56481924759397,NA,NA,9.67151040280281,8.00226159847787
2830,7.7736783548399,6.55182399288718,NA,NA,9.68707308131027,8.00419180967912
2840,7.7774433927243,6.53852859785841,NA,NA,9.7020022782776,8.00599142295344
2850,7.7817475272167,6.52495103996685,NA,NA,9.71622375343725,8.00764077354027
2860,7.78658766540392,6.51110394229412,NA,NA,9.72974979246384,8.00914713338729
2870,7.79200072678031,6.49699084634195,NA,NA,9.74259920511224,8.0105302594115
2880,7.79795564443893,6.48261546706106,NA,NA,9.75471227810925,8.01176112986975
2890,7.80442700612863,6.46797890597596,NA,NA,9.76605330783032,8.0128197399783
2900,7.81140675490806,6.45306209420849,NA,NA,9.77667831066915,8.01371571992857
2910,7.81888582616537,6.43789292975397,NA,NA,9.78654506357904,8.01444127316613
2920,7.8268541528181,6.42247916488312,NA,NA,9.79556333184978,8.01496554985033
2930,7.83531699265305,6.40682545902119,NA,NA,9.8038269974086,8.01532314969428
2940,7.84427291393817,6.39093646618105,NA,NA,9.81130519757546,8.01550485923156
2950,7.8536883979263,6.37481312433646,NA,NA,9.81789559286636,8.01546570504304
2960,7.86353982596061,6.35844139068641,NA,NA,9.82367568332546,8.01521896665749
2970,7.87381200853622,6.34185144023454,NA,NA,9.82864117418214,8.01476820765097
2980,7.88448883591465,6.32504890041639,NA,NA,9.83270898044068,8.01408223892391
2990,7.89555329874423,6.30803958128998,NA,NA,9.83590162878466,8.01316483627295
3000,7.90701148473487,6.29082890939222,NA,NA,9.83825660958959,8.01203233457223
3010,7.9188324434895,6.27341662596529,NA,NA,9.83971259494368,8.01065388813283
3020,7.93098244088236,6.25580062798357,NA,NA,9.8402325083757,8.00900519241388
3030,7.94343902326134,6.2380044288331,NA,NA,9.83989832470833,8.00711392560093
3040,7.95618085649964,6.22003479180211,NA,NA,9.8386725197568,8.00496272268618
3050,7.96918588341012,6.20189865463822,NA,NA,9.83645518744051,8.00251324182962
3060,7.98243594931748,6.18360238618405,NA,NA,9.83337010635295,7.99980281395149
3070,7.99591517303297,6.16514599549818,NA,NA,9.8293934273709,7.99681819863402
3080,8.00958815475836,6.14653655575798,NA,NA,9.82442182620185,7.9935155122394
3090,8.02342430418364,6.1277918270395,NA,NA,9.8185497074152,7.98992194621278
3100,8.03739836225175,6.10891962449734,NA,NA,9.81178673830379,7.98603490835096
3110,8.05148459278386,6.08992791693161,NA,NA,9.80405527774214,7.9818225958192
3120,8.06565682643413,6.07082414074786,NA,NA,9.79538698210571,7.97728931642923
3130,8.07988983026836,6.05161027933758,NA,NA,9.78583676888069,7.97244562616221
3140,8.09415317970801,6.03229890256868,NA,NA,9.77535361730423,7.96726856652697
3150,8.10841666750782,6.01290330822097,NA,NA,9.7639063400592,7.96174210526266
3160,8.1226522789663,5.99343219543493,NA,NA,9.75159441875765,7.95589296438629
3170,8.13683233878648,5.97389438226805,NA,NA,9.73839365984952,7.94970679363469
3180,8.15092904128346,5.95429843090259,NA,NA,9.72421187149115,7.9431464478924
3190,8.16491318550698,5.93465015949685,NA,NA,9.70918666446928,7.9362500031577
3200,8.17874442203884,5.91496315237743,NA,NA,9.6933074201527,7.92900499818966
3210,8.19239889750563,5.89524788277612,NA,NA,9.67648932304179,7.92137870110785
3220,8.2058527334335,5.87551367810132,NA,NA,9.65883044455748,7.91339895203077
3230,8.21907829050222,5.85576993634274,NA,NA,9.6403551586815,7.90506779517549
3240,8.23204812489846,5.8360263187254,NA,NA,9.62100682535696,7.89636042299361
3250,8.24473504003428,5.81629436777697,NA,NA,9.60082319910974,7.887284202307
3260,8.25709731163578,5.79658362818119,NA,NA,9.57986896738334,7.87784996906677
3270,8.26910060052179,5.77690365334183,NA,NA,9.55811432042237,7.868039524762
3280,8.28073068593958,5.7572640619045,NA,NA,9.53554220727376,7.85784565170594
3290,8.29196735052629,5.73767459321895,NA,NA,9.51225303796748,7.84729832723758
3300,8.30278555848385,5.71814668057194,NA,NA,9.48824166808393,7.83639130237991
3310,8.3131608402619,5.69869630833052,NA,NA,9.46344371578262,7.82510028812501
3320,8.32306934031783,5.67932696699751,NA,NA,9.43798593736642,7.81346074822725
3330,8.33244785934212,5.66004821172839,NA,NA,9.41187403391752,7.80145670166267
3340,8.34129136093903,5.64086955162911,NA,NA,9.38505929525899,7.78907340260904
3350,8.34959535838401,5.62180089603491,NA,NA,9.35762726459313,7.77634117300402
3360,8.35734011776288,5.6028570240508,NA,NA,9.32961239749022,7.76326984643463
3370,8.36450578567597,5.58405302565928,NA,NA,9.30099094976393,7.74984992036639
3380,8.37107339911307,5.56538854215589,NA,NA,9.27180236567207,7.73608810231367
3390,8.37700599610962,5.54687265276169,NA,NA,9.24210789859097,7.72199551582076
3400,8.38226254013548,5.5285143204404,NA,NA,9.21190505960627,7.70756064006072
3410,8.38685282068378,5.51032338752567,NA,NA,9.18119783782821,7.69279134867922
3420,8.39077601181866,5.49231932720898,NA,NA,9.1500664398739,7.67772059296718
3430,8.39401845771686,5.47451115738247,NA,NA,9.11852526255291,7.66235162588408
3440,8.39656760712116,5.45689687278359,NA,NA,9.08655488731572,7.64667312240682
3450,8.39841204015091,5.4394846378149,NA,NA,9.0542441110351,7.63071359633364
3460,8.39949515722212,5.42228243317467,NA,NA,9.02161362453279,7.61446373830986
3470,8.39982041854023,5.40529975380343,NA,NA,8.98866098852593,7.5979270536232
3480,8.39940688748327,5.38856177616195,NA,NA,8.95544465847287,7.58113777403936
3490,8.39825374031299,5.37206678065702,NA,NA,8.92200008091545,7.56410686729515
3500,8.39635589779497,5.3558132625609,NA,NA,8.88834080515028,7.54683665516872
3510,8.39370953212378,5.33980806780945,NA,NA,8.85450341919414,7.52934033970912
3520,8.39029979760231,5.32405780071592,NA,NA,8.82053062183307,7.5116294067171
3530,8.38608333659007,5.3085713115845,NA,NA,8.78644653372521,7.49370039396659
3540,8.38109369222403,5.29338003003011,NA,NA,8.75227961753952,7.47558444659789
3550,8.37535352279247,5.27846780678714,NA,NA,8.71807039006193,7.45729723988052
3560,8.36886573366781,5.26383554170851,NA,NA,8.68384783655036,7.43884970397556
3570,8.36163450924107,5.24948843657241,NA,NA,8.64964645051309,7.42025646544219
3580,8.35366530859321,5.23543151315987,NA,NA,8.61549569089028,7.40153083754778
3590,8.3449285116312,5.2216735350377,NA,NA,8.58142594628955,7.38267599765282
3600,8.33543159789948,5.20824906761963,NA,NA,8.54748073591505,7.36372046714472
3610,8.32521315992067,5.19512853534928,NA,NA,8.51368276453928,7.34467481993641
3620,8.31429372036218,5.18231558965991,NA,NA,8.48005785294833,7.32555572099014
3630,8.30268530459891,5.16981358016421,NA,NA,8.44665254208169,7.30638380894827
3640,8.29040113128866,5.1576262546571,NA,NA,8.41349704797111,7.28717481130562
3650,8.27745365949313,5.14576621516944,NA,NA,8.38060330847668,7.26794106104641
3660,8.26381060047666,5.13425522293304,NA,NA,8.34801495706042,7.24869359349004
3670,8.24952005264357,5.12306593503016,NA,NA,8.31578357539839,7.22945652102404
3680,8.2346220915009,5.11220009041606,NA,NA,8.28389841489267,7.21024019893655
3690,8.21913583786355,5.10165912786404,NA,NA,8.25239481360377,7.19106325977712
3700,8.203081437734,5.09144549473853,NA,NA,8.22135716162706,7.17196136469986
3710,8.18648002877123,5.08157580077473,NA,NA,8.1907485114711,7.15293478033902
3720,8.16933536337409,5.0720570778242,NA,NA,8.16060080616129,7.13399774911986
3730,8.15166158895263,5.06286604257535,NA,NA,8.13099305219802,7.115173561242
3740,8.13350518669255,5.05400260365255,NA,NA,8.10191154190079,7.09647311074863
3750,8.11490091238019,5.04546639836836,NA,NA,8.07336388934386,7.0779104000308
3760,8.09587451311637,5.03725865619611,NA,NA,8.04541815146727,7.05951710692658
3770,8.07645247786701,5.02939977860674,NA,NA,8.0180961568521,7.04131613777528
3780,8.05666199311918,5.02188173836057,NA,NA,7.99137374492914,7.02330582546963
3790,8.03650927932081,5.01468654211808,NA,NA,7.96530292647984,7.00549958263958
3800,8.01603601350666,5.00781252111924,NA,NA,7.93995198339357,6.98793350600649
3810,7.99528431700705,5.00125779041604,NA,NA,7.91525900793792,6.970600371787
3820,7.97428527925748,4.99502256885283,NA,NA,7.89125732104826,6.95352172305286
3830,7.9530689859047,4.9891305709283,NA,NA,7.86806256167456,6.93675403950252
3840,7.93166591695644,4.98355980869404,NA,NA,7.84558309725813,6.9202696076362
3850,7.91010419563296,4.97829821533364,NA,NA,7.82384300136653,6.90408180411104
3860,7.8884129222698,4.97334295390703,NA,NA,7.80293912340722,6.88823166652802
3870,7.86663127032428,4.96869104850697,NA,NA,7.78282807641267,6.87271679841464
3880,7.84479432256684,4.96434204220539,NA,NA,7.76349541252582,6.85754392576602
3890,7.82293379405258,4.96032240550887,NA,NA,7.74501525771966,6.84275715242704
3900,7.80108147175161,4.95659832402317,NA,NA,7.72740018620773,6.82835999399417
3910,7.77926916366812,4.95316379425303,NA,NA,7.71059317649108,6.81434204480408
3920,7.75753525781439,4.95001534194568,NA,NA,7.69464249674331,6.80073103216779
3930,7.73591430146067,4.94714972223308,NA,NA,7.67962232339853,6.78756211569743
3940,7.7144358155146,4.94456884001256,NA,NA,7.6654312762692,6.77481197726545
3950,7.69313025968186,4.94229208533413,NA,NA,7.65209334611505,6.76250523037702
3960,7.6720287139294,4.94028638810639,NA,NA,7.63973089202219,6.75068199801933
3970,7.65116196643374,4.93854820119274,NA,NA,7.62821958380058,6.73930991714236
3980,7.63056371313184,4.93707401248497,NA,NA,7.61756912713175,6.72840228424952
3990,7.61028639273111,4.93586103637729,NA,NA,7.60787360795344,6.71800701235395
4000,7.59034864140098,4.93491539540166,NA,NA,7.59907151571708,6.7081118508399
4010,7.57077094877382,4.93424463938937,NA,NA,7.59112827564101,6.69871462126806
4020,7.55158180182688,4.93382377977244,NA,NA,7.58410825699413,6.68983794619782
4030,7.53280911657588,4.93364973996826,NA,NA,7.57801428809634,6.68149104821349
4040,7.51448019847175,4.93371957069893,NA,NA,7.57276761245773,6.67365579387614
4050,7.49664429915697,4.93403146965913,NA,NA,7.56840240062882,6.66635938981497
4060,7.47933593138602,4.93459585502892,NA,NA,7.56498500962664,6.65963893201386
4070,7.46256192646273,4.93541082475167,NA,NA,7.5623952088709,6.6534559866951
4080,7.44633893695315,4.93645892563277,NA,NA,7.56064281452245,6.64781355903612
4090,7.43069043725665,4.93773809534706,NA,NA,7.5598316417275,6.64275339144374
4100,7.41563907438124,4.9392464743774,NA,NA,7.55983134883205,6.63823896586356
4110,7.40120663968233,4.94098372150107,NA,NA,7.56063509167588,6.63427515095309
4120,7.38746654399786,4.94296495442789,NA,NA,7.56231487417276,6.63091545753284
4130,7.37441329831837,4.9451805493585,NA,NA,7.56480422604426,6.62813269124038
4140,7.36204345409012,4.94761997493653,NA,NA,7.56805570442487,6.62590637781717
4150,7.35037410041987,4.95028259032069,NA,NA,7.57211089593265,6.6242558622244
4160,7.3394221047978,4.95316800494217,NA,NA,7.57696220237283,6.6231841040376
4170,7.32920334069602,4.95627770796428,NA,NA,7.58252574970805,6.62266893278945
4180,7.31975676692418,4.95963232443814,NA,NA,7.5888150370152,6.62273470945917
4190,7.31112217388083,4.96321503493699,NA,NA,7.59587421746151,6.62340380875978
4200,7.30328099900861,4.96702178029325,NA,NA,7.60358948859316,6.62463075596501
4210,7.29622848255831,4.9710535462319,NA,NA,7.61195487344283,6.62641230074435
4220,7.2899750353009,4.9753115792544,NA,NA,7.621034553841,6.62877372279877
4230,7.28453000817885,4.97979939784783,NA,NA,7.63071790686866,6.63168243763178
4240,7.27990168846178,4.98454431571262,NA,NA,7.64098398706724,6.63514333041388
4250,7.27615183946514,4.98952133803233,NA,NA,7.6518683973169,6.63918052493812
4260,7.27326939697028,4.99473274996278,NA,NA,7.66331169415197,6.64377128036168
4270,7.27122860351572,5.00018111980229,NA,NA,7.6752645949491,6.64889143942237
4280,7.27002751327405,5.00586961845216,NA,NA,7.68773814995503,6.65454509389375
4290,7.26966879868119,5.01180784821761,NA,NA,7.70071356154692,6.6607300694819
4300,7.27015408298259,5.01801673019731,NA,NA,7.71412057822189,6.6674304638006
4310,7.27149924424014,5.02447586465373,NA,NA,7.72795044510728,6.67464185133372
4320,7.27374846298051,5.03118892000234,NA,NA,7.74221299260304,6.68238345852863
4330,7.27686279778913,5.03815973416946,NA,NA,7.75682578380652,6.69061610525504
4340,7.28081652069111,5.04539310776974,NA,NA,7.77176889359671,6.69932617401919
4350,7.28560588024188,5.05290535026431,NA,NA,7.78705410510919,6.70852177853846
4360,7.29122615007557,5.06070923180825,NA,NA,7.80261055439113,6.71818197875831
4370,7.29767164524783,5.06878863294173,NA,NA,7.81840963080389,6.72828996966448
4380,7.30497799169739,5.07714802844688,NA,NA,7.8344440592085,6.73885669311759
4390,7.31313613810763,5.08579195681087,NA,NA,7.85067032014241,6.74986613835364
4400,7.32210515489964,5.09472631276248,NA,NA,7.8670497525109,6.76129374005767
4410,7.33186522127879,5.10397465394916,NA,NA,7.88356192760527,6.77313393427774
4420,7.34240590499035,5.11353876293577,NA,NA,7.90017674080376,6.78537380290996
4430,7.35371594234333,5.12340682595465,NA,NA,7.91685452198231,6.79799243009343
4440,7.36578683450326,5.1335833748991,NA,NA,7.9335679324529,6.81097938061842
4450,7.37865933081113,5.14407287101413,NA,NA,7.95028583738299,6.82433934640275
4460,7.39228435346987,5.15488155335188,NA,NA,7.96697658566341,6.83804749749505
4470,7.40662264913001,5.16604041795728,NA,NA,7.98361125513198,6.85209144073976
4480,7.42165896375781,5.17753692871944,NA,NA,8.00014755167899,6.86644781471875
4490,7.43737736868677,5.18936390673559,NA,NA,8.01656529719512,6.8811021908725
4500,7.45376128706671,5.20152504785106,NA,NA,8.03283704007683,6.8960411249982
4510,7.47081784543639,5.21402382880845,NA,NA,8.04891540721281,6.91125236048588
4520,7.48853993560328,5.22686592099807,NA,NA,8.0647775659589,6.92672780752008
4530,7.50688192663092,5.24008925017778,NA,NA,8.08040644018886,6.94245920566585
4540,7.52581308431362,5.25366410806282,NA,NA,8.09575614344931,6.95841111194191
4550,7.54531386169213,5.26758829124607,NA,NA,8.1107867890177,6.97456298065197
4560,7.56536423686184,5.28186372311788,NA,NA,8.12550046365547,6.99090947454506
4570,7.5859437406479,5.29649215678135,NA,NA,8.13985918890232,7.00743169544386
4580,7.6070666004578,5.31148012442957,NA,NA,8.15379221636902,7.02411298041879
4590,7.62869251813763,5.32686251029499,NA,NA,8.16732795059455,7.04096099300906
4600,7.65078095737372,5.34259996224293,NA,NA,8.18043538702636,7.05793876888101
4610,7.67330803805936,5.35869223692073,NA,NA,8.19302798948975,7.07500942148995
4620,7.69625139048791,5.37513862158509,NA,NA,8.20513637346452,7.09217546184584
4630,7.71958837143703,5.39193857584441,NA,NA,8.21674299745368,7.10942331491171
4640,7.74330479680111,5.40910215424761,NA,NA,8.2277716939217,7.12672621499014
4650,7.76738928463815,5.426645841048,NA,NA,8.23822068234796,7.1440852693447
4660,7.79180181585104,5.44453500857832,NA,NA,8.24810088602985,7.16147923681973
4670,7.81651025953349,5.46276619344756,NA,NA,8.2573522907655,7.17887624791552
4680,7.84149096971421,5.48133537336691,NA,NA,8.26592892404444,7.19625175570852
4690,7.86672019213787,5.50023897926317,NA,NA,8.27387682146628,7.21361199762244
4700,7.89217408917444,5.51948874609262,NA,NA,8.28115729890681,7.23094004472462
4710,7.91783887369221,5.53908217385595,NA,NA,8.28766995359122,7.2481970003798
4720,7.94368548205693,5.55899015213951,NA,NA,8.29349957014572,7.26539173478072
4730,7.96968177709458,5.57920556578035,NA,NA,8.29862007352147,7.28250247213213
4740,7.99580206517057,5.599720703822,NA,NA,8.30291942723158,7.29948073207472
4750,8.02202247172905,5.6205284578405,NA,NA,8.30646889839635,7.3163399426553
4760,8.04831918850206,5.64163938801432,NA,NA,8.30926677910518,7.33307511854052
4770,8.0746687412695,5.66303444132028,NA,NA,8.31122479238383,7.34964265832454
4780,8.10104678052479,5.68468998644728,NA,NA,8.31235870202389,7.36603182299865
4790,8.12742666620999,5.70659518547452,NA,NA,8.31270709955239,7.38224298374563
4800,8.15378390924236,5.72873863008318,NA,NA,8.31220919396585,7.39824391109713
4810,8.180095414341,5.75110946705311,NA,NA,8.3108184529529,7.41400777811567
4820,8.20633828693338,5.77371329758034,NA,NA,8.30861696359121,7.42955618270164
4830,8.23248985294095,5.79652028333831,NA,NA,8.30557423678106,7.44486145768677
4840,8.25852100018024,5.81951117370531,NA,NA,8.30157675063122,7.45986964150559
4850,8.28440583806091,5.84267174127002,NA,NA,8.29674952996509,7.47460903643201
4860,8.31012650051451,5.8659872787249,NA,NA,8.29107649392937,7.48906342438959
4870,8.33566333418472,5.88944334287592,NA,NA,8.28444249307406,7.50318305671157
4880,8.36099514658081,5.91303614536172,NA,NA,8.27694212771202,7.51699113988485
4890,8.38610108255515,5.93673393806382,NA,NA,8.26859061306074,7.53047521122657
4900,8.41096064136138,5.96051965769515,NA,NA,8.25930485263326,7.54359505056327
4910,8.43553012642994,5.98437642255266,NA,NA,8.24911205498396,7.55633953465552
4920,8.45980020538254,6.00828703891874,NA,NA,8.238071156118,7.56871946680643
4930,8.48376066228798,6.03223426437197,NA,NA,8.22613207508729,7.58070900058242
4940,8.50739280761911,6.05619944379664,NA,NA,8.21325385455657,7.5922820353241
4950,8.53067828442603,6.08016100294771,NA,NA,8.19953856319186,7.60345928352187
4960,8.55359918966637,6.10410065644183,NA,NA,8.18496914478299,7.61422299696373
4970,8.57612462805112,6.12799995491235,NA,NA,8.16943776055139,7.62452078117162
4980,8.59822408574531,6.15184011400923,NA,NA,8.15308535213537,7.6343831839633
4990,8.61989672157959,6.17559831425471,NA,NA,8.13590756284812,7.64380086622747
5000,8.64113481498986,6.19924930953405,NA,NA,8.11780594909813,7.65273002454068
5010,8.66192309028573,6.22278094536951,NA,NA,8.09887885788607,7.6611942978471
5020,8.68224680905131,6.24617448673315,NA,NA,8.07915440061238,7.66919189879895
5030,8.70209178164231,6.26941125970628,NA,NA,8.0585678429099,7.67669029475283
5040,8.72141005002081,6.2924720084653,NA,NA,8.03715091759212,7.68367765869275
5050,8.74019929555308,6.31532525387373,NA,NA,8.01497074183027,7.69016509708569
5060,8.75846513692001,6.33795043489275,NA,NA,7.99199458205428,7.69613671795568
5070,8.77619888544839,6.36034147402989,NA,NA,7.96819217066944,7.70157751004924
5080,8.79338942309831,6.38248064598904,NA,NA,7.94366596458148,7.70651201122294
5090,8.8100262413966,6.4043505220202,NA,NA,7.91841278828656,7.71092985056778
5100,8.82608795752073,6.42593265464565,NA,NA,7.89234647546404,7.71478902921014
5110,8.84153558762848,6.44718452554739,NA,NA,7.86559829575387,7.71810613630991
5120,8.85638501892131,6.46810142566927,NA,NA,7.83817390044718,7.72088678167925
5130,8.87064344089736,6.4886795314534,NA,NA,7.81000394606299,7.72310897280458
5140,8.8843036747584,6.50890358727297,NA,NA,7.78117384103641,7.72479370102259
5150,8.89735918717897,6.52875885525588,NA,NA,7.75171712024057,7.72594505422514
5160,8.90980409330109,6.54822901864123,NA,NA,7.72159362036926,7.72654224410386
5170,8.92159952803709,6.56725938293405,NA,NA,7.69083360139752,7.72656417078955
5180,8.93274257857366,6.58587044681528,NA,NA,7.65949921586768,7.72603741375221
5190,8.94325332868729,6.60405696571517,NA,NA,7.62757591082364,7.7249620684087
5200,8.95313596779523,6.62180745928238,NA,NA,7.59504686254005,7.72333009653922
5210,8.96238805375902,6.63911104818925,NA,NA,7.5619975098053,7.72116553725119
5220,8.97100779243106,6.65595302476091,NA,NA,7.52843498792907,7.71846526837368
5230,8.97898981958937,6.67227291237184,NA,NA,7.49430408544659,7.71518893913593
5240,8.98628855256263,6.68811633902042,NA,NA,7.4597065427734,7.71137047811881
5250,8.9929331963834,6.70347579729915,NA,NA,7.42465401283174,7.70702100217143
5260,8.99894503809622,6.71834458995166,NA,NA,7.38910942733966,7.70213301846251
5270,9.00432562734716,6.73271621962589,NA,NA,7.35313511253485,7.6967256531693
5280,9.00907712385936,6.74657071133012,NA,NA,7.3167619689003,7.69080326802993
5290,9.0132022877792,6.75987045439695,NA,NA,7.27997352191233,7.68434875469616
5300,9.01667927961653,6.77266057596839,NA,NA,7.2427946627333,7.67737817277274
5310,9.01950174563148,6.7849388834657,NA,NA,7.20527241541942,7.6699043481722
5320,9.02169985036277,6.79670405756159,NA,NA,7.16740663937917,7.66193684910118
5330,9.02328965161239,6.80795453070127,NA,NA,7.12919385201854,7.6534793447774
5340,9.02427687765057,6.81866552174609,NA,NA,7.09069175761955,7.6445447190054
5350,9.0246677719591,6.82882706442438,NA,NA,7.05191233191402,7.63513572276583
5360,9.02446907606726,6.83847967506063,NA,NA,7.01283258658772,7.6252604459052
5370,9.02364513407492,6.84762666444646,NA,NA,6.97351500914908,7.61492893589015
5380,9.02222548317615,6.85627219977731,NA,NA,6.93397274750127,7.60415681015158
5390,9.0202394207388,6.86441979633366,NA,NA,6.8941964538484,7.59295189030695
5400,9.01769725162597,6.87204183314879,NA,NA,6.85422279320409,7.58132062599295
5410,9.01460802050898,6.87915593978669,NA,NA,6.8140740986803,7.56927935299199
5420,9.01098113899117,6.88579550689215,NA,NA,6.77375182030245,7.55684282206192
5430,9.00681222878461,6.89196902849496,NA,NA,6.7332740091664,7.54401842214866
5440,9.00209266156429,6.8976857582891,NA,NA,6.69266782074813,7.53081541353384
5450,8.99685573112008,6.90295401582109,NA,NA,6.65194163844962,7.51725046179693
5460,8.99112426458048,6.90774659978567,NA,NA,6.6111028476659,7.50332457067735
5470,8.98490919342829,6.91210390930798,NA,NA,6.5701790343436,7.48906404569329
5480,8.978221652204,6.91605149017781,NA,NA,6.52918190534669,7.4744850159095
5490,8.97107295039364,6.91960221399928,NA,NA,6.48811562229796,7.45959692889696
5500,8.9634477740276,6.92276954398616,NA,NA,6.44700401397458,7.44440711066278
5510,8.9553658314291,6.92556589954814,NA,NA,6.40585836280436,7.42893003126053
5520,8.94685606562596,6.9279686014619,NA,NA,6.3646883063465,7.41317099114478
5530,8.93793400412907,6.93003197591701,NA,NA,6.32350835318211,7.39715811107606
5540,8.92861139186231,6.93177471084159,NA,NA,6.28232988174398,7.38090532814929
5550,8.91889996179509,6.93321283933177,NA,NA,6.24116479478753,7.3644258653048
5560,8.90880627837956,6.93436262783467,NA,NA,6.20002481173682,7.34773123931701
5570,8.89832155058152,6.93523654731034,NA,NA,6.15891804431794,7.3308253807366
5580,8.88747448445266,6.93583046579346,NA,NA,6.11785586127092,7.31372027050568
5590,8.87628714238218,6.93619117184827,NA,NA,6.07685282598876,7.2964437134064
5600,8.8647706911414,6.93633619905559,NA,NA,6.03591099865182,7.27900596294961
5610,8.8529360963863,6.93628323477823,NA,NA,5.99503912374498,7.26141948496984
5620,8.84079409386999,6.9360498827889,NA,NA,5.9542583289093,7.24370076852273
5630,8.82834146786491,6.93564874791863,NA,NA,5.91356369317412,7.22585130298589
5640,8.81558795730555,6.93509324120869,NA,NA,5.87296247252132,7.20788122367852
5650,8.802555407056,6.93441524386602,NA,NA,5.83247414786644,7.18981493292948
5660,8.78925741532913,6.93363255993718,NA,NA,5.7920977846445,7.17166258663694
5670,8.77570304379451,6.93276288337418,NA,NA,5.75183475513091,7.15343356076653
5680,8.76190095621023,6.93182368357776,NA,NA,5.71170091638748,7.13514185205849
5690,8.74785918783623,6.93083041928529,NA,NA,5.6717032942194,7.11679763378031
5700,8.73356774442225,6.92980273593501,NA,NA,5.63183557880553,7.09840201972093
5710,8.71904526255584,6.92876066758908,NA,NA,5.59210843162828,7.0799714539244
5720,8.70430658571229,6.92772065125991,NA,NA,5.55253995933578,7.06152239876933
5730,8.68935791009973,6.92669876519724,NA,NA,5.51311492739363,7.04305720089687
5740,8.67420490485454,6.92571087484345,NA,NA,5.47383857461234,7.02458478477011
5750,8.65885269636533,6.92477733182449,NA,NA,5.43473907865022,7.00612303561335
5760,8.64329922123543,6.92391313655532,NA,NA,5.39579526518548,6.98766920765874
5770,8.62754379910921,6.92313018762015,NA,NA,5.3570100007122,6.96922799581385
5780,8.61159790513627,6.92244208097064,NA,NA,5.31840563852962,6.95081520821218
5790,8.59546803809323,6.92186184522412,NA,NA,5.27997285927348,6.93243424753027
5800,8.57915625513792,6.92140241399091,NA,NA,5.24170597603948,6.9140882150561
5810,8.56266400671235,6.92108984565968,NA,NA,5.20362065451893,6.89579150229699
5820,8.54599213248061,6.92092586750233,NA,NA,5.16572117216326,6.8775463907154
5830,8.52912840802932,6.92091784918172,NA,NA,5.12799270633331,6.85934632118145
5840,8.51207717082776,6.92107538175688,NA,NA,5.09044366576261,6.84119873944908
5850,8.49484383420116,6.92140734229316,NA,NA,5.05309306449864,6.82311474699765
5860,8.47742756975493,6.92192271168293,NA,NA,5.01591678601143,6.8050890224831
5870,8.45982599409777,6.92265237071584,NA,NA,4.97891728769663,6.78713188417008
5880,8.4420361283798,6.92357996213716,NA,NA,4.94212340735217,6.76924649928971
5890,8.42405010842377,6.92471111377175,NA,NA,4.90550783175761,6.75142301798437
5900,8.40585397339121,6.92605067088762,NA,NA,4.86907014266064,6.73365826231316
5910,8.387451077337,6.92760284473406,NA,NA,4.83283172611892,6.71596188272999
5920,8.368840981232,6.92937633101407,NA,NA,4.79678042223644,6.69833257816084
5930,8.35001775384116,6.93139041713361,NA,NA,4.76090685382699,6.68077167493392
5940,8.33097495539429,6.93362455431513,NA,NA,4.72522483580409,6.66327478183783
5950,8.31170565757845,6.93607937898874,NA,NA,4.68973766471414,6.64584090042711
5960,8.29218880598184,6.93875473907406,NA,NA,4.65442710755785,6.62845688420458
5970,8.27241705761008,6.94164999099674,NA,NA,4.61929943438141,6.61112216099608
5980,8.25239089034598,6.94477323314872,NA,NA,4.58437341788831,6.59384584712767
5990,8.23210416092601,6.94812851743793,NA,NA,4.5496223293805,6.57661833591482
6000,8.21154776029354,6.95169507768595,NA,NA,4.51504714242544,6.55942999346831
6010,8.19071225363248,6.95546873140893,NA,NA,4.48067478751763,6.54228525751968
6020,8.1695853497086,6.95944457985299,NA,NA,4.44647802436023,6.52516931797394
6030,8.14813555030897,6.96361737949516,NA,NA,4.41245477273754,6.50806923418056
6040,8.12636532404596,6.96799301271759,NA,NA,4.37862452554975,6.49099428743777
6050,8.10427341017586,6.97256122606062,NA,NA,4.34497570048803,6.47393677890817
6060,8.08184919583038,6.97730337597583,NA,NA,4.31149788194389,6.45688348458337
6070,8.05908195624955,6.98221110417086,NA,NA,4.27820331714705,6.43983212585582
6080,8.03596089191934,6.98727547639548,NA,NA,4.24509584495663,6.42277740442382
6090,8.01245900953593,6.99248731963791,NA,NA,4.21215698734642,6.40570110550675
6100,7.98855872643902,6.99784767600468,NA,NA,4.17939194285814,6.38859944843395
6110,7.96426374511794,7.00333701976028,NA,NA,4.14681974573793,6.37147350353871
6120,7.93956955849708,7.00893946448123,NA,NA,4.11441423471075,6.35430775256302
6130,7.91446561976896,7.01464350588922,NA,NA,4.08217625970368,6.33709512845395
6140,7.88894155547498,7.0204372547805,NA,NA,4.0501314685701,6.31983675960852
6150,7.86298720560068,7.02630862203272,NA,NA,4.01825511599761,6.30251698121034
6160,7.83655792322052,7.03225067189895,NA,NA,3.98654489929209,6.28511783147052
6170,7.80966045796446,7.03824265153568,NA,NA,3.95501968316785,6.26764093088933
6180,7.78230114721256,7.04427057176297,NA,NA,3.92367001683493,6.25008057860349
6190,7.75447212287627,7.0503210744731,NA,NA,3.89248583353723,6.23242634362887
6200,7.72616502193927,7.05638063143404,NA,NA,3.86147932654991,6.21467499330774
6210,7.69737194514799,7.06243531783523,NA,NA,3.83065634676372,6.19682120324898
6220,7.66807076363567,7.06846769377798,NA,NA,3.79999909276899,6.17884585006088
6230,7.63823616003686,7.07446477946629,NA,NA,3.76951308950473,6.16073800966929
6240,7.60788273139995,7.08041274480093,NA,NA,3.73921973140066,6.14250506920051
6250,7.57701611433618,7.08629778244047,NA,NA,3.70909351482938,6.12413580386868
6260,7.54563147442647,7.09210606436258,NA,NA,3.6791362863051,6.10562460836472
6270,7.51372466649233,7.09782043340548,NA,NA,3.6493752352273,6.0869734450417
6280,7.48129226632762,7.10341922162382,NA,NA,3.61978761983735,6.06816636926293
6290,7.44829793201096,7.10889776709811,NA,NA,3.59037173151268,6.04918914354058
6300,7.41474928439025,7.11424294380792,NA,NA,3.56114836536675,6.03004686452164
6310,7.38066526201305,7.11944185477751,NA,NA,3.53211045477552,6.01073919052203
6320,7.3460499717299,7.12448164240232,NA,NA,3.50324823556329,5.9912599498985
6330,7.31090427568874,7.12933992926634,NA,NA,3.47457583469413,5.97160667988307
6340,7.27522992562886,7.13399992638273,NA,NA,3.44610265569269,5.9517775025681
6350,7.23902124289576,7.13846237363627,NA,NA,3.41781039552955,5.93176467068719
6360,7.20225286313457,7.14271605655997,NA,NA,3.38970606133335,5.9115583270093
6370,7.16495302422051,7.14675015691143,NA,NA,3.36181666850779,5.89117328321324
6380,7.12714223918006,7.15055387950443,NA,NA,3.33411486939479,5.87060366269309
6390,7.08882726321409,7.15409829308965,NA,NA,3.30660412114318,5.84984322581564
6400,7.05001584147486,7.15737939626138,NA,NA,3.27931685822374,5.82890403198666
6410,7.0107167178265,7.16040010264183,NA,NA,3.25223001487616,5.80778227844816
6420,6.97091640039753,7.16315202383064,NA,NA,3.22534235286713,5.78647025903177
6430,6.93062579773629,7.16562727953476,NA,NA,3.19867930239743,5.76497745988949
6440,6.88987609189346,7.16781794202915,NA,NA,3.17223561214799,5.74330988202353
6450,6.84868673108286,7.16968817220044,NA,NA,3.14600039222807,5.72145843183713
6460,6.80707179903336,7.17125220666684,NA,NA,3.11999125101902,5.69943841890641
6470,6.76504638600572,7.17251220569152,NA,NA,3.09422250844139,5.67726036671288
6480,6.72262557547136,7.17346314489753,NA,NA,3.06867257243647,5.65492043093512
6490,6.6797992166839,7.17410055567253,NA,NA,3.04335024005008,5.63241667080217
6500,6.63660451956181,7.17441982241922,4.89965243175539,NA,3.01829145321431,5.43224205673768
6510,6.59307383268766,7.17437894159645,4.93893419978057,NA,2.99346292704273,5.42496247527685
6520,6.54922740677988,7.1740126381936,4.9778766499051,NA,2.96886953072386,5.41749655640061
6530,6.50508642344032,7.17332015269186,5.01663253672144,NA,2.94455173888743,5.40989771293526
6540,6.46067297580363,7.17229995104091,5.05512703516715,NA,2.92048321388522,5.40214579397423
6550,6.41600204864038,7.17095093625415,5.09333473182987,NA,2.89666197462612,5.39423742283763
6560,6.37109501001951,7.16926611757261,5.13136492121995,NA,2.87311949500623,5.38621138595457
6570,6.32598779217816,7.16721689659256,5.16909849989602,NA,2.84985128509414,5.37803861844022
6580,6.28071069991907,7.16483936373686,5.20659685921614,NA,2.82684293725306,5.36974746503128
6590,6.23529023965892,7.16213472761295,5.24392864836349,NA,2.80411565189476,5.36136731688253
6600,6.18975366286485,7.15910467481204,5.2809363693339,NA,2.78168917286605,5.35287096996921
6610,6.14412893340668,7.15575115504718,5.3177577905933,NA,2.75953529249743,5.34429329288615
6620,6.09844320350005,7.15206358055205,5.35439989227789,NA,2.73766360106817,5.33564256934954
6630,6.05273049663512,7.14803187624616,5.39074603708186,NA,2.71612051004813,5.32690723000282
6640,6.00702361910664,7.14368683897878,5.42693179731243,NA,2.69486288830115,5.31812628592475
6650,5.96135339001594,7.13903240875405,5.46291382013261,NA,2.67389584524101,5.3092988660359
6660,5.91575092583946,7.13407288923614,5.49865402752327,NA,2.65326784713435,5.3004364224333
6670,5.87024781375058,7.12881266884703,5.53424841984449,6.54887020547426,2.63294714300342,5.54302525018395
6680,5.82488021472723,7.12323832531662,5.56962033529972,6.59596819106862,2.61292900917297,5.54532721511703
6690,5.77969145798449,7.11735655512751,5.60479954471611,6.64148169228391,2.59324977586814,5.54731580519603
6700,5.73470974797917,7.11119143873678,5.63984787200973,6.6856566352883,2.57390449881502,5.5490620385658
6710,5.68996453736916,7.10474883814928,5.67466226773459,6.72877851676314,2.55487292786067,5.55060541757537
6720,5.64548915758678,7.0980348350473,5.70932723906039,6.76995071658469,2.53617792497071,5.55179597464997
6730,5.60131712254809,7.09105543271592,5.74386652005992,6.81053836107814,2.51784352342418,5.55292419196525
6740,5.55748208030688,7.08379554434754,5.77818480209545,6.84873446392039,2.49983278529036,5.55360593519213
6750,5.51404174932302,7.07627474349875,5.81238399466076,6.88623591971721,2.48215390310468,5.55421806206088
6760,5.47103032288283,7.06851013289568,5.84644619471317,6.92191454284163,2.46486172609272,5.55455258388521
6770,5.42846811893451,7.06050855209959,5.88033224258649,6.95628461169324,2.44790195141484,5.55469909534573
6780,5.386384852781,7.05227690656448,5.91411373248026,6.98942075864502,2.4312780762142,5.55469486533699
6790,5.3448140502446,7.04382188752778,5.94774925989748,7.02062905737849,2.41504256172599,5.55441136335487
6800,5.3037890549797,7.03512792649122,5.98124633988488,7.05120642396779,2.39915827917207,5.55410560489913
6810,5.26334939332266,7.02622255727635,6.0146521337881,7.07923755012662,2.38361592327162,5.55341551155707
6820,5.22357141911757,7.01711649286054,6.04790685426187,7.10665625449037,2.36845258475503,5.55274072109708
6830,5.18446258288332,7.00781659682386,6.08105390542487,7.13210218840092,2.35366189089725,5.55181943288604
6840,5.14603668422674,6.99832964589108,6.11412044308967,7.1563480615006,2.33921699856062,5.55081036665374
6850,5.10832526258702,6.98866126994311,6.14703442995825,7.17923886593468,2.32513884430579,5.54967973454577
6860,5.0713593584498,6.97879880581282,6.17986458740574,7.20033279217984,2.31145268808088,5.54836164638582
6870,5.03516946482284,6.968770403726,6.21260700149606,7.22068711939144,2.29811383315297,5.54706956451786
6880,4.99982301795678,6.95858228555953,6.24522409341391,7.23866476833173,2.28512661084629,5.54548415522165
6890,4.96536242802749,6.94824049384496,6.27776579851197,7.25604995940735,2.27254811252167,5.54399335846269
6900,4.9317844105872,6.93775084263719,6.31020968733809,7.2714213839332,2.26031611325418,5.54229648754997
6910,4.8991035270072,6.92711512163981,6.3425484709832,7.28576096810331,2.24843079712727,5.54059177697216
6920,4.86734659239559,6.91632982069234,6.37481787800427,7.29870257501726,2.23694145189546,5.53882766360098
6930,4.83653958410356,6.90541402778996,6.40697757502565,7.31006658154445,2.2258084302261,5.53696123973794
6940,4.80670759954019,6.89437258718707,6.43904646812868,7.32063015365714,2.21501745824976,5.53515485335257
6950,4.77795567289756,6.88321007863398,6.47104957490527,7.32910201518835,2.20460066479689,5.53318360128441
6960,4.7502670674185,6.87193076738813,6.50292656689829,7.33702973540664,2.19454993690176,5.53134081480266
6970,4.72362876971068,6.86053318206292,6.53472247976897,7.3430229615449,2.18483388707785,5.52934825603306
6980,4.69806034812811,6.84901880490936,6.56644129641943,7.3481893260387,2.17546778779095,5.52743551265731
6990,4.67358159353467,6.83739956438414,6.59803269548146,7.35200458155675,2.16647386791767,5.52549846057494
7000,4.65021117934702,6.82567850592766,6.62954262498574,7.35452270358973,2.15780454892031,5.52355191255409
7010,4.62800235352087,6.8138583699325,6.66095229645912,7.35624037932655,2.14945897232367,5.52170247431254
7020,4.6070104513251,6.80194154859235,6.69223525072415,7.35623431805902,2.14148773844311,5.51978186142874
7030,4.58720330360666,6.78992340399819,6.72343153340586,7.35575697544289,2.13382860534591,5.5180287643599
7040,4.56856993487858,6.77780782539535,6.75449504499729,7.35354485254684,2.12647791740651,5.51617911504492
7050,4.55112261794311,6.76560131324983,6.78542941609254,7.35072325134565,2.11947427189417,5.51447017410506
7060,4.53487233370951,6.75330498057449,6.8162697625961,7.34668982193543,2.11278051096548,5.5127834819562
7070,4.51982875029682,6.74091964052149,6.8469334063923,7.34167065945957,2.10637929293258,5.51114634992055
7080,4.50608008704168,6.72844577127343,6.87746411387218,7.33591808466866,2.10029299969651,5.50964021131049
7090,4.49360833684207,6.71587515018602,6.90787938002262,7.32885567934178,2.09451239990708,5.50814618925992
7100,4.48237358805002,6.70321338361096,6.9380816868404,7.32141380798528,2.08900634665166,5.50681776262766
7110,4.47237117447943,6.69046282175419,6.96814148018969,7.31254549405617,2.08378251795274,5.50546069768644
7120,4.46360355726514,6.67762279041345,6.99803901106384,7.30327460453816,2.07885641301574,5.50427927525926
7130,4.45607179794098,6.66469236174966,7.02770752665041,7.29301631678517,2.07418509464405,5.50313461955405
7140,4.44979752854262,6.65167032700142,7.05721635140964,7.28208455931149,2.0697633653287,5.50210642631877
7150,4.44484470131945,6.63854406826282,7.08649838784696,7.27055166775377,2.06562774904956,5.50121331484651
7160,4.44115526200313,6.62532200380276,7.11553618184341,7.25813090604348,2.06172587873108,5.50037404648477
7170,4.43869049057338,6.61200303971758,7.14439662115054,7.24543451265363,2.05805148487738,5.4997152297945
7180,4.43744400044945,6.5985850958048,7.17294866672685,7.23170524198586,2.05462828495482,5.49906225798436
7190,4.43740800157249,6.58506591270036,7.20124380794843,7.21775093697021,2.05142683455463,5.49857909874922
7200,4.43857330751301,6.57144153523216,7.22933604142189,7.20310172588832,2.0484305103301,5.49817662407709
7210,4.44099038118626,6.55769852602594,7.25703370198596,7.18806538424049,2.04565065701382,5.49788773009049
7220,4.44464552524237,6.54384596476132,7.28446235899774,7.17261526741287,2.04307846502593,5.49772951628804
7230,4.44947809188534,6.52988100870888,7.31161375401079,7.15667231984422,2.04068874234416,5.49766678335868
7240,4.4554579982527,6.51580072041907,7.33834540980534,7.14053971925328,2.03848270585894,5.49772531071787
7250,4.46256888503905,6.50160207953231,7.36478247891982,7.12386396344054,2.03646806168993,5.49785709372433
7260,4.47079308987901,6.48727737432521,7.39083983679732,7.10707628129357,2.03461343132428,5.49812000272388
7270,4.48011650003226,6.47281633435677,7.41645741356359,7.08992851119484,2.03291232897023,5.49844621762354
7280,4.49059658558732,6.45822686633803,7.44175734853405,7.0726330595017,2.03138445600985,5.49891966319419
7290,4.50216052141829,6.44350580097182,7.46655527300268,7.05514839076573,2.02999504089186,5.49947300541007
7300,4.51474953014997,6.42864994596321,7.49089979705888,7.03751010387446,2.0287376819314,5.50010941179558
7310,4.52833948097255,6.41365619267158,7.51490747335987,7.0197985597704,2.02762286580182,5.50086491451524
7320,4.5429051121344,6.39851279632858,7.53827048748916,7.00197677350011,2.02663199261884,5.50165943241422
7330,4.55842006464834,6.38321507314424,7.56117388560808,6.98414208826277,2.02575309397332,5.50254084112735
7340,4.57489107329005,6.36776967653143,7.58365061610567,6.96629225634459,2.02498970202132,5.50351866485861
7350,4.59230485984712,6.35217375430136,7.60544579205179,6.9484738851264,2.02433556179445,5.50454677062423
7360,4.61059303095795,6.33642455218512,7.62675855493758,6.9307040353858,2.02377518902711,5.50565107249871
7370,4.62970823670999,6.32051943410515,7.64750889501078,6.91304343978354,2.02330720572162,5.50681744226622
7380,4.64961895181926,6.30444259418887,7.66756400350873,6.89544643482528,2.02293437029135,5.5080012709267
7390,4.67029280387062,6.28819730607919,7.6871173435773,6.87807604017345,2.02263941837309,5.50926458241473
7400,4.69169661780206,6.27178856704399,7.70595116361134,6.86077670033994,2.02241809721317,5.5105262292021
7410,4.71384382723029,6.25521441213459,7.7240854577941,6.84378160275528,2.02227859556672,5.51184077909619
7420,4.73667351413087,6.23847304569846,7.74170628155638,6.8269317129466,2.02220412572977,5.51319773601241
7430,4.76012432027892,6.22156286600374,7.75843331103788,6.81035347588737,2.02219100164281,5.51453299497014
7440,4.78415760923049,6.20446441542884,7.77446604372137,6.7940602022111,2.02224373209366,5.51587840053709
7450,4.80873675815927,6.1871905191982,7.7899129452106,6.77796735278086,2.02235413881979,5.51723234283374
7460,4.83382464846389,6.16974409595199,7.80438924355375,6.76232619556649,2.02251676402679,5.51856018951258
7470,4.85939435198172,6.15212449379571,7.81816880340544,6.74681913098109,2.02273379360686,5.51984811475416
7480,4.88542170543184,6.13433128545837,7.83121400702295,6.73187452068981,2.02300369393411,5.52116904250742
7490,4.91184684859842,6.11636417479188,7.84329381730461,6.71712650967115,2.02332008897341,5.52239028786789
7500,4.93862021884344,6.09820137137059,7.85467310949042,6.70283004278828,2.02368374318338,5.52360169713522
7510,4.96570295307375,6.07986518824818,7.86514082578215,6.68890616289242,2.02409874250204,5.52474277449971
7520,4.99305602680695,6.06135637444381,7.87465911591076,6.6752970315704,2.02455807785148,5.52578532531668
7530,5.02064030793029,6.04267583952312,7.88348407222107,6.66224908391625,2.02506179312723,5.52682221934359
7540,5.0484249413691,6.02382475370965,7.8912106221785,6.64937318506287,2.02561854067834,5.52769040859969
7550,5.07636412567229,6.00480064033585,7.89801370362412,6.6372249165986,2.02622146359848,5.52852496996587
7560,5.10441052582863,5.98559198519665,7.90409893325235,6.62527235028781,2.02687134345396,5.52924902760388
7570,5.13252350833349,5.96621826202901,7.90896115372712,6.61388168637222,2.02757637531192,5.52983219715475
7580,5.16066427254059,5.94668186522558,7.91292793422343,6.60287129584376,2.02833507253823,5.53029608807432
7590,5.1887942484465,5.92698534349167,7.91604207737895,6.59224567012038,2.02914692663019,5.53064285321354
7600,5.21687391911295,5.90713149875423,7.91796843706796,6.58218255513172,2.03001948166758,5.53083517834689
7610,5.24485582536336,5.88711644503237,7.91902311590222,6.57232140543344,2.03095747871501,5.53085485408928
7620,5.27270335580004,5.86693871233788,7.91904889683043,6.5631970059503,2.03195833025367,5.53076926023446
7630,5.30038153459456,5.84661431255955,7.91793225264026,6.55424961495225,2.03302817865746,5.53044117868082
7640,5.32785386384185,5.82614717457946,7.91598025019245,6.5458841136056,2.03417984706068,5.53000904985601
7650,5.3550843933039,5.80554136313205,7.91282421952244,6.53784213665689,2.03540736157049,5.52933989483715
7660,5.38203776700481,5.78480116094493,7.90857973369485,6.53019231049354,2.03671515657319,5.52846522574226
7670,5.4086627402331,5.76392248765502,7.90354568238121,6.52301513308998,2.03812400347005,5.52745400936587
7680,5.43491830302979,5.74291212119444,7.89714223533951,6.51604950952223,2.03962565281343,5.52612956437988
7690,5.46078292140337,5.7217825346542,7.88971106554186,6.50968389166582,2.04122437111397,5.52463695687584
7700,5.48622924796533,5.70053891802406,7.88139707942822,6.50346468901252,2.04293978503156,5.52291394389234
7710,5.5112257982879,5.6791865682079,7.87178558614392,6.49774432312163,2.04477175993724,5.52094280713972
7720,5.53574194835113,5.65773094305061,7.86120616303928,6.49224677577585,2.04672014090014,5.5187291942234
7730,5.55974797115241,5.63616929213397,7.84959186151883,6.48707381506068,2.04880164810833,5.51627691759484
7740,5.58316885879194,5.61451352477373,7.83675943903071,6.48221645714947,2.05102763292823,5.51353718253482
7750,5.60599864645948,5.59277304731185,7.82303028096615,6.47753220259437,2.05339146130124,5.51054512772662
7760,5.62822923097232,5.57095391994073,7.80812708275576,6.47322304529603,2.05590483764288,5.50728762332154
7770,5.64983539187758,5.5490622705714,7.79209071436416,6.46900647810674,2.05859455265235,5.50371788151445
7780,5.67079268754002,5.52710431712161,7.77523841559224,6.4651001565992,2.06144517352589,5.49993615007579
7790,5.69107776572953,5.50508027497868,7.75709066348585,6.46129469468036,2.06446358828833,5.49580139743255
7800,5.71064457611797,5.4830031999763,7.73789835783404,6.45766696371241,2.06768867572254,5.49138035467266
7810,5.72944844650599,5.46088035518344,7.71787748377784,6.45415859356893,2.07110135802649,5.48669324741254
7820,5.74749820666546,5.43871821673943,7.69661060134168,6.45072953811009,2.07470609247577,5.48165253106649
7830,5.76479010434602,5.41652327816645,7.67439540209952,6.4473967097959,2.07853625062777,5.47632834900713
7840,5.78130689143082,5.39430186144502,7.65126443603241,6.44408438318494,2.08258846568598,5.47070920755583
7850,5.79703252563512,5.37205922646887,7.62699895275161,6.4407968857625,2.08685746331527,5.46474901078667
7860,5.81195218152293,5.34980474237836,7.6018895470546,6.43748914961234,2.09136847894658,5.45850081990296
7870,5.82599620528304,5.32754491439727,7.57577996964205,6.43413781274626,2.0961383148524,5.4519194433842
7880,5.83917071205175,5.30528617543301,7.54864875586801,6.43069912877729,2.10114954412089,5.44499086325019
7890,5.85149500161874,5.28303491088025,7.52078220843601,6.42719062863805,2.10641667759208,5.43778388543302
7900,5.8629646662401,5.26079811524084,7.49185803563574,6.42348153411263,2.11198108433457,5.43021668711278
7910,5.87357141142939,5.23858419583119,7.46202480377005,6.41970894467664,2.11781085479916,5.42234004210129
7920,5.88330818242365,5.21639791443168,7.43151864330306,6.41559877737435,2.12391229151943,5.41414716181044
7930,5.89215184094073,5.19424531160058,7.39999477831887,6.41136708627095,2.13034051733452,5.40561990689313
7940,5.90005280843079,5.1721323456364,7.3676803975364,6.40681016600197,2.13706178022978,5.39674749956707
7950,5.90704626023805,5.15006486401893,7.33468090456756,6.40197510230184,2.14407684917584,5.38756879606044
7960,5.91315370004587,5.12805173001245,7.30079821763642,6.39687361769065,2.15142921585647,5.37806129624837
7970,5.91837451499751,5.10610040799538,7.26625222646377,6.39129091234465,2.15911004692504,5.36822562174527
7980,5.9227092765298,5.08421262272491,7.23100051391655,6.38554738127005,2.16710521969866,5.358115002828
7990,5.92615972498822,5.06239359444849,7.19499699397366,6.37907390343045,2.17544412729031,5.34761366882623
8000,5.92868164836841,5.04064844807192,7.15845379585839,6.37240249610966,2.18414659885567,5.33686659745281
8010,5.93028231010509,5.01898215058507,7.1212157923734,6.36508663659653,2.19318182937946,5.32574974380791
8020,5.93100156162076,4.99740634001317,7.08335309543098,6.35733913999701,2.2025630826861,5.31433264394961
8030,5.93085641639454,4.97592403783961,7.04505803010676,6.34909653026901,2.21234197070844,5.30265539706367
8040,5.92985446503442,4.95453551517184,7.00612458036805,6.34013730934164,2.22246958665621,5.29062429131443
8050,5.92800433210056,4.93324493259092,6.96669106736189,6.33087750982786,2.23294897295749,5.27835336296774
8060,5.92531042426985,4.9120563364457,6.92687664744617,6.32057590208807,2.24384340711825,5.26573254347361
8070,5.92172532125596,4.89097358808175,6.8865664161447,6.30999537800741,2.25510705079395,5.25287355085675
8080,5.91729955915797,4.87001162229722,6.84588804436752,6.29844295928131,2.26673454413491,5.23967534584779
8090,5.91207274552038,4.84916647573109,6.80486935774371,6.28635720163355,2.27877221482895,5.22624759909154
8100,5.90605849310254,4.8284383739889,6.76349029335533,6.27353717272621,2.29120626572157,5.21254611977891
8110,5.89927126001155,4.80783031040375,6.72186280382802,6.25983180628726,2.30401349992702,5.19856193609152
8120,5.89172631619103,4.78734513855696,6.67996612354285,6.24566932195365,2.3172218631658,5.18438575268206
8130,5.88341060675104,4.76698552122734,6.63783691548141,6.2302383311518,2.33085129974464,5.16986453487125
8140,5.87432995380234,4.74676981090313,6.59556402054086,6.21446137566743,2.34486023379394,5.15519707894154
8150,5.8645327967365,4.72668565426546,6.5531223522475,6.19741020808396,2.35925746265075,5.14020169479683
8160,5.8540504098183,4.70673433716735,6.51056827099944,6.17978235573619,2.37409751211121,5.1250465771665
8170,5.84290175923443,4.68691770937094,6.46795624985033,6.16119636568105,2.38932034452424,5.1096584857322
8180,5.83110639400595,4.66723744977146,6.42530522377022,6.14163524267387,2.40492464615338,5.09404179127498
8190,5.81868440807405,4.6476976696897,6.38265498299989,6.12146233243246,2.42097179516284,5.07829423767179
8200,5.80561324049684,4.62831214396358,6.34003688049321,6.09989657961916,2.43741087684505,5.06225394428357
8210,5.79193763039641,4.60906750567487,6.29750254403594,6.07793753174305,2.45423057640879,5.04613515765181
8220,5.77770137524564,4.58996440248558,6.25506341611571,6.05446109938113,2.47147279063658,5.02973261677293
8230,5.7629282423649,4.57100362658427,6.21276923094291,6.0304215716684,2.48912126064905,5.0132487864419
8240,5.74764055898962,4.55218581878649,6.17067179583755,6.00524252555344,2.50714696660265,4.99657753315395
8250,5.73186095286669,4.53351738155984,6.1287427572402,5.97908010939037,2.52557226445054,4.97975469310153
8260,5.71560042213117,4.51500501910581,6.08709257222117,5.95217425195382,2.54441490540363,4.96285743416312
8270,5.69886736816217,4.496636980404,6.04574271784987,5.92385925979234,2.56362887298777,4.94574703983923
8280,5.68170591179092,4.47841306086156,6.00463595646559,5.89512758442214,2.58321756236167,4.92862001518038
8290,5.66415021007637,4.46033320228106,5.96393040068644,5.86472565616957,2.60323138951963,4.91127417174661
8300,5.64622384129513,4.44239723612936,5.92360645256407,5.83382261393048,2.62360838764579,4.89393170631297
8310,5.62795044580036,4.4246139634711,5.88363104103428,5.80166678672512,2.64434373373172,4.87644119415252
8320,5.6093536900476,4.40698290490305,5.8441514530452,5.76859448472227,2.66548947631404,4.85891440180643
8330,5.59044077042707,4.38949472460974,5.80510363637178,5.73469119997393,2.68699750641326,4.84134556755916
8340,5.57124228187183,4.3721486579216,5.76653436123953,5.69946509586848,2.70885307737117,4.82364869485452
8350,5.55179361184705,4.35494407540901,5.72854479908052,5.66382522973916,2.73108954931214,4.80603945307758
8360,5.53212065394626,4.33788028477522,5.69101323707172,5.6264774558748,2.7536913962012,4.78823660557384
8370,5.5122466352187,4.32096844960497,5.65410019433802,5.58872491264754,2.77662876993695,4.77053379234923
8380,5.49219459644285,4.30420146321766,5.61784068168781,5.5496955359828,2.79991735644022,4.75276992675427
8390,5.4719856394187,4.28757282758056,5.58206233383734,5.50987775591325,2.82357196095324,4.73501410354062
8400,5.45163683728748,4.27108153202486,5.54702479232637,5.46920399500419,2.84754905408428,4.71729924214544
8410,5.43117813663712,4.25472667873751,5.51269092285444,5.42738129220185,2.87184806052013,4.69956501819021
8420,5.41063562172356,4.23850735460291,5.47891746529352,5.38510777841141,2.89651159905931,4.68193596381814
8430,5.39003086112048,4.22243703577199,5.44594020801163,5.34135300752482,2.92148397053139,4.66424901659206
8440,5.36938505998034,4.20650284817553,5.41366065508865,5.29724019649248,2.94675902215597,4.6467095563786
8450,5.34871903588825,4.19070128338843,5.3820636483919,5.25192973671188,2.97237737213494,4.62915821530308
8460,5.32805449086086,4.1750313827644,5.35130770283879,5.20600086529311,2.99829919839475,4.61173872803038
8470,5.3074138112511,4.15949226749218,5.3212213818013,5.15926694448951,3.02450971716629,4.59438082444008
8480,5.28681690924561,4.14408377308094,5.29193804475784,5.11162325224819,3.05103397454741,4.577099190776
8490,5.26628256015754,4.1288196931359,5.26353073977976,5.06353789771005,3.07785982673004,4.56000614350266
8500,5.24582917445126,4.11368419673032,5.23574547157922,5.01429138101548,3.10496085895042,4.54290221654534
8510,5.22547464798732,4.09867613783229,5.20887728131012,4.96475351181366,3.1323479083644,4.52602589746156
8520,5.20523643069173,4.08379484056947,5.1829106958419,4.91420547596665,3.16003394935545,4.50923627848504
8530,5.18514379099598,4.06903968277961,5.1575885431657,4.8632290212262,3.18798231519231,4.49259667067196
8540,5.16520808144303,4.05441354368759,5.13319662724509,4.81158087455232,3.21619108283065,4.47611804195174
8550,5.14544049350005,4.03992461622613,5.10964398308548,4.75930086540118,3.24469598076518,4.45980118779561
8560,5.12585596853907,4.02556058801757,5.08682803056274,4.70664685665291,3.27345132408389,4.44366855357124
8570,5.10646885319204,4.01132076313516,5.06494445050232,4.65320648105523,3.30245191913154,4.42767849340326
8580,5.0872928910197,3.99720486495013,5.04382075893672,4.59956041570042,3.331729934026,4.41192177292659
8590,5.06834959664493,3.98321269064733,5.02351576433772,4.54519513954346,3.3612552898462,4.39630569620393
8600,5.04965921054983,3.96935025290358,5.00413619989545,4.4905895625157,3.39101560172683,4.38095016551828
8610,5.03122449171382,3.95562075031727,4.98542523302139,4.43552659462594,3.42103101259691,4.36576561645507
8620,5.0130519114331,3.94201512612533,4.96759973158722,4.3801206947161,3.45129409542731,4.35081631185781
8630,4.99515193402787,3.92853323560966,4.95068387070277,4.3244696789664,3.48178347450822,4.33612443876298
8640,4.97753439422438,3.91517529022951,4.93439273952395,4.26842763059345,3.51250823244834,4.32160765740393
8650,4.9602084969735,3.90194158104339,4.9189826741582,4.21227893885139,3.54348186536232,4.30737871127776
8660,4.94320421453324,3.88884145853274,4.90439765202778,4.15579084632374,3.57467477594256,4.29338178947201
8670,4.9265221714423,3.87587329520026,4.89046360453716,4.09922932281266,3.6060858176995,4.27963484233838
8680,4.910158646593,3.86303105844966,4.87737312640131,4.04249598039913,3.63774812582734,4.26616138753409
8690,4.89411851825406,3.85031516881731,4.86499038878177,3.98569372192948,3.66962439819846,4.25294843919622
8700,4.87840770274863,3.83772632565581,4.85329299302591,3.92883232095349,3.701711588119,4.23999418610057
8710,4.86303150877501,3.82526530026418,4.84239383544136,3.87196294768803,3.73403867918018,4.22733845426975
8720,4.84800204293253,3.81294509458594,4.83208343688912,3.81509297011819,3.76658318098578,4.21494134510231
8730,4.83334023537829,3.80075893175796,4.82247270614519,3.75832893489013,3.79933539338946,4.2028472403122
8740,4.81903482036024,3.78870367359076,4.81360703401818,3.70162216532324,3.83231448989199,4.19105643663688
8750,4.805079794803,3.7767802446073,4.80523723612141,3.64508322819414,3.86551753812838,4.17953960837085
8760,4.79147739320618,3.76498975354213,4.79753980330665,3.58871277461044,3.89892674408862,4.1683292937508
8770,4.77822930019916,3.75333336273607,4.79049631149462,3.5325154846706,3.93255166637207,4.1574252250945
8780,4.76533666242057,3.74182810380243,4.78391321879341,3.47665251097934,3.96640841559803,4.14682778231875
8790,4.75281990017479,3.73046130829332,4.77793435105508,3.42091200072672,4.00047116165332,4.13651974438065
8800,4.74067699466355,3.7192327281988,4.7724756266361,3.36572476994988,4.03473989277522,4.12657000244471
8810,4.72889365607766,3.70814367662936,4.76746512795689,3.31069684160953,4.06924959505776,4.11688977946624
8820,4.71746491108964,3.69719553618606,4.76298442854727,3.25620721568497,4.1039662822779,4.10756367475717
8830,4.70638928955298,3.68639176254454,4.75889920096194,3.20207113123749,4.13888851275123,4.09852797940964
8840,4.69566487308436,3.67574773120127,4.75522966834409,3.14837041227709,4.17404579083875,4.08981169514911
8850,4.68529212488347,3.6652498019042,4.75200911080105,3.09528354945279,4.20941932920861,4.08145078325002
8860,4.6752917280595,3.65489889648849,4.74907543636928,3.04247650708939,4.24500030838005,4.07334857527734
8870,4.66564445686227,3.64469650090907,4.74650241292207,2.99059025258102,4.28080857485454,4.06564843962579
8880,4.65633572518306,3.63464410721469,4.74428608878389,2.93895744092206,4.31684401894967,4.05821347621067
8890,4.64736152579495,3.6247487576315,4.74228475481089,2.88823692670602,4.35308920400919,4.05114423379051
8900,4.63871751195048,3.6150201516173,4.74055809210952,2.8379938449875,4.38955396391547,4.04436871291606
8910,4.63039901570628,3.60544684261176,4.73906303756165,2.78845764148132,4.42625695989462,4.03792469945112
8920,4.62241432295966,3.59602981364088,4.73773402353576,2.73973793623996,4.46317190495381,4.03181760026601
8930,4.61476229146746,3.58677052149333,4.73658920646542,2.6914737772866,4.50029830476875,4.02597882029631
8940,4.60742418258593,3.57767040442029,4.7355691689483,2.64440254954598,4.53767361218703,4.02054798353751
8950,4.60038881045634,3.5687403117717,4.73464942647619,2.59766394896475,4.57526250645722,4.01534100082524
8960,4.5936501257833,3.55998331506539,4.73381890350112,2.55218622408424,4.61306308750474,4.01054033118776
8970,4.58720187853658,3.55139036602253,4.73302677229584,2.50724683940579,4.65110439515659,4.00599405028347
8980,4.58103763727912,3.54296238458455,4.73225415787121,2.46327234864142,4.68936798740753,4.00177890315677
8990,4.57517133883541,3.53470065730455,4.73147138974543,2.4202341732292,4.72784330872504,3.99788417356793
9000,4.5695849189873,3.52660643357073,4.73065646011769,2.37782839441549,4.76654852836064,3.99424494709037
9010,4.56426146192817,3.51869453612051,4.72977111964291,2.33678300716681,4.80548345746396,3.99099871646447
9020,4.55919337562979,3.51096055660217,4.72878300443871,2.2961302391717,4.84462841382569,3.98793911793361
9030,4.55437359402084,3.50339811668704,4.72769206379688,2.25703340767356,4.88399055300263,3.98529754703619
9040,4.54979499127967,3.4960079944084,4.72643824282779,2.21847742523243,4.92358724859654,3.98286118046896
9050,4.54545690247019,3.48879121025608,4.72501277205857,2.1811079304101,4.96338994192317,3.98075175142362
9060,4.54135949525496,3.48174873737967,4.7234031367961,2.1447136128068,5.00339509812056,3.97892401607162
9070,4.53748541469843,3.47489945676771,4.72153590757229,2.10911119443454,5.04363595209532,3.97733358511366
9080,4.53382229442841,3.46823087383297,4.71945226677441,2.07493191319733,5.08407599447284,3.97610266854119
9090,4.53036300159767,3.46173955593169,4.71709494515499,2.04118315885619,5.12471009736454,3.97501815178102
9100,4.52710045846141,3.45542611510438,4.71438353170403,2.00920700641499,5.16555997999233,3.97433541833543
9110,4.52402765942197,3.44929126597648,4.71141896042624,1.97772563354727,5.20660633276128,3.97381397042665
9120,4.52114866323008,3.44333586090286,4.7080931829292,1.94759497279985,5.2478353318073,3.97360160233386
9130,4.51845272803789,3.43758229314269,4.70434785781775,1.91840598527409,5.2892571661856,3.9736092060916
9140,4.5159261758563,3.43201021974058,4.7002902800948,1.89013322034238,5.33086763786929,3.97384550678067
9150,4.51356107546355,3.42661922500699,4.69578929508029,1.86324983109117,5.37264526904948,3.9743729391383
9160,4.51135107307048,3.42140977619979,4.69085024617539,1.83684050703278,5.41458980764261,3.97500828202421
9170,4.50928998601145,3.41638229754215,4.68551920414803,1.81226420539864,5.45670902717663,3.97603294405538
9180,4.50737393622056,3.41154136159374,4.67966274123443,1.78813070958115,5.49897535941941,3.97713682160986
9190,4.50560431940939,3.40690154018782,4.67337282111871,1.76543774002907,5.54138034998733,3.97853935414646
9200,4.50396906465598,3.40244557798115,4.66660992540031,1.7435943498877,5.58393795091632,3.98011137376829
9210,4.50245892247032,3.39817293463625,4.6592405993355,1.72274093575457,5.62661804030369,3.98184628650007
9220,4.50106883525444,3.39408383462871,4.65145317370338,1.70316149728153,5.66941000715357,3.98383546960432
9230,4.49979399598409,3.39017847097024,4.64311647932234,1.68412652326657,5.71231665905068,3.98590642571878
9240,4.49862985865704,3.38646524556984,4.63411834909825,1.66677389167695,5.75531920691372,3.98826131038316
9250,4.49757718794521,3.38295072364261,4.62468414856933,1.64984287362004,5.7984018196379,3.99069135068302
9260,4.49663189137968,3.37962101719156,4.61463709078456,1.6343562967219,5.84155813549931,3.9933608863154
9270,4.49578603723906,3.37647556086873,4.60396263844972,1.61958578408021,5.88477523263863,3.99611705065527
9280,4.49503488056864,3.37351441745464,4.59278711918734,1.60581708903672,5.92803483314106,3.99903766787768
9290,4.49437540436872,3.37073763217072,4.5809376725446,1.59314495594324,5.97132461299567,4.00210405560459
9300,4.4938049043534,3.36815750370233,4.56851278109924,1.58104892703844,6.0146306174157,4.00523094672182
9310,4.49332119709726,3.36577261326794,4.55552610638723,1.57040350808565,6.05793557272971,4.00859179951356
9320,4.4929286126817,3.36357261206885,4.54180800059072,1.56013791623961,6.10122503440584,4.01193443519734
9330,4.49262142118903,3.36155701299231,4.52758101424788,1.55123012096704,6.1444763208522,4.01549317804969
9340,4.49239541584598,3.35972580299259,4.51273774262805,1.54288212676996,6.18767664811059,4.01908354726944
9350,4.49224962406765,3.35807896399025,4.49711024582953,1.53547990175834,6.23081050648325,4.0227458484258
9360,4.49218341071773,3.35663273969078,4.48100854478805,1.52895713895615,6.27384863875791,4.02652609458212
9370,4.49219647944284,3.3553778431933,4.46424873013359,1.52299531519139,6.31677614881167,4.03031890335456
9380,4.4922917935208,3.35430754444107,4.44677724635805,1.51819794698256,6.35958011802267,4.03423092986503
9390,4.49247175151786,3.35342151987975,4.42879255146651,1.51372147079887,6.40222957073681,4.03812737287996
9400,4.49273389452859,3.35271974888149,4.41011274554329,1.51042858357969,6.44469788717111,4.04213857194083
9410,4.4930778436792,3.3522022137492,4.39080973828231,1.50753482034602,6.48697950577034,4.04612082436542
9420,4.49350508594264,3.35188914368072,4.370957921774,1.50546320472319,6.52904752021027,4.05017257526616
9430,4.49401743909485,3.35176348920775,4.35037953980028,1.50403723274354,6.57085253910057,4.0542100479894
9440,4.49461704788333,3.35182215091521,4.32927265503197,1.50310722231678,6.6124017676009,4.05824416874964
9450,4.49531298322848,3.35206501979205,4.30758995677866,1.50302920239153,6.65367594031494,4.06233462050113
9460,4.49610570738108,3.3524921010731,4.28515583985383,1.50320044440133,6.69459949434,4.06631071740987
9470,4.49699518058115,3.35310521114853,4.26226478684463,1.50430445337881,6.73518987111105,4.07037190061283
9480,4.49798446439922,3.353923261298,4.23877808947271,1.50565880293781,6.77543045617769,4.07435501485709
9490,4.49907733858,3.3549266199396,4.21460449174396,1.50765117328445,6.81524946302687,4.07830181731497
9500,4.5002778696944,3.35611425535105,4.18998212389114,1.51006029733697,6.85464003944008,4.08221491714273
9510,4.50159315617509,3.35748618878474,4.16474974111859,1.51285327348703,6.89360041973451,4.08605655585999
9520,4.50303360642075,3.35904244163623,4.13893889584331,1.51618679268597,6.932070605202,4.08985446835765
9530,4.50459946435234,3.36078884334632,4.11266745266353,1.51969166960402,6.97000612870096,4.09355071173343
9540,4.50629306542312,3.36273650045841,4.08577835819606,1.52381801325303,7.00742648218312,4.09721048390275
9550,4.50811983022581,3.36486940133715,4.05841702385358,1.52807187955506,7.04429155547709,4.10075393808974
9560,4.51008540041391,3.3671866802272,4.03059195309846,1.5327328416869,7.08050499747806,4.10422037458091
9570,4.51219562620861,3.36968833426377,4.00214911131206,1.5376051732367,7.11611434685556,4.10755051837534
9580,4.51446568074095,3.37237435036277,3.97332443781404,1.54271062002934,7.15109928602616,4.11079487499465
9590,4.51690122197794,3.37525449874093,3.9440382274789,1.54807062176067,7.18532215567373,4.11391734512643
9600,4.51950304807736,3.37833202929954,3.91418102272901,1.55353244546747,7.21884144392491,4.11687799789966
9610,4.52227615848717,3.38159446199924,3.88398617568728,1.55925112056421,7.25164627506591,4.11975083836076
9620,4.52522727433954,3.3850410369701,3.85333368519137,1.56501780034623,7.28361901868971,4.12244776310739
9630,4.52836323428135,3.3886716512989,3.82222058748381,1.57093344126848,7.31476453431066,4.12499068972864
9640,NA,3.3924861781109,NA,1.57689264703144,7.3451020996025,4.10482697491495
9650,NA,3.39649818235671,NA,1.58290947719735,7.3745446316388,4.11798409706429
9660,NA,3.40070301059095,NA,1.58894006721198,7.40302818493565,4.13089042091286
9670,NA,3.40509162095369,NA,1.59497745668401,7.43060922121016,4.14355943294929
9680,NA,3.4096632843473,NA,1.60096291683104,7.45724047273614,4.15595555797149
9690,NA,3.41441770945415,NA,1.60692379013891,7.48277403719134,4.16803851226146
9700,NA,3.41935456733232,NA,1.61277231056803,7.50731049452574,4.17981245747537
9710,NA,3.42449097127012,NA,1.61854274364992,7.53083445923352,4.19128939138452
9720,NA,3.42981443065818,NA,1.6241887126352,7.5531493120342,4.20238415177586
9730,NA,3.43531923316088,NA,1.62966646424003,7.57435934124509,4.213115012882
9740,NA,3.44100461067572,NA,1.63504296902025,7.59446789522768,4.22350515830788
9750,NA,3.44687000543533,NA,1.64013286824289,7.61331867240355,4.23344051536059
9760,NA,3.45291481211074,NA,1.64513757155788,7.63093045149972,4.24299427838945
9770,NA,3.4591593311489,NA,1.64979181988135,7.6473521721453,4.25210110772518
9780,NA,3.46558352311565,NA,1.65429509650197,7.6624791971034,4.26078593890701
9790,NA,3.47218486323245,NA,1.65850597390501,7.67623086450221,4.26897390054656
9800,NA,3.4789624993449,NA,1.66243215137085,7.68870779359782,4.27670081477119
9810,NA,3.48591556128236,NA,1.66615153665257,7.6998655019907,4.28397753330854
9820,NA,3.49304632460123,NA,1.6694338590878,7.70951126128513,4.29066381499139
9830,NA,3.50036841264854,NA,1.67258650007488,7.71780276739985,4.29691922670776
9840,NA,3.50786383350299,NA,1.67519996268465,7.72473641964396,4.30260007194387
9850,NA,3.51553043769548,NA,1.6776351573602,7.73007485528959,4.30774681678175
9860,NA,3.52336709162165,NA,1.67964534239122,7.73396389145512,4.31232544182266
9870,NA,3.53137261484215,NA,1.68131940376281,7.73642857481611,4.31637353114036
9880,NA,3.53955242107278,NA,1.68270043425183,7.73729225210092,4.31984836914184
9890,NA,3.54791220928143,NA,1.68357967167481,7.73658779885632,4.32269322660419
9900,NA,3.55643757765633,NA,1.68430375979169,7.73439750277335,4.32504628007379
9910,NA,3.56512633789788,NA,1.68437241751788,7.73061511494625,4.326704623454
9920,NA,NA,NA,1.68427291826793,7.72515155144453,4.70471223485623
9930,NA,NA,NA,1.68367026181595,7.71814975618868,4.70091000900231
9940,NA,NA,NA,NA,7.70957926916221,7.70957926916221
9950,NA,NA,NA,NA,7.69922256696472,7.69922256696472
9960,NA,NA,NA,NA,7.68728543722086,7.68728543722086
9970,NA,NA,NA,NA,7.67378153854033,7.67378153854033
9980,NA,NA,NA,NA,7.65846427615917,7.65846427615917
9990,NA,NA,NA,NA,7.64150689520126,7.64150689520126
10000,NA,NA,NA,NA,7.64000816742194,7.64000816742194
10010,NA,NA,NA,NA,7.64000816742194,7.64000816742194
10020,NA,NA,NA,NA,7.64000816742194,7.64000816742194
10030,NA,NA,NA,NA,7.64000816742194,7.64000816742194
10040,NA,NA,NA,NA,7.64000816742194,7.64000816742194
10050,NA,NA,NA,NA,7.64000816742194,7.64000816742194
10060,NA,NA,NA,NA,7.64000816742194,7.64000816742194
10070,NA,NA,NA,NA,7.64000816742194,7.64000816742194
10080,NA,NA,NA,NA,7.64000816742194,7.64000816742194
10090,NA,NA,NA,NA,7.64000816742194,7.64000816742194
10100,NA,NA,NA,NA,7.64000816742194,7.64000816742194
10110,NA,NA,NA,NA,7.64000816742194,7.64000816742194
10120,NA,NA,NA,NA,7.64000816742194,7.64000816742194
10130,NA,NA,NA,NA,7.64000816742194,7.64000816742194
10140,NA,NA,NA,NA,7.64000816742194,7.64000816742194
10150,NA,NA,NA,NA,7.64000816742194,7.64000816742194
10160,NA,NA,NA,NA,7.64000816742194,7.64000816742194
10170,NA,NA,NA,NA,7.64000816742194,7.64000816742194
10180,NA,NA,NA,NA,7.64000816742194,7.64000816742194
10190,NA,NA,NA,NA,7.64000816742194,7.64000816742194
10200,NA,NA,NA,NA,7.64000816742194,7.64000816742194
10210,NA,NA,NA,NA,7.64000816742194,7.64000816742194
10220,NA,NA,NA,NA,7.64000816742194,7.64000816742194
10230,NA,NA,NA,NA,7.64000816742194,7.64000816742194
10240,NA,NA,NA,NA,7.64000816742194,7.64000816742194
10250,NA,NA,NA,NA,7.64000816742194,7.64000816742194
10260,NA,NA,NA,NA,7.64000816742194,7.64000816742194
10270,NA,NA,NA,NA,7.64000816742194,7.64000816742194
10280,NA,NA,NA,NA,7.64000816742194,7.64000816742194
10290,NA,NA,NA,NA,7.64000816742194,7.64000816742194
10300,NA,NA,NA,NA,7.64000816742194,7.64000816742194
10310,NA,NA,NA,NA,7.64000816742194,7.64000816742194
10320,NA,NA,NA,NA,7.64000816742194,7.64000816742194
10330,NA,NA,NA,NA,7.64000816742194,7.64000816742194
10340,NA,NA,NA,NA,7.64000816742194,7.64000816742194
10350,NA,NA,NA,NA,7.64000816742194,7.64000816742194
10360,NA,NA,NA,NA,7.64000816742194,7.64000816742194
10370,NA,NA,NA,NA,7.64000816742194,7.64000816742194
