"Age","Lili","Pasdefond","Francis","Clo","FFmean"
0,3.83797077950167,5.40233814152861,4.05495773844811,4.05282442151682,4.3370227702488
10,3.87691229348856,5.41086124477254,4.05000363301527,4.05135692468021,4.34728352398915
20,3.91599507464887,5.41854485012626,4.04536929359549,4.04916911650341,4.35726958371851
30,3.9551862119357,5.42508159710496,4.04112953343855,4.04617134256441,4.36689217126091
40,3.99449674030823,5.43082032689909,4.03723680793095,4.04244652940361,4.37625010113547
50,4.0339654586403,5.43576470104067,4.03372906460737,4.03797241518237,4.38535790986768
60,4.07356565535801,5.4398991842737,4.03061426554711,4.03272736152249,4.39420161667533
70,4.1132845965509,5.44293846451337,4.02787000806289,4.02678427703739,4.40271933654114
80,4.15314150991053,5.44517178434879,4.02556517913701,4.02005596897641,4.41098361059318
90,4.19317246318803,5.44664034360333,4.02363309414163,4.01263751836579,4.4190208548247
100,4.2333252227186,5.4473355788079,4.02214497986725,4.00450106891018,4.42682671257598
110,4.27360753732656,5.44702673589295,4.02106170864048,3.99564158732367,4.43433439229592
120,4.31405226369918,5.44591326810338,4.0204009630019,3.98612514730249,4.44162291052674
130,4.35465038089892,5.44408055318081,4.02018789950766,3.975869608521,4.4486971105271
140,4.39537160483801,5.44152664561638,4.02037228113737,3.96497847762223,4.4555622523035
150,4.43622818344174,5.43807558369533,4.02104649290476,3.95341994358159,4.46219255090586
160,4.47726486373729,5.43384293740878,4.02212326286906,3.94120406738147,4.46860878284915
170,4.51842654992328,5.42895161202109,4.02366425598992,3.92838907611176,4.47485787351151
180,4.55971110396468,5.42340566561357,4.02564546218704,3.91490035246404,4.48091564605733
190,4.60114011723717,5.4170814843839,4.02806001088846,3.90084534118108,4.48678173842265
200,4.6427225039622,5.41002155927357,4.03095232347162,3.88619040810093,4.49247169870208
210,4.68441490038617,5.4023771691377,4.03425452903978,3.87095787653409,4.49800111877443
220,4.72622312609662,5.39415753941795,4.03805081802768,3.85519685750492,4.50340708526179
230,4.76817525712951,5.38528640368449,4.04226660044888,3.83884653348479,4.50864369868692
240,4.81023875977391,5.37574839310241,4.04694046988107,3.82200876214229,4.51373409622492
250,4.85239613621386,5.36571187505236,4.05206674905916,3.80465217323698,4.51870673339059
260,4.89465500157555,5.35519023339192,4.05761362996814,3.78680763080023,4.52356662393396
270,4.9370314134362,5.3441472560157,4.06364362975045,3.7685140347187,4.52833408348026
280,4.97947977440398,5.33252860726674,4.07007596632021,3.74973187131057,4.53295405482537
290,5.02199888692726,5.32050682923035,4.07697923196315,3.73054603901397,4.53750774678368
300,5.06459582236396,5.30809833883571,4.08429923702101,3.71093227994295,4.54198141954091
310,5.10725352645845,5.29529778245213,4.0920492593341,3.69092643253524,4.54638175019498
320,5.14995111360147,5.28203346493684,4.10024193056935,3.67055855850662,4.55069626690357
330,5.19268445826093,5.26846816636947,4.10882354728052,3.6498075931755,4.5549459412716
340,5.23544857196849,5.25462010032606,4.11787094075087,3.62874158972979,4.5591703006938
350,5.2782195451981,5.24050323194168,4.12729522613156,3.60734424639818,4.56334056241738
360,5.32098926542734,5.22605483558777,4.1371480093512,3.5856526297751,4.56746118503535
370,5.36374433929298,5.21141040643301,4.14739622630274,3.56368979616209,4.5715601920477
380,5.40646176555216,5.19658960302679,4.15803023026667,3.54144959576107,4.57563279865167
390,5.44913733772128,5.18160932284634,4.16907835931433,3.5189840949296,4.57970227870289
400,5.49175791074073,5.16645582298525,4.18047707128238,3.49628551732272,4.58374408058277
410,5.53428638063572,5.15120640400235,4.19229264375311,3.47338852299089,4.58779348784552
420,5.57671571406402,5.13588738632129,4.20445294754023,3.45031127370074,4.59184183040657
430,5.61904679208179,5.12051729366827,4.21698685670448,3.42705865882242,4.59590240031924
440,5.66125237332449,5.10511943934837,4.22988048386735,3.40366821270608,4.59998012731157
450,5.70326682337113,5.08973584592898,4.2431061240511,3.38014097710047,4.60406244261292
460,5.74513076520465,5.07438685727104,4.25670364074759,3.35650593159379,4.60818179870427
470,5.78682529860131,5.05909138502567,4.27060715106941,3.33277855420249,4.61232559722472
480,5.8282872724101,5.0438972941762,4.28486466911824,3.30897087503024,4.6165050276837
490,5.86949378048164,5.02883425942006,4.29942790541731,3.28510777619998,4.62071593037975
500,5.91048199854962,5.01390464760946,4.31430473012164,3.26119915620524,4.62497263312149
510,5.95121725096734,4.99912663839223,4.32949683194415,3.23726558380065,4.62927657627609
520,5.99157981947186,4.9845602065816,4.34496451747415,3.21332200838042,4.63360663797701
530,6.03164551974525,4.97024440882901,4.36075463274547,3.18938394794403,4.63800712731594
540,6.07141080761213,4.95615289553306,4.37680304228803,3.16546576110084,4.64245812663352
550,6.11079923716022,4.9423021531625,4.39314249764184,3.14158603146629,4.64695747985771
560,6.14972599510992,4.92875249943092,4.40974479029733,3.11775483234905,4.65149452929681
570,6.18829573449394,4.91557178747282,4.42660270765933,3.09398856492572,4.65611469863795
580,6.22646955326042,4.90269602097011,4.44372946459682,3.07030302331774,4.66079951553627
590,6.26410066015851,4.89013921948288,4.46108228375438,3.04670425639275,4.66550660494713
600,6.3012399960069,4.87795150475553,4.47870215380672,3.02321920931988,4.67027821597226
610,6.33794079953736,4.86624566451088,4.49653878233167,2.99984604024484,4.67514282165619
620,6.37413164041052,4.85491338153749,4.51461047859262,2.97660433217957,4.68006495818005
630,6.40961158859681,4.84396563866687,4.53290480044755,2.95350749663489,4.68499738108653
640,6.44458790485135,4.83343351936765,4.55140510253669,2.93055543273229,4.689995489872
650,6.47902410088865,4.82348684369551,4.57013281938127,2.90778303603224,4.69510669999942
660,6.5127657632617,4.81396888167868,4.58904761423704,2.88517573958046,4.70023949968947
670,6.54578604207239,4.80488758486344,4.60817907177378,2.8627577553511,4.70540261351517
680,6.57822473427976,4.79625771983005,4.62749567929184,2.84053806788163,4.71062905032082
690,6.61001695694443,4.78828295034516,4.6470039371326,2.81851256186466,4.71595410157171
700,6.64090339951267,4.78078826078954,4.6667034788713,2.79672305244258,4.72127954790403
710,6.67109685702576,4.77376839341644,4.68657228190108,2.77514259210479,4.72664503111202
720,6.70061647383611,4.76723456475525,4.70663839076252,2.75380096042646,4.73207259744508
730,6.7293231725405,4.76137170578624,4.72686431839886,2.73270147641411,4.73756516828493
740,6.75705830389062,4.75604442807334,4.74727268333109,2.71183910395799,4.74305362981326
750,6.78407578494179,4.75121524352899,4.76784612903375,2.6912564298274,4.74859839683298
760,6.81031803046964,4.7468916280676,4.78858369019246,2.67092049108406,4.75417845995344
770,6.83553189640863,4.74323229485596,4.80949490783358,2.65086534613932,4.75978111130937
780,6.85983385418824,4.74015086218371,4.8305552494423,2.63108764113984,4.76540690173852
790,6.88335006801697,4.73757598178067,4.85179592666766,2.61158336444675,4.77107633522801
800,6.90598009766206,4.73551139347494,4.87318481610092,2.59239376384817,4.77676751777152
810,6.92738699477995,4.73408460022862,4.89473963270167,2.57348200333514,4.78242330776135
820,6.94796217848529,4.73326277016517,4.91645408658384,2.55488646878465,4.78814137600474
830,6.96766211118549,4.73294163232765,4.93832155287934,2.53659644080067,4.79388043429829
840,6.98626554593074,4.73312136314529,4.96036122886463,2.51861051752735,4.799589663867
850,7.00374321865814,4.73389578295071,4.98254738894027,2.50096697210308,4.80528834066305
860,7.02034095804088,4.73528541757184,5.00490918425165,2.48362684993729,4.81104060245042
870,7.03598096461898,4.73715642794928,5.02742450531952,2.46663289746782,4.8167986988389
880,7.05030933970542,4.73950573618399,5.05010536651266,2.44996654791656,4.82247174757966
890,7.06364671534789,4.74239344378861,5.07295534826551,2.4336302638269,4.82815644280723
900,7.07604645805577,4.74588881109599,5.09596128239517,2.41765806655546,4.8338886545256
910,7.08734162628126,4.74983395520246,5.11915342235465,2.40201027732082,4.8395848202898
920,7.09732331474098,4.7542229550122,5.14250200798852,2.38673399701956,4.84519556869032
930,7.10636487330367,4.75908441302169,5.16603558802067,2.37180245913862,4.85082183337116
940,7.11440814297595,4.76452774373566,5.18974020868764,2.35722294895142,4.85647476108767
950,7.12115442422845,4.77037838986077,5.21362149401297,2.34302420682054,4.86204462873068
960,7.12675985731741,4.77662806557366,5.2376932793279,2.32916691448133,4.86756202917508
970,7.13140874469455,4.78327809129965,5.26193365484768,2.31570244533184,4.87308073404343
980,7.13500424404986,4.79046610358585,5.28638388692562,2.30259556690649,4.87861245036696
990,7.13714613574437,4.79800970588701,5.31100903285998,2.28985907635118,4.88400598771063
1000,7.13833180649875,4.80589902716921,5.33583575939158,2.27751556815506,4.88939554030365
1010,7.1385257842812,4.81412658042749,5.36085819614009,2.26552691957562,4.8947593701061
1020,7.13750292893492,4.82280430001513,5.38607291500114,2.2539485728353,4.90008217919662
1030,7.13523698859058,4.83179170911801,5.41150498910178,2.24273665164228,4.90531758461317
1040,7.13202579738195,4.84106443049657,5.43712473133746,2.23190989650319,4.91053121392979
1050,7.12780377785079,4.85061292713794,5.46297227912083,2.22148401268969,4.91571824919981
1060,7.12222375342928,4.86050867114067,5.48901834687339,2.21142271626317,4.92079337192663
1070,7.11562653799054,4.87066177069575,5.51528110263974,2.20178514366444,4.92583863874762
1080,7.10809160912989,4.88103429562555,5.54176344372704,2.19251873175028,4.93085202005819
1090,7.09947620279813,4.89161521804186,5.56844979602712,2.18364833122199,4.93579738702228
1100,7.08957974683365,4.90244179718833,5.59537655813005,2.17518213915659,4.94064506032715
1110,7.07879454494258,4.91346120749604,5.62250480029709,2.16708620924341,4.94546169049478
1120,7.06708084614288,4.92463041762557,5.64987017595702,2.15942278126578,4.95025105524781
1130,7.05418570960835,4.93593744197511,5.67745048239242,2.15213077830446,4.95492610307009
1140,7.04026002499802,4.94739274647904,5.7052518729497,2.14524104033168,4.95953642118961
1150,7.02549447185857,4.95896536793405,5.73328595711082,2.13875380597099,4.96412490071861
1160,7.00982666347457,4.97061610112519,5.76152347807192,2.13263785238034,4.968651023763
1170,6.99291625932164,4.9823324896213,5.79000965283387,2.12695768166056,4.97305402085934
1180,6.97521818432635,4.99410641405622,5.81869710880113,2.12164419220887,4.97741647484814
1190,6.95671605743451,5.00591262098447,5.84761302858072,2.11673377242813,4.98174386985696
1200,6.93725067714085,5.01772476193404,5.87674318004841,2.11221885050758,4.98598436740772
1210,6.91681087552717,5.02953033544522,5.90607984627723,2.10807349750724,4.99012363868921
1220,6.89565410421481,5.0413112664319,5.93564092212019,2.10435438888112,4.994240170412
1230,6.87374627459283,5.05303160308925,5.96539028701674,2.10099499527157,4.9982907899926
1240,6.85085537220292,5.06468664807472,5.99536101905333,2.09803311213124,5.00223403786555
1250,6.82724087301248,5.07626421017378,6.02551570472709,2.09545347709569,5.00611856625226
1260,6.80298017568727,5.08774496878966,6.05586490363139,2.09323581483576,5.00995646573602
1270,6.77799625218828,5.09906624118572,6.0864010408066,2.09142710871342,5.0137226607235
1280,6.75216723757924,5.11025324014788,6.11710428924664,2.08996529326076,5.01737251505863
1290,6.72577756523222,5.12129436385483,6.14799266667466,2.08888824464279,5.02098821010113
1300,6.69881565324007,5.13217738193055,6.17902808804341,2.08817347990235,5.02454865077909
1310,6.67115024917395,5.14279823060466,6.21022669449562,2.08780622413041,5.02799534960116
1320,6.64288803758846,5.15321904927037,6.24156203569861,2.08782324606551,5.03137309215574
1330,6.61415945309912,5.16342909955931,6.27302875708745,2.08816767818125,5.03469624698178
1340,6.58494654312239,5.17341696438112,6.30462110049078,2.08887636677829,5.03796524369314
1350,6.55509531201421,5.18306679563984,6.33631389420994,2.0899205260788,5.0410991319857
1360,6.52485921087936,5.19244067577282,6.36811466729136,2.09129044121453,5.04417624878951
1370,6.4942463022629,5.20154339758737,6.39999151775026,2.09301256786516,5.04719844636642
1380,6.46320494525113,5.21036458501857,6.43194157145219,2.09503586088102,5.05013674065073
1390,6.43175379810312,5.21878569142453,6.46394626243634,2.09739490646306,5.05297016460676
1400,6.40002362762132,5.22685311713418,6.49599027106667,2.10005600050716,5.05573075408233
1410,6.36801616132422,5.23459428442033,6.528060663713,2.10301374678094,5.05842121405962
1420,6.3356768913194,5.24200001134878,6.56013896124621,2.10628467700286,5.06102513522931
1430,6.30311918267908,5.24895751347859,6.59220786933118,2.10982403424622,5.06352714993376
1440,6.27038419201598,5.25548341487519,6.62425231910821,2.11366285123157,5.06594569430774
1450,6.23747189269362,5.26163388856928,6.65625159919216,2.11776432967052,5.0682804275314
1460,6.20438723545906,5.26740103224823,6.68818773006376,2.12212635840742,5.07052558904462
1470,6.171215987574,5.27268535595461,6.7200467124722,2.12675644328592,5.07267612482168
1480,6.13797167339516,5.27746154064975,6.75179559928192,2.13161637978289,5.07471129827743
1490,6.10466974299664,5.28181954114765,6.78343362380838,2.13673235644891,5.07666381610039
1500,6.07135770629351,5.28575267472282,6.81491855076565,2.14206667021789,5.07852390049997
1510,6.03806029943613,5.28918166836015,6.846247530332,2.14761920448865,5.08027717565423
1520,6.00479849911132,5.29202953112259,6.87739224661368,2.15338981942022,5.08190252406695
1530,5.97163525005641,5.29442307669123,6.90832415666006,2.15934689585929,5.08343234481675
1540,5.93857249053504,5.29635709142433,6.93904629224162,2.16551055939998,5.08487160840024
1550,5.90562658555629,5.29777768049694,6.96949028366846,2.17184464108447,5.08618479770154
1560,5.87285016842601,5.29854898835342,6.99968494727818,2.17834953188057,5.08735840898454
1570,5.84030008815006,5.29883682701041,7.02956818634912,2.18501923452189,5.08843108400787
1580,5.80794246712319,5.29863762199047,7.05913903370233,2.19182850591587,5.08938690718296
1590,5.77580479760587,5.29792677319341,7.08837671807933,2.19879032764954,5.09022465413204
1600,5.74400161137138,5.29650499118416,7.11722844504237,2.20587260821481,5.09090191395318
1610,5.71249752936878,5.29457775428226,7.14572635679877,2.21307464317599,5.09146907090645
1620,5.68127654303319,5.29214328628504,7.17376902247539,2.22038666121159,5.0918938782513
1630,5.65039616950283,5.28919875112533,7.20140819257651,2.22778935297836,5.09219811654576
1640,5.61999041564981,5.28550980112985,7.22857615454921,2.23528766857662,5.09234100997637
1650,5.58993329608362,5.28129069952523,7.25526067718059,2.24285608396616,5.0923351891889
1660,5.56025170263754,5.27655152247205,7.2814659926836,2.25049117218372,5.09219009749423
1670,5.53107726337724,5.27129082199814,7.30710087123794,2.25818164654244,5.09191265078894
1680,5.50240870474529,5.26530480433928,7.33223420601772,2.26591366046209,5.09146534389109
1690,5.47416112123001,5.25874998929413,7.35674849380407,2.27368284078998,5.09083561127955
1700,5.44637694973088,5.25166945759849,7.38069713206463,2.28147319032615,5.09005418243004
1710,5.41928374804803,5.24406337868956,7.4040271386716,2.28927677004093,5.08916275886253
1720,5.39268138902719,5.23576151488338,7.42670115627641,2.29708297034311,5.08805675763252
1730,5.36657624395075,5.22685975532325,7.44876546961293,2.30488203475735,5.08677087591107
1740,5.34108663866883,5.21743391158521,7.47007812955875,2.31266191190865,5.08531514793036
1750,5.31630299684156,5.20748586306558,7.49075255356165,2.32041592082347,5.08373933357306
1760,5.29205107399772,5.19688058629424,7.51066675307959,2.32813094365756,5.08193233925728
1770,5.2683679051916,5.18565302705538,7.52986073295037,2.33579910419865,5.079920192349
1780,5.24547349971484,5.17391018115559,7.54831366771986,2.34341308547025,5.07777760851513
1790,5.22323223649135,5.16165570179488,7.56595086850483,2.3509556229878,5.07544860744471
1800,5.20157401774498,5.14879011384491,7.58286614589193,2.35842813162955,5.07291460227784
1810,5.18057992843312,5.13528960589185,7.59888375829819,2.36581206301667,5.07014133890996
1820,5.16047182879017,5.12128960027671,7.61414071359428,2.3731041044682,5.06725156178234
1830,5.14097315339944,5.10679555032063,7.62853062138091,2.38029774839574,5.06414926837418
1840,5.12211165207935,5.09174257851136,7.64206654274288,2.38737291563122,5.0608234222412
1850,5.10407412971115,5.07605268505436,7.65477393306481,2.39433775548053,5.05730962582771
1860,5.08683417550057,5.05988583099361,7.66653242036034,2.40116818165408,5.05360515212715
1870,5.07023171747822,5.04324925008721,7.67747677669949,2.40786696893148,5.0497061782991
1880,5.0543119322438,5.0261104862446,7.6874395036614,2.41442689334023,5.04557220387251
1890,5.03937481618154,5.00834414418281,7.69653647784001,2.42082727285743,5.04127067776545
1900,5.02512049943094,4.99012980693205,7.70470191585596,2.42708157353638,5.03675844893883
1910,5.01153729030947,4.97147641528966,7.71191207206344,2.43316019817087,5.03202149395836
1920,4.99876118796026,4.95238061423278,7.718247240259,2.43907318302622,5.02711555636956
1930,4.98690049082483,4.9326784264216,7.72353848542769,2.44481123211425,5.02198215869709
1940,4.97570610004992,4.91256323421649,7.72796023717681,2.4503550013704,5.01664614320341
1950,4.96521143705018,4.89204555185398,7.73136466040881,2.45572187690647,5.01108588155486
1960,4.95566407412491,4.87113221804263,7.73383431622886,2.46087689773239,5.0053768765322
1970,4.94689357832934,4.8496745842826,7.73535377910012,2.46583817664224,4.99944002958858
1980,4.93879813753773,4.8278305531441,7.73585788078749,2.47059320590404,4.99326994434334
1990,4.93145340993817,4.80562561428975,7.73547771238169,2.47512560263258,4.98692058481055
2000,4.92510998785262,4.78306780418759,7.7340161330276,2.47945536100444,4.98041232151806
2010,4.91943435126449,4.76004784049854,7.73166451663988,2.48354240971216,4.97367227952877
2020,4.91444772063915,4.73666927971696,7.72830860374154,2.48741341226492,4.96670975409064
2030,4.91033494875963,4.71297592626634,7.72399083390962,2.49105175287506,4.95958836545266
2040,4.90706653712223,4.68897703315155,7.71874900478945,2.49444530281832,4.95230946947039
2050,4.90445710365329,4.66459826140848,7.71247784160225,2.49761548383887,4.94478717262572
2060,4.90254305002628,4.63989867909024,7.70533630455932,2.50051746536483,4.93707387476017
2070,4.90161433308847,4.61493442801377,7.69716047995741,2.50318662885348,4.92922396747828
2080,4.901368689496,4.58971574995804,7.68809705508895,2.50560161162466,4.92119577654191
2090,4.90177981654764,4.56419794109731,7.67808706631552,2.50775551416764,4.91295508453203
2100,4.9029668203803,4.53840677216434,7.66713202445025,2.50967016607974,4.90454394576866
2110,4.90503756933717,4.51240426670743,7.65531882678733,2.51129642614236,4.89601427224357
2120,4.9077367588071,4.48620136528937,7.64250909962943,2.5126782905286,4.88728137856362
2130,4.91108837718839,4.45977698365244,7.62888097425285,2.51378927537444,4.87838390261703
2140,4.91531106916012,4.43313573999345,7.61430820428052,2.51462832334258,4.86934583419417
2150,4.9202496916771,4.40633881268285,7.59889028502526,2.51521575783175,4.86017363680424
2160,4.92579750911033,4.3793974926984,7.58262065137089,2.51550230632057,4.85082948987505
2170,4.93201056268426,4.35230779538865,7.56546477563456,2.51553647127747,4.84132990124624
2180,4.93911933212128,4.32506586556449,7.5475473125884,2.51528782143161,4.83175508292645
2190,4.94681188236834,4.29772526158711,7.52871183088089,2.51476148346677,4.82200261457578
2200,4.95510131815742,4.27029722531878,7.50914123727187,2.51397427665843,4.81212851435163
2210,4.96413748447299,4.24278807130291,7.48874834294721,2.51288190847782,4.80213895180023
2220,4.97389949634188,4.21519823517176,7.46758892076429,2.51153223207397,4.79205472108798
2230,4.98421706098088,4.1875670665684,7.44569990413066,2.50989259640254,4.78184415702062
2240,4.99511450843306,4.15990531819604,7.42302025493104,2.50797448925378,4.77150364270348
2250,5.00682517473487,4.1322227621445,7.39968184162918,2.50579066248231,4.76113011024772
2260,5.01910170003622,4.1045365077277,7.37557253578657,2.50330275340542,4.75062837423898
2270,5.03191174719266,4.07686553082844,7.35082031355557,2.50055705119495,4.7400386606929
2280,5.04534278943275,4.04921962838976,7.32538960826893,2.49751918579694,4.72936780297209
2290,5.05948762597305,4.02160826605749,7.29930076502404,2.49420693655751,4.71865089840302
2300,5.07412982291995,3.99406824955851,7.27262100699368,2.4906287107842,4.70786194756409
2310,5.08928355477435,3.96660097428277,7.24527541050488,2.48675279005455,4.69697818240414
2320,5.10511252936315,3.93921224686497,7.21739262283374,2.48262313304581,4.68608513302692
2330,5.12149947155048,3.91191092246888,7.18890083475987,2.47820432577449,4.67512888863843
2340,5.13835191611936,3.88474602189094,7.15988119800187,2.47352010179272,4.66412480945122
2350,5.15570395178117,3.85771396331284,7.1303371574772,2.46857453557333,4.65308240203614
2360,5.17373636833792,3.83081082846448,7.10026517253127,2.4633430246896,4.64203884850582
2370,5.19220234586009,3.80404444019203,7.06974721918509,2.45786655939987,4.63096514115927
2380,5.21110781288071,3.77746885244203,7.03870850770335,2.45210954356472,4.61984867914771
2390,5.23055551427755,3.75108715414074,7.0072643361723,2.44610102473339,4.60875200733099
2400,5.25053324910529,3.72488068342509,6.97537668187983,2.43984105178367,4.59765791654847
2410,5.27090826211059,3.69885581968161,6.94309136374518,2.43331234019575,4.58654194643328
2420,5.29169322475906,3.67306503344324,6.91043595589612,2.42655239014639,4.5754366510612
2430,5.31304569266026,3.64752834282648,6.87739613561083,2.41952647322323,4.5643741610802
2440,5.33479316961216,3.62220823066587,6.84404588922777,2.41226796819562,4.55332881442536
2450,5.35690498446886,3.59710925253871,6.81034476786958,2.4047735079049,4.54228312819551
2460,5.37943321093191,3.57227646626922,6.776365431234,2.39703301702474,4.53127703136497
2470,5.40244168762058,3.54775533332115,6.7421024717539,2.38908009713527,4.52034489745772
2480,5.42577581212991,3.52348642463644,6.70757952027212,2.380882110957,4.50943096699887
2490,5.44944055158368,3.49947214233609,6.67283297065722,2.3724754115014,4.4985552690196
2500,5.47353337735397,3.47574527580644,6.63785086328415,2.3638541277764,4.48774591105524
2510,5.49797790287638,3.4523832252053,6.60268997430359,2.35501493068248,4.47701650826694
2520,5.5227077597241,3.42930274992108,6.56733987114139,2.34598723337522,4.46633440354045
2530,5.54773628019017,3.40650383840213,6.53184019694567,2.33674185216173,4.45570554192493
2540,5.57316997087675,3.38400326918753,6.49620419767925,2.32731637352069,4.44517345281605
2550,5.59885128092816,3.3619146816129,6.46044659485602,2.31770362348403,4.43472904522028
2560,5.62477920250141,3.34013032830454,6.42459832628676,2.30790616889967,4.4243535064981
2570,5.65100224129055,3.31864760948627,6.38866180614141,2.29794907474706,4.41406518291632
2580,5.67750773435681,3.29746937497015,6.35267037587456,2.28780805617954,4.40386388534526
2590,5.70421570111357,3.27673389364228,6.31663475079794,2.27751983365547,4.39377604480231
2600,5.7311269295024,3.25632260041949,6.28057556080596,2.26707738398815,4.383775618679
2610,5.75830635742992,3.23622629317493,6.2445103333744,2.25648791323053,4.37388272430244
2620,5.78566390759642,3.21644637326382,6.20845713929689,2.2457718159205,4.36408480901941
2630,5.81317774865691,3.1971042119762,6.17242996546566,2.23491213426846,4.35440601509181
2640,5.84086072437339,3.17811192905847,6.13645337467938,2.22394133542537,4.34484184088415
2650,5.8687261301963,3.15944193390599,6.10053512507391,2.21285452674207,4.33538942897957
2660,5.89670288127072,3.14109349130588,6.06469793973452,2.20166192548114,4.32603905944806
2670,5.92478614581656,3.12316836407993,6.02895636488028,2.19037895723847,4.31682245800381
2680,5.95299207396707,3.10561232645612,5.99331975438362,2.17899872297971,4.30773071944663
2690,5.98128292634826,3.08837957070849,5.95782001533259,2.16754547975666,4.2987569980365
2700,6.00963215698491,3.07146724070553,5.92244933675198,2.15601867542108,4.28989185246587
2710,6.03803324894748,3.05495606521118,5.8872474620527,2.14442964616331,4.28116660559366
2720,6.0664811657713,3.0388263382133,5.85220856941951,2.13278995222892,4.27257650640826
2730,6.09493938819906,3.02301516081453,5.81735505457038,2.12110131728178,4.26410273021644
2740,6.12339943572477,3.00751766715573,5.78270651472132,2.10937986436718,4.25575087049225
2750,6.15184418685116,2.99239331094318,5.74825403625781,2.09763020948275,4.24753043588372
2760,6.18024577951119,2.97765592905689,5.71405167136375,2.08586271762578,4.2394540243894
2770,6.20859939769444,2.96322743459062,5.6800670477037,2.07408638253135,4.23149506563003
2780,6.23689312868462,2.94910115139013,5.64634735702282,2.0623096908027,4.22366283197507
2790,6.26507407796004,2.93531603737309,5.61288508115973,2.05054099240733,4.21595404722505
2800,6.29314698147462,2.92191701924673,5.57969167623707,2.03879070695309,4.20838659597788
2810,6.32110973681338,2.90881328019619,5.54680074072644,2.02706608522619,4.20094746074055
2820,6.34893121716174,2.89599660744068,5.51418131947037,2.0153749577458,4.19362102545465
2830,6.37654446496705,2.88348704412158,5.48190409555137,2.00373040212345,4.18641650169086
2840,6.40399490404359,2.87135712563301,5.44992221704336,1.99213363386509,4.17935197014626
2850,6.43126793916431,2.8595060637899,5.41827995287863,1.9806012458142,4.17241380041176
2860,6.4582806010916,2.84792443677228,5.38697771491557,1.96913534902956,4.16557952545225
2870,6.48503286150301,2.83661549642479,5.35600784436616,1.95774400659875,4.15885005222318
2880,6.51155816516327,2.82567537959679,5.32542452675407,1.94644255300438,4.15227515612963
2890,6.53783419331704,2.81499611458179,5.29517583290756,1.93522595590838,4.14580802417869
2900,6.5637010872856,2.80456742630552,5.26533406795391,1.92411702296878,4.13942990112845
2910,6.58928516326108,2.79438601350796,5.23585632737067,1.91311099731203,4.13315962536294
2920,6.61457171179209,2.78454454932442,5.20677243748065,1.90221743950266,4.12702653452496
2930,6.63947072291576,2.77495245527241,5.17809796211094,1.89145161948063,4.12099318994493
2940,6.66392501152583,2.76559263846984,5.14980039560221,1.88080334095472,4.11503034663815
2950,6.68803172908105,2.75646141296069,5.12195864053294,1.87030129616221,4.10918826968422
2960,6.7117683655821,2.7476318201706,5.09449939215142,1.85993260010955,4.10345804450342
2970,6.73494940385425,2.73904474840877,5.06749088328987,1.8497093223966,4.09779858948737
2980,6.75768374229637,2.73067324291773,5.04090201858357,1.83964454237868,4.09222588654408
2990,6.78000314812648,2.72251312226771,5.01474179344449,1.82972411345211,4.0867455443227
3000,6.80183618851678,2.71462069180306,4.98904566654949,1.81998189072744,4.08137110939919
3010,6.82301505550814,2.70696436733794,4.96375658034716,1.81039621197646,4.07603305379243
3020,6.84372931664545,2.69950919126039,4.93896905527641,1.80098230560975,4.070797467198
3030,6.86395831583468,2.6922507491213,4.9145999645467,1.79174930141864,4.06563958273033
3040,6.88352089447788,2.68523131997814,4.89070537917138,1.78268036789749,4.06053449038122
3050,6.90245127315857,2.67844349381792,4.86727139839105,1.77381341794678,4.05549489582858
3060,6.92085833764119,2.67184564450197,4.84428226150121,1.76511807330312,4.05052607923687
3070,6.93871164737939,2.66543332291071,4.82179551628804,1.75661292703544,4.0456383534034
3080,6.95569606145051,2.6592370512794,4.79973693651356,1.74830191109774,4.0407429900853
3090,6.9721055063706,2.65327119698602,4.77819131069305,1.74016682127554,4.0359337088313
3100,6.98792812895586,2.64748813091762,4.75709220066092,1.73224794566388,4.03118910154957
3110,7.00301472132728,2.64188347823639,4.73647209006367,1.72450723739537,4.02646938175568
3120,7.01727483599138,2.63647763621911,4.71633712843368,1.71696629242023,4.0217639732661
3130,7.03091483443468,2.63130556080471,4.69664544247314,1.70962321538089,4.01712226327336
3140,7.04390871378246,2.62631353950091,4.67747624623565,1.70246150558775,4.01254000127669
3150,7.05596459337097,2.62149727184434,4.65874008691379,1.69551620220441,4.00792953858338
3160,7.06727955877109,2.61686789973702,4.64050832094301,1.68874905006636,4.00335120737937
3170,7.0779269366065,2.61248109605175,4.62273478377559,1.68218189713654,3.99883117839259
3180,7.08781430190342,2.60827623656495,4.60542634965182,1.67580702958108,3.99433097942531
3190,7.09668738566294,2.60424897493678,4.58860949444197,1.66961049887407,3.98978908847894
3200,7.10486629267331,2.60040126355674,4.5722191625034,1.66362056676217,3.98527682137391
3210,7.11233166346925,2.59681089139381,4.55634838569066,1.65780055876923,3.98082287483074
3220,7.1188425498761,2.5934088226908,4.54090063998878,1.65217148595362,3.97633087462733
3230,7.12445596737825,2.59019042288483,4.52592990190674,1.64672047435377,3.9718241916309
3240,7.12934723008488,2.58715710332416,4.5114113080413,1.64143655923966,3.9673380501725
3250,7.13348746233761,2.58438397393591,4.49732681929507,1.63634033380052,3.96288464734228
3260,7.13647787141101,2.58181731273443,4.48372095142979,1.63139825901968,3.95835359864873
3270,7.13871445784225,2.57944477700287,4.47051848932884,1.62662923205386,3.95382673905695
3280,7.14020053776613,2.57726758097142,4.45779381766163,1.62201651511517,3.94931961287859
3290,7.14076747205577,2.57535432098738,4.44547498226864,1.61755191054327,3.94478717146376
3300,7.1403057939662,2.57367080911251,4.43358873498524,1.61324824715401,3.94020339630449
3310,7.13909463788154,2.57219484376608,4.42213000518953,1.60907644732658,3.93562398354093
3320,7.13711387739729,2.57092701485559,4.41105925817205,1.60505197608087,3.93103803162645
3330,7.13404047394904,2.56992838359073,4.40043437200347,1.60115602774655,3.92638981432245
3340,7.13010911938373,2.5691860323593,4.39017433283591,1.59738260800663,3.92171302314639
3350,7.1254241053147,2.5686663896208,4.38033390628543,1.59373741502592,3.91704045406171
3360,7.11990131409688,2.56836901159228,4.37086487451003,1.59019649713651,3.91233292433392
3370,7.11325975278108,2.56834580166641,4.36176966240749,1.58677079785876,3.90753650367844
3380,7.10587612998866,2.5686073564473,4.35305913542081,1.58344147463577,3.90274602412313
3390,7.09773945235988,2.56910716778297,4.34467817659296,1.58020380571352,3.89793215061233
3400,7.08861734560971,2.56984330049557,4.33669135864393,1.57705759495055,3.89305239992494
3410,7.07857218199118,2.57085655180197,4.329017260573,1.57398431316879,3.88810757688373
3420,7.06780356899175,2.57218325333825,4.32169171605559,1.57098947000333,3.88316700209723
3430,7.05629385597633,2.5737626211314,4.31468700516661,1.56805632623556,3.87819995212748
3440,7.04367415049554,2.57559076335509,4.30798663342458,1.56518031757608,3.87310796621282
3450,7.03033175211043,2.57769541975661,4.30161161790325,1.5623569879861,3.8679989444391
3460,7.01628716851416,2.5801402667644,4.29550579082916,1.55957317817287,3.86287660107015
3470,7.00140222102865,2.58284942807455,4.28971247822056,1.55682830448038,3.85769810795103
3480,6.98557924663089,2.5858166297467,4.28417577276561,1.55410979736835,3.85242036162789
3490,6.96909305653144,2.5890549462636,4.27890816403752,1.55141208888656,3.84711706392978
3500,6.95193551704494,2.59265579672888,4.27389721949944,1.54872832608419,3.84180421483936
3510,6.93384676959334,2.59652820422999,4.26911486235708,1.54605037191115,3.83638505202289
3520,6.91503230762884,2.60066317814464,4.26458521910908,1.54337120936421,3.83091297856169
3530,6.8955973601396,2.60506098139422,4.26025677433094,1.54068425425323,3.8253998425295
3540,6.87548986288068,2.60983133943131,4.25615313906306,1.5379818685443,3.81986405247984
3550,6.85448646150407,2.61487675330593,4.25223991956263,1.53525671888617,3.8142149633147
3560,6.8329098331599,2.62018334596195,4.24851307720418,1.53250511525662,3.80852784289566
3570,6.81075979025436,2.6257498992982,4.24496896402242,1.52971364073666,3.80279807357791
3580,6.78787865000778,2.63166739975733,4.24157632244237,1.526883100885,3.79700136827312
3590,6.76431946121787,2.63786527088826,4.23835495945533,1.52400294994312,3.79113566037614
3600,6.74024553269517,2.64431664365404,4.23526320209031,1.52106717480939,3.78522313831223
3610,6.7156537154531,2.6510174839591,4.23230887196992,1.51807523633497,3.77926382692927
3620,6.69030948794321,2.65803832015552,4.22947260249672,1.51500945827064,3.77320746721652
3630,6.66448367531335,2.66533484408861,4.22674205041591,1.51187721952644,3.76710944733608
3640,6.63820363239443,2.6728686893892,4.22411542082,1.50866511387518,3.7609632141197
3650,6.61139631479219,2.68063295807186,4.22156812119129,1.50536998902114,3.75474184576912
3660,6.58400983708948,2.68867721669513,4.21910449738182,1.50199305440773,3.74844615139354
3670,6.55623130376713,2.69698046133763,4.21670142490624,1.4985150370721,3.74210705677078
3680,6.52806415004253,2.70549553563971,4.21435422122855,1.49494834159049,3.73571556212532
3690,6.49937854721674,2.71421284632336,4.21205154962323,1.49127721188849,3.72923003876296
3700,6.47030050112052,2.72316192691865,4.20978096686168,1.48750249739139,3.72268647307306
3710,6.44090046559121,2.73233955681013,4.2075361017848,1.48362602823805,3.71610053810605
3720,6.41116450168358,2.74169375504933,4.20530365413122,1.47962921212801,3.70944778074804
3730,6.38099505968513,2.75121264561303,4.20307531332906,1.47552802480039,3.7027027608569
3740,6.35056699277802,2.76090821344957,4.2008414236154,1.47130512240006,3.69590543806076
3750,6.31988783374687,2.77078687300057,4.19859242719228,1.46696598226197,3.68905827905042
3760,6.28890631951643,2.78079700074892,4.19631844115281,1.46251224896752,3.68213350259642
3770,6.25766115997765,2.79092510895439,4.19401405727356,1.45792795203387,3.67513206955987
3780,6.22623034223446,2.80116969292624,4.19166325717973,1.45323117059525,3.66807361573392
3790,6.19462126925662,2.81153614525556,4.18926651651669,1.44840405833882,3.66095699734192
3800,6.16277934111599,2.82197946886881,4.18680829314805,1.44345675024474,3.6537559633444
3810,6.1308055113885,2.83248549347158,4.18428518339359,1.4383903094745,3.64649162443204
3820,6.09871773740129,2.8430447685449,4.18169012472745,1.43319286958197,3.6391613750639
3830,6.06651262559597,2.85364880774528,4.17900936728722,1.42788321114652,3.63176350294375
3840,6.03420368434074,2.86426638276709,4.17624836125963,1.42244438705055,3.6242907038545
3850,6.00184205873683,2.87488381168542,4.17338248796534,1.41689057111925,3.61674973237671
3860,5.96943720890794,2.8854895853109,4.17042276105548,1.41122232047126,3.60914296893639
3870,5.93699996459312,2.8960494999256,4.16735268648815,1.40543280108714,3.6014587380235
3880,5.90456438459941,2.90655130455656,4.16416913588003,1.39954022679255,3.59370626295714
3890,5.87214375725876,2.91698381225228,4.16087298460592,1.39353024323256,3.58588269933738
3900,5.83975109069334,2.92733468122864,4.1574431620439,1.38741977650765,3.57798717761838
3910,5.80743391798789,2.93754770968159,4.1538962386299,1.38120945466113,3.57002183024013
3920,5.77518680753275,2.94761977483884,4.15020557169453,1.37489778605673,3.56197748503071
3930,5.74301921205172,2.95754811629135,4.14638459665791,1.3685013386268,3.55386331590694
3940,5.71097415647093,2.9673206656246,4.14242222010374,1.36201029326051,3.54568183386494
3950,5.67907980070051,2.9768666633499,4.13831144988662,1.35544238960347,3.53742507588512
3960,5.64731487528986,2.98617850025442,4.13406411801181,1.34879940319276,3.52908922418721
3970,5.61568996330117,2.99526866220157,4.12965055863009,1.34208484425424,3.52067350709677
3980,5.58430480066954,3.00412670778493,4.12509761913384,1.33531278647185,3.51221047851504
3990,5.55310700844283,3.01267567867062,4.12038082203881,1.32848007524878,3.50366089610026
4000,5.52209359274974,3.02088906316748,4.11551108981045,1.32160272508028,3.49502411770199
4010,5.49130941787958,3.02880137759585,4.11048622666166,1.31468519978575,3.48632055548071
4020,5.46082879449914,3.03640525635883,4.10529336615123,1.3077350230812,3.4775656100226
4030,5.43057326172197,3.04362638241793,4.09995415992439,1.30076318434193,3.46872924710156
4040,5.40055187553746,3.05040492917411,4.09443606574775,1.29377542859184,3.45979207476279
4050,5.37087617477197,3.05680381174105,4.08876918879089,1.28678299639209,3.450808042924
4060,5.3415106971599,3.06282021457134,4.08293563314353,1.27979497601728,3.44176538022301
4070,5.31241293842509,3.06839130782424,4.0769410711596,1.27282130742744,3.43264165620909
4080,5.28360480785962,3.07341038444389,4.07079319281373,1.26586979178261,3.42341954422496
4090,5.25524546810242,3.07797433332343,4.06447335854288,1.25895668050129,3.4141624601175
4100,5.22718483730808,3.08208631214828,4.05800898526291,1.25208562641831,3.4048414402844
4110,5.19942954880744,3.08570334230823,4.0513740134572,1.24527238505003,3.39544482240573
4120,5.17207625705278,3.08865995184916,4.04459199962177,1.23852717349045,3.38596384550354
4130,5.14514891469393,3.09109143143161,4.03765521266346,1.23185559995582,3.3764377896862
4140,5.11855015103087,3.09300820461551,4.03056349022071,1.22528347275331,3.3668513296551
4150,5.09228774337083,3.09439455310333,4.02333313563982,1.2188061965714,3.35720540717135
4160,5.06654574839509,3.09501681532091,4.01594167835174,1.21244768760517,3.34748798241823
4170,5.04118131404501,3.09505165455725,4.0084195136497,1.20621584179345,3.33771708101135
4180,5.01616998189961,3.09451784393371,4.00074843751909,1.20011553548146,3.32788794970847
4190,4.99157428237136,3.09340697824909,3.99294441965095,1.19418033474811,3.31802650375488
4200,4.96750467555406,3.09148544957853,3.98500905573295,1.18839729425413,3.30809911877992
4210,4.94380195499305,3.08890478256008,3.97693762913565,1.1827998352173,3.29811105047652
4220,4.92047102852326,3.0857087403828,3.96875132227073,1.17739064154565,3.28808043318061
4230,4.89766357286314,3.08189431989058,3.96042918809734,1.1721756191137,3.27804067499119
4240,4.87531213176241,3.07725264202355,3.95199925887148,1.16719371557678,3.26793943705855
4250,4.85333941481411,3.07188494662039,3.94345193010158,1.1624239181958,3.25777505243297
4260,4.83176246668904,3.0658658702291,3.934796479792,1.15791029788834,3.24758377864962
4270,4.81079007711047,3.05919942029007,3.92604122747507,1.1536473217231,3.23741951164967
4280,4.79020174627789,3.05170843287265,3.91717960947081,1.14964385258329,3.22718341030116
4290,4.76999969326979,3.04343658634713,3.9082320869523,1.14594140991313,3.21690244412059
4300,4.75029064535201,3.03449017051152,3.89918742939935,1.14251155041396,3.20661994891921
4310,4.73109808824973,3.02488078871285,3.89006382495136,1.13940983831139,3.19636313505633
4320,4.71229105561,3.01446800784326,3.88086063590207,1.13661960356359,3.18605982572973
4330,4.69387243587932,3.00323435325297,3.87158281449654,1.13415460717723,3.17571105270151
4340,4.67603825313151,2.99131679255039,3.86224160297659,1.13205587117889,3.16541312995934
4350,4.65862437135135,2.97873475380627,3.8528322281113,1.13028846603398,3.15511995482573
4360,4.64159368954881,2.96538736238085,3.84337142109107,1.12891989492175,3.14481809198562
4370,4.62500286801954,2.95119632559119,3.83385656157591,1.12791972522228,3.13449387010223
4380,4.60896854107797,2.93632654890556,3.82429831096359,1.12730840849725,3.12422545236109
4390,4.59331077669938,2.9208051254981,3.81470141421158,1.12712333702448,3.11398516335839
4400,4.57803017422033,2.90457126781028,3.80506983002919,1.12732428570858,3.1037488894421
4410,4.56326914680309,2.88749017932346,3.79541325525289,1.12799065839439,3.09354080994345
4420,4.54896024562242,2.86975027240212,3.78573285953362,1.12907613909109,3.08337987916231
4430,4.53501800718184,2.85138574226685,3.7760386562267,1.13060935118571,3.07326293921528
4440,4.52144992950947,2.83237411507126,3.76633486186254,1.1326210693315,3.06319499394369
4450,4.50845792862871,2.81253225088968,3.75662790736558,1.13506713738687,3.05317130606771
4460,4.49582173862906,2.79206609743853,3.74692369084409,1.13803826894495,3.04321244896416
4470,4.48354032874338,2.77101598821498,3.73722899684131,1.14147084465634,3.033314039614
4480,4.47170308826191,2.74939017147145,3.72754795266016,1.14540267772087,3.0235109725286
4490,4.46033355379778,2.72697918863101,3.717890027987,1.14985528818599,3.01376451465044
4500,4.44930530004398,2.70398995960399,3.70825763790969,1.15478204722631,3.00408373619599
4510,4.43861754654317,2.68046964659922,3.69865905169834,1.16028378904128,2.9945075084705
4520,4.4284341431522,2.65642916288091,3.6891002618333,1.16627904061224,2.98506065211966
4530,4.41861496383452,2.631711965122,3.67958390705187,1.17281522846885,2.97568151611931
4540,4.40912130779191,2.60645987635561,3.67012348768307,1.17990252414496,2.96640179899389
4550,4.39999432891928,2.58073771628896,3.6607152329067,1.18749543419991,2.95723567807871
4560,4.39133637488712,2.55456217693986,3.65137453571955,1.1956968351455,2.94824248067301
4570,4.38298901718737,2.52782553297782,3.64210017193551,1.20441383577168,2.9393321394681
4580,4.37495047327847,2.50061480665677,3.63290004311019,1.21370149500662,2.93054170451301
4590,4.3673313574394,2.47300604285985,3.62378357745369,1.22355710707246,2.92191952120635
4600,4.36008045003391,2.44502041836944,3.61474593051393,1.23394122500813,2.91344700598135
4610,4.35312271384604,2.41659295969789,3.60581093481879,1.244946080805,2.90511817229193
4620,4.34645816039627,2.38776908001484,3.59696496461571,1.25647865832011,2.89691771583673
4630,4.34025285264631,2.35862879611451,3.58822681852453,1.26859787715648,2.88892658611046
4640,4.33432558532254,2.32919619162583,3.57959565810088,1.28128734731847,2.88110119559193
4650,4.32867413725847,2.29944134434915,3.57107477354624,1.29451486477741,2.87342627998282
4660,4.32336320826757,2.26938352627539,3.56268064483849,1.30835925664504,2.86594665900662
4670,4.31841578888083,2.23909895236037,3.5543999204695,1.32272974933958,2.85866110276257
4680,4.31372914308375,2.2086128079789,3.54626167062708,1.33768746091847,2.85157277065205
4690,4.30930104047784,2.17792126079161,3.53824908586271,1.35320265319269,2.84466851008121
4700,4.30525250670794,2.14703452036514,3.53037917019986,1.3692509026958,2.83797927499218
4710,4.30148148646641,2.11601700702571,3.5226552307267,1.38589571683113,2.83151236026249
4720,4.29795461898258,2.08489303875374,3.51507216347968,1.40305073326953,2.82524263862138
4730,4.29469858631239,2.05367504097602,3.50765657921254,1.42077721566146,2.81920185554061
4740,4.29179539102711,2.02238217739835,3.5003855601882,1.43903338564229,2.81339912856399
4750,4.28912252252157,1.9910591484298,3.49328978617474,1.45780243272737,2.80781847246337
4760,4.28667776246541,1.95972733725092,3.48635423376041,1.47713157659984,2.80247272751914
4770,4.28453970067067,1.92840510964734,3.47958984062426,1.49694074851764,2.79736884986498
4780,4.28267546345163,1.8971388928131,3.4730072819965,1.51728897955372,2.79252765445374
4790,4.28102645022741,1.86594606722408,3.46658997133878,1.53812470321777,2.78792179800201
4800,4.27959051695445,1.83484298023056,3.46037695675652,1.55943784903048,2.783562075743
4810,4.27849037493685,1.80384668252695,3.45433490513236,1.58125937263397,2.77948283380753
4820,4.27759482664738,1.77303984598323,3.44849360721502,1.60351702579652,2.77566132641054
4830,4.27690023312691,1.74241346190013,3.44284330182764,1.6262649932434,2.77210549752452
4840,4.27645092613408,1.71197515184201,3.43738558973513,1.64944502959304,2.76881417432606
4850,4.2762685825556,1.681741179164,3.43214096837674,1.6730522725821,2.76580075066961
4860,4.2762762112922,1.65181568801216,3.42708259844361,1.69710241511998,2.76306922821699
4870,4.27647169244593,1.62218513560293,3.42225303292238,1.72153215352739,2.76061050362466
4880,4.27694023630848,1.59284081603253,3.4176185430628,1.74638808720576,2.75844692065239
4890,4.27761324285033,1.56379608512283,3.41320240682427,1.7716091163381,2.75655521278388
4900,4.27846382680836,1.53516559127278,3.40900283109074,1.79719348714051,2.7549564340781
4910,4.27950902087836,1.50694937280126,3.40500969869356,1.82314353686529,2.75365290730962
4920,4.28081276971037,1.4791160079145,3.40125480867569,1.84940560333261,2.75264729740829
4930,4.282284941064,1.45167408246075,3.3977022854331,1.8760159623828,2.75191931783516
4940,4.28392336754387,1.42473814257729,3.39439138839117,1.90291500959683,2.75149197702729
4950,4.28578315285828,1.39833904788405,3.39129540190214,1.93010156175241,2.75137979109922
4960,4.28784530871841,1.37241693251647,3.38842696624011,1.9575672882888,2.75156412394095
4970,4.29006529869252,1.34697383413056,3.38579399056831,1.98526843763163,2.75202539025576
4980,4.29244136483775,1.32211417378644,3.38337334008012,2.01322835973196,2.75278930960907
4990,4.29506143626906,1.29791566478836,3.38120843100535,2.04139359332466,2.75389478134686
5000,4.29783467746657,1.27428500440353,3.37925480477131,2.06976071038145,2.75528379925572
5010,4.30075601145064,1.25121601698367,3.37754638188522,2.0983140108558,2.75695810529383
5020,4.30385634597149,1.2287937198752,3.37606554570661,2.12701976225293,2.75893384345155
5030,4.30715601703877,1.20715727150034,3.37481270441742,2.15588534516257,2.76125283452977
5040,4.31059708022641,1.18617570810285,3.37380604790183,2.18486880346791,2.76386190992475
5050,4.31417771806607,1.16583310728287,3.37301219218008,2.21396137592066,2.76674609836242
5060,4.31795969693606,1.14618665152801,3.37247674082634,2.2431436739626,2.76994169081325
5070,4.32189664929101,1.12744994997245,3.3721562895002,2.27239154703139,2.77347360894876
5080,4.32596681978103,1.10945092127706,3.37207507518094,2.30169429431604,2.77729677763877
5090,4.33018136627296,1.09216250378138,3.37222551634088,2.33102611318128,2.78139887489412
5100,4.334592083843,1.0756065165749,3.37259545884879,2.36037005138269,2.78579102766234
5110,4.33913072338839,1.06008236426021,3.37321263405443,2.38970690619694,2.79053315697499
5120,4.34379535302697,1.04537413344835,3.37403742881122,2.41901946436949,2.79555659491401
5130,4.34862644754942,1.03144237359855,3.37510727270359,2.44828286850156,2.80086474058828
5140,4.35361375944985,1.01829794618212,3.37638975722076,2.47748650146476,2.80644699107937
5150,4.35872227553418,1.00624835952679,3.377895882235,2.50660398725545,2.81236762613786
5160,4.36395061772628,0.995107824515467,3.37962773275485,2.53562031236322,2.81857662183996
5170,4.36936531420221,0.984809449569991,3.38156169144369,2.56452240526205,2.82506471511948
5180,4.37490080363517,0.97535736748674,3.38373285323072,2.59327553012828,2.83181663862023
5190,4.3805515113856,0.967031379806951,3.3860973717684,2.6218828551478,2.83889077952719
5200,4.38634034245206,0.959712148874199,3.38868335014046,2.65030769872727,2.8462608850485
5210,4.39228699579324,0.953297903379846,3.39146944774895,2.67854295969907,2.85389932665528
5220,4.39834558806947,0.947782990500554,3.39445417327083,2.70657695003962,2.86178992547012
5230,4.40451462190827,0.943412582815795,3.39764749780483,2.73436943568648,2.86998603455385
5240,4.41084220687301,0.940144009546244,3.40101842812817,2.76193563135213,2.87848506897489
5250,4.41729563184754,0.937838372746161,3.40460143991672,2.78922809317883,2.88724088442231
5260,4.423856437551,0.936479094656499,3.40835562532385,2.81625085281842,2.89623550258744
5270,4.4305325067328,0.936270683139975,3.41229793127201,2.8429910629504,2.9055230460238
5280,4.43736934703605,0.93725560624298,3.41641675027557,2.8694072278891,2.91511223286092
5290,4.4443115937512,0.939256236322478,3.42070040420938,2.89552463382785,2.92494821702773
5300,4.45135758978377,0.942244053402416,3.42516353709445,2.92128509528538,2.9350125688915
5310,4.45854002603396,0.946377747282757,3.42977410147781,2.94670630422483,2.94534954475484
5320,4.46585443043807,0.951791602468122,3.43455458676771,2.97177208357163,2.95599317581138
5330,4.47327108024691,0.958268306696157,3.43947698290498,2.99644354340416,2.96686497831305
5340,4.48078895685143,0.965766511663646,3.44454545226463,3.02075393526928,2.97796371401225
5350,4.48846410865489,0.974394840630588,3.44975537142118,3.0446348563033,2.98931229425249
5360,4.49624493010688,0.984384177112529,3.45508874555291,3.06811934639623,3.00095929979214
5370,4.50412548831796,0.995477246608469,3.46056036366353,3.09118622708512,3.01283733141877
5380,4.51212489780612,1.00761913628732,3.46614057071497,3.11380251929935,3.02492178102694
5390,4.52026417971857,1.02086511874966,3.47184032765356,3.13600730507439,3.03724423279904
5400,4.52850303239877,1.0355453999356,3.47764216850743,3.15772299023037,3.04985339776804
5410,4.53684020627509,1.05136319994851,3.48354107222371,3.17899871543254,3.06268579846996
5420,4.54531822351459,1.06824948575066,3.48953537738805,3.19980721704369,3.07572757592425
5430,4.55391177261387,1.0862069076225,3.49560627883741,3.22012401943954,3.08896224462833
5440,4.56260339431378,1.10565718087332,3.50176247460854,3.2399919658987,3.10250375392359
5450,4.57139935021777,1.12627235806773,3.50798140087536,3.25932576862944,3.11624471944757
5460,4.58034484672504,1.14796778361192,3.51426373150271,3.2781904494021,3.13019170281044
5470,4.58938901004929,1.17074392478138,3.52059888719103,3.29655221073202,3.14432100818843
5480,4.59853021017778,1.194966337326,3.52697768030857,3.31439686050827,3.15871777208016
5490,4.60779833518312,1.22040244202991,3.53339646162273,3.33176908163611,3.17334158011797
5500,4.61719269835907,1.24693164617537,3.53984198178677,3.34857780500721,3.1881360328321
5510,4.62668459692053,1.27454144915309,3.54631057759902,3.3649027620202,3.20310984642321
5520,4.63627305544065,1.30353807864873,3.55279125883141,3.3807038119549,3.21832655121892
5530,4.64601069861414,1.33378535916489,3.5592767569152,3.39597796765274,3.23376269558675
5540,4.65585154504552,1.36512809484173,3.56575877947195,3.41076533807491,3.24937593935853
5550,4.66578854713153,1.39754045586588,3.57222995557673,3.42498485852842,3.26513595427564
5560,4.67583889594918,1.43126742825109,3.57867935823463,3.43871654058114,3.28112555575401
5570,4.68602529963371,1.46626757302071,3.58510303960218,3.45191766387652,3.29732839403328
5580,4.69630810633035,1.50235346266808,3.59148786068651,3.46459709524517,3.31368663123253
5590,4.70668571615846,1.53948591165328,3.597829781699,3.47678888858595,3.33019757452417
5600,4.71719736399745,1.57784823169304,3.60411963228988,3.48842453987868,3.34689744196476
5610,4.72782092656964,1.61748899410436,3.61034646865992,3.49958153524642,3.36380948114508
5620,4.73853816260498,1.6581920672907,3.61651094814885,3.51021583327751,3.38086425283051
5630,4.7493533809571,1.6999052946163,3.62259006534919,3.52034746572146,3.39804905166101
5640,4.76031016961439,1.74275160513276,3.62859243678849,3.53000380210585,3.41541450341037
5650,4.77135921953325,1.78686143925155,3.63449919695946,3.53912997110537,3.43296245671241
5660,4.78249808025737,1.83199475326895,3.640308200811,3.54779900915807,3.45065001087385
5670,4.79375192227665,1.87808729532504,3.64601463854185,3.55596689102039,3.46845518679098
5680,4.80512039700523,1.92520486826062,3.65160046877111,3.56366336221491,3.48639727406297
5690,4.81657556248073,1.9735479053615,3.65707689217171,3.57090909858982,3.50452736465094
5700,4.82811556967528,2.02285859167644,3.66241428770514,3.5776630356705,3.52276287118184
5710,4.83978228106125,2.07306202565712,3.66762719492999,3.5839922584213,3.54111594001742
5720,4.85153631602526,2.12417232035301,3.672698131432,3.58985421488525,3.55956524567388
5730,4.86336934091321,2.17644404529089,3.6776222023944,3.59528631242697,3.57818047525637
5740,4.87529258274867,2.22960915059994,3.68240440092456,3.60030306475319,3.59690229975659
5750,4.88732192297969,2.28358417074125,3.68701661229707,3.60487658811417,3.61569982353304
5760,4.89942347527404,2.33835318110133,3.69148205007766,3.60906694376464,3.63458141255442
5770,4.91159437817084,2.39416637637144,3.69576980494037,3.61283454738324,3.65359127671648
5780,4.9238582614115,2.45078680662441,3.69989456847675,3.61622198029477,3.67269040420186
5790,4.93619687528106,2.50812055667457,3.70384631061542,3.6192385626158,3.69185057629671
5800,4.94859488433753,2.56614564392715,3.70761412132805,3.62186829730157,3.71105573672358
5810,4.96105220965516,2.62503717988374,3.71121625373489,3.62416356503828,3.73036730207802
5820,4.973589593615,2.68463854686906,3.7146139896783,3.62608919809891,3.74973283206532
5830,4.98617437042289,2.74484356565641,3.71784227069676,3.62769020609758,3.76913760321841
5840,4.99880279783503,2.80562039403354,3.72087367514679,3.62897200153092,3.78856721713657
5850,5.011481838675,2.8670762808077,3.72371888858672,3.62992866755482,3.80805141890606
5860,5.02420468210946,2.92911660970677,3.72637925638625,3.63060463058638,3.82757629469721
5870,5.03695586735485,2.99163170782603,3.72883689301559,3.63097046524735,3.84709873336096
5880,5.049732070861,3.05458269745904,3.73112015736984,3.63107078521668,3.86662642772664
5890,5.06253571212498,3.11801878558624,3.73319303564397,3.63090857236953,3.88616402643118
5900,5.07535072273714,3.18188512993045,3.73508895854114,3.63048583738674,3.90570266214887
5910,5.08817178127587,3.24607845646655,3.73679133455068,3.62983911558561,3.92522017196968
5920,5.10099442526734,3.31055638045155,3.73830491188438,3.62894585735734,3.94470039374015
5930,5.11380617055283,3.37532240552839,3.73964324364745,3.62784754696652,3.9641548416738
5940,5.12660226509722,3.44033569504785,3.74078348229245,3.62654627877686,3.98356693030359
5950,5.13937898966826,3.50551017567773,3.74176022100327,3.62504965796555,4.0029247610787
5960,5.15211796665243,3.57080415810589,3.7425477025239,3.62338667278895,4.02221412501779
5970,5.16481137895205,3.63619008764102,3.74317140437429,3.62154253278771,4.04142885093877
5980,5.17746043549775,3.70161239213039,3.74362816757351,3.61955310053713,4.0605635239347
5990,5.19005939514756,3.76701362676612,3.74391773015096,3.61742107563765,4.07960295692557
6000,5.20256517798401,3.83235760646407,3.74406295372055,3.61515729994042,4.09853575952726
6010,5.21499840509699,3.89760232570801,3.74404120121943,3.61278306486466,4.11735624922227
6020,5.22735598699781,3.96264654191273,3.74388827082119,3.61029395960197,4.13604618983342
6030,5.23960782992415,4.02747314516736,3.74359102028267,3.60771628368879,4.15459706976574
6040,5.25173159350188,4.09205676292148,3.74316670201892,3.60505507054411,4.1730025322466
6050,5.2637487135684,4.15635903534274,3.74262330451737,3.60232226204131,4.19126332886745
6060,5.27565585168241,4.22020089509041,3.74195945834131,3.59953284433649,4.20933726236265
6070,5.28738059856291,4.28361715102957,3.74119936097784,3.59669113484779,4.22722206135453
6080,5.29895503364548,4.34659890538026,3.74033251062107,3.59381392293888,4.24492509314642
6090,5.31038740465064,4.40911265070923,3.73938501245841,3.59090930378937,4.26244859290191
6100,5.32165004527625,4.47091831595348,3.73835764706326,3.58798820345546,4.27972855293711
6110,5.33267704578741,4.5320732138615,3.73726221778176,3.5850610399552,4.29676837934647
6120,5.34352617579686,4.59259561769756,3.73611190016731,3.58213816158607,4.31359296381195
6130,5.35419604550349,4.6524563292815,3.73491054335029,3.57922804152995,4.33019773991631
6140,5.36460463586731,4.71138940938644,3.7336759376486,3.57634214719306,4.34650303252385
6150,5.37476189759626,4.76943045703558,3.73241376407446,3.57348854614015,4.36252366621161
6160,5.38470423886441,4.82663682006766,3.73113799380355,3.57067468607515,4.37828843470269
6170,5.39442414267628,4.88299032665222,3.7298591039713,3.56791441895204,4.39379699806296
6180,5.40378030578007,4.93821974317253,3.7285886766561,3.56520918610655,4.40894947792881
6190,5.4128832601932,4.99230768437713,3.72733641333224,3.56257390432301,4.4237753155564
6200,5.42173538947298,5.04536005099977,3.72611887493808,3.56001234490895,4.43830666507995
6210,5.43026241835703,5.0973751106987,3.72494079896342,3.55753036158302,4.45252717240054
6220,5.43842111431128,5.148096858232,3.72382072099305,3.55514305085325,4.4663704360974
6230,5.44629136086231,5.19742526102782,3.72276544329548,3.55284613379614,4.47983204974544
6240,5.45387364181403,5.24552295463176,3.72178663880969,3.55065780196346,4.49296025930474
6250,5.46101161365182,5.29240985772377,3.72090206743511,3.54857654818739,4.50572502174952
6260,5.4677966566222,5.33786485198742,3.72010943959369,3.5466077248627,4.5180946682665
6270,5.47426154842483,5.38167850488643,3.7194416069923,3.54476575582477,4.53003685403208
6280,5.48035990194384,5.42407667321449,3.71888774159047,3.54304192769844,4.54159156111181
6290,5.48596644064635,5.46510570100764,3.71847273083885,3.54145727180681,4.55275053607491
6300,5.49121723130879,5.50459733907691,3.71820257812947,3.54000450484134,4.56350541333913
6310,5.4961179174279,5.54221016072303,3.7180808131011,3.53868924439034,4.57377453391059
6320,5.50053119673077,5.5782376862282,3.71813714720288,3.5375237179892,4.58360743703776
6330,5.50448552072802,5.61275678673257,3.71835320234087,3.53649599544366,4.59302287631128
6340,5.50806027622973,5.6456676175382,3.71876977422168,3.53562925371084,4.60203173042511
6350,5.51125427533817,5.67647944974675,3.7193694546002,3.53491043036624,4.61050340251284
6360,5.51383945926785,5.70555558668549,3.7201729190308,3.53434582496114,4.61847844748632
6370,5.51601528914092,5.73300663245135,3.72119132357966,3.53394437117617,4.62603940408702
6380,5.5177941144655,5.75881354627685,3.7224122184978,3.53369203946021,4.63317797967509
6390,5.51907574030314,5.78232522091439,3.72388042938943,3.53361321064581,4.63972365031319
6400,5.51980287978401,5.80397434818074,3.72555944958089,3.53368952840609,4.64575655148793
6410,5.52010850488509,5.8239073758037,3.72749018755753,3.53392803565695,4.65135852597582
6420,5.5200005258149,5.84211117897362,3.72965604020914,3.53433371654818,4.65652536538646
6430,5.51927960689599,5.85799881122759,3.73206499886947,3.53489143705666,4.66105871351243
6440,5.51807620690799,5.87188481353192,3.73473696541847,3.53562561511996,4.66508090024458
6450,5.51644728263484,5.88396970709671,3.7376408428834,3.53651355194269,4.66864284613941
6460,5.51434559269046,5.89426757848524,3.74083140992725,3.53756275154538,4.67175183316208
6470,5.51161873957753,5.90227301174045,3.74425957861713,3.53877403567665,4.67423134140294
6480,5.50845244618323,5.90816642148835,3.74795786171247,3.54013275876993,4.67617737203849
6490,5.50486144028944,5.91220159110394,3.75191562096547,3.54165994866623,4.67765965025627
6500,5.50069944985846,5.91442191346299,3.75612362959567,3.54333174737,4.67864418507178
6510,5.49600560630415,5.91441365268838,3.76061016136958,3.54515518882027,4.6790461522956
6520,5.49088401318958,5.91221656988145,3.76533202510181,3.54712701547503,4.67888990591197
6530,5.48534337277363,5.90813428743048,3.77033269311888,3.54923421140954,4.67826114118313
6540,5.47914925264589,5.90224004904568,3.77557092475203,3.55149172052236,4.67711298674149
6550,5.47252541393993,5.89421753576492,3.78106083431802,3.55387730742613,4.67542027286225
6560,5.46549448195671,5.88396647415416,3.78679908744085,3.55639649445315,4.67316413450122
6570,5.45796996190634,5.87183465612636,3.79276028067235,3.55904247923948,4.67040184448613
6580,5.44990334926532,5.85792440328877,3.79897588093542,3.56180398413195,4.66715190440536
6590,5.44143703933476,5.84201803193582,3.80539658176962,3.56468959750263,4.66338531263571
6600,5.43258580599413,5.82388289720077,3.81204894339532,3.56767961388924,4.65904931511987
6610,5.42318766468534,5.80390326269503,3.81890296796567,3.57077719455696,4.65419277247575
6620,5.41336504742869,5.78220843034702,3.82595448224059,3.57397304753979,4.64887525188902
6630,5.40317992688269,5.75867613964151,3.83320421392838,3.57725742877525,4.64307942730696
6640,5.39260530411244,5.73295567432953,3.8406178243959,3.58063277794764,4.63670289519638
6650,5.38152788833779,5.70545834806268,3.84821989870711,3.58408262850948,4.62982219090426
6660,5.37011045158287,5.67633707111825,3.85596459927803,3.58760686236105,4.62250474608505
6670,5.35837246342134,5.64555763791421,3.86385954144125,3.59119508724094,4.61474618250444
6680,5.34622257405353,5.61267150854214,3.87188455158807,3.59483862674683,4.60640431523264
6690,5.33369985959651,5.578106276852,3.88002336921573,3.59853442068253,4.59759098158669
6700,5.32088972504071,5.54203392100389,3.8882733096757,3.6022697507179,4.58836667660955
6710,5.30780518453304,5.50447691561524,3.89660506659562,3.60604029954432,4.57873186657206
6720,5.2943208575106,5.46496927890478,3.90501863142966,3.60983621201613,4.56853624496529
6730,5.28058311357854,5.42389959407181,3.91348774018405,3.61364921852018,4.55790491658864
6740,5.26661650649456,5.38145636913337,3.92200146130018,3.61747179339302,4.54688653258028
6750,5.25238783951821,5.33767147286433,3.93054363065768,3.6212952788088,4.53547455546226
6760,5.23788896613027,5.29219589649807,3.93909708218037,3.62511031304298,4.52357306446292
6770,5.22320537704694,5.24528428057377,3.94764550716782,3.62890935660426,4.51126113034819
6780,5.20835231951482,5.19714040547506,3.95617440721621,3.63268376961492,4.49858772545525
6790,5.19328294912904,5.14781609260549,3.96466241827829,3.63642290356583,4.48554609089466
6800,5.17806301130891,5.09706749898446,3.97309746085902,3.64012228331011,4.47208756361562
6810,5.16272725235533,5.04503817917946,3.98146102791269,3.64376681352475,4.45824831824306
6820,5.14727940753318,4.9919371506344,3.98973230168853,3.64735306435618,4.44407548105308
6830,5.13171444150437,4.93783116092303,3.99790699694191,3.65087122057734,4.42958095498666
6840,5.11608964803357,4.88256679368681,4.00594464263416,3.65430906381848,4.41472753704325
6850,5.10041903077098,4.82620284870634,4.01385473546639,3.65766624512021,4.39953571501598
6860,5.08471185751436,4.76894342164064,4.02160138374906,3.66092148395615,4.38404453671505
6870,5.06900084497806,4.7108645308953,4.02917802631251,3.66407713011951,4.36828013307634
6880,5.05330474135803,4.65188629359875,4.03657203605295,3.66712145295072,4.35222113099011
6890,5.03763402175009,4.59201128025864,4.04374881117497,3.67004231217168,4.33585910633884
6900,5.02204101172758,4.53142879523404,4.05072527921648,3.67284326606944,4.31925958806188
6910,5.00652876618476,4.47021808027407,4.05744334850198,3.6754967104068,4.3024217263419
6920,4.99110484450024,4.40835454871697,4.06392849474854,3.67801217529344,4.2853500158148
6930,4.97580513745633,4.34581397329312,4.07014403113232,3.68037543153197,4.26803464335343
6940,4.96068517285151,4.28276166391055,4.0760794509174,3.6825760323877,4.25052558001679
6950,4.94572011111036,4.21927389037543,4.0817406829175,3.68462060252719,4.23283882173262
6960,4.93091615637815,4.15536258297218,4.08707244096973,3.68647678979807,4.21495699252953
6970,4.91637215899221,4.09100581864383,4.09211707383818,3.68816116153885,4.19691405325327
6980,4.902074101133,4.026336701396,4.09681104378893,3.68965682030044,4.17871966665459
6990,4.88800171959185,3.96142242606531,4.10118290584911,3.69095656687957,4.16039090459646
7000,4.87418285575353,3.89629287668531,4.1052092014908,3.69206822689076,4.1419382902051
7010,4.86075226559709,3.83095607851669,4.10886791288998,3.69295921697024,4.1233838684935
7020,4.84761620541176,3.76550597141969,4.1121921861832,3.6936503453277,4.10474117708559
7030,4.83477248246316,3.69999488910008,4.11510376507996,3.69412248718889,4.08599840595802
7040,4.82233194898351,3.63445393999398,4.11767078540138,3.69437315718618,4.06720745789127
7050,4.81032089005676,3.56894378880911,4.11983470946055,3.69441045186711,4.04837746004838
7060,4.79866695988721,3.5035156400464,4.12161746702695,3.69420364967815,4.02950092915968
7070,4.78737056618223,3.43820162282485,4.12301819996363,3.69377680860736,4.01059179939452
7080,4.77665210059582,3.37303061678065,4.12399999065525,3.69310898164879,3.99169792242012
7090,4.76636896804804,3.30810289678902,NA,3.69220325352815,3.92222503945507
7100,4.75649663317242,3.24344990512414,NA,3.69106725360248,3.89700459729968
7110,4.74712331884294,3.17907808398668,NA,3.6896739397215,3.87195844751704
7120,4.73836584763325,3.11500960535846,NA,3.68804953401878,3.84714166233683
7130,4.7300812441164,3.05136552114569,NA,3.68617194863516,3.82253957129909
7140,4.72225965747193,2.98818335744176,NA,3.68405016233627,3.79816439241665
7150,4.7151102172953,2.92543948860902,NA,3.68169085226638,3.7740801860569
7160,4.70855200130993,2.86314464346821,NA,3.67907206863392,3.75025623780402
7170,4.70250467970093,2.80142360501143,NA,3.67622107215476,3.72671645228904
7180,4.69700151222228,2.7403425595854,NA,3.67311557474578,3.70348654885115
7190,4.69228561820297,2.67984480636249,NA,3.6697701859735,3.68063353684632
7200,4.68813344154666,2.61992556549293,NA,3.6661904354619,3.6580831475005
7210,4.68452221021021,2.56069845689157,NA,3.66236037562849,3.63586034757676
7220,4.68161899584109,2.50227719328654,NA,3.65830719569805,3.6140677949419
7230,4.67944470398693,2.44457034460167,NA,3.65400956391701,3.5926748708352
7240,4.67785268759294,2.38755431358768,NA,3.64948686390627,3.5716312883623
7250,4.67682982682372,2.33131904910748,NA,3.64474357991089,3.55096415194737
7260,4.67667791549506,2.27604070644829,NA,3.63977011522107,3.53082957905481
7270,4.67717013441363,2.22159275098261,NA,3.63459254594765,3.51111847711463
7280,4.67825038231802,2.16793026408132,NA,3.62919180056562,3.49179081565499
7290,4.68001922744623,2.11510951330243,NA,3.62359063289144,3.47290645788003
7300,4.68261955720694,2.06338000716657,NA,3.61779285851924,3.45459747429758
7310,4.68583811370119,2.01258089178119,NA,3.61179500778927,3.43673800442388
7320,4.68964945702989,1.96264423946882,NA,3.60562111784718,3.4193049381153
7330,4.69428712228691,1.91358512584278,NA,3.59925573843887,3.40237599552285
7340,4.69964174857498,1.86573342105582,NA,3.59272314102526,3.38603277021869
7350,4.70559808975215,1.81889574791821,NA,3.5860270716868,3.37017363645238
7360,4.71217614423249,1.77298027783947,NA,3.57916942921991,3.35477528376396
7370,4.71963745797671,1.72799573188667,NA,3.57217144062239,3.33993487682859
7380,4.72771286957318,1.68424909421468,NA,3.56502258942218,3.32566151773668
7390,4.73636512564992,1.64159722457132,NA,3.55774650802705,3.31190295274943
7400,4.74574718516056,1.59992400459361,NA,3.55034761744252,3.29867293573223
7410,4.75586991783492,1.55922210147666,NA,3.54283197587239,3.28597466506132
7420,4.76656763785233,1.51975882276614,NA,3.53521733221634,3.27384793094494
7430,4.77781722490879,1.48145660109519,NA,3.52749947455539,3.26225776685312
7440,4.78987639942965,1.44417630261346,NA,3.51969893501173,3.25125054568495
7450,4.80252824597348,1.40789236321661,NA,3.51182162506011,3.24074741141673
7460,4.81570512545711,1.37282702513506,NA,3.50387624641658,3.23080279900292
7470,4.82947680144217,1.33897325926134,NA,3.49587641649669,3.22144215906673
7480,4.8439529337867,1.30617090899982,NA,3.48782583479228,3.21264989252627
7490,4.85893625633626,1.2743757767085,NA,3.47973913450158,3.20435038918211
7500,4.87439508789917,1.24376182877575,NA,3.47162452364744,3.19659381344079
7510,4.89048930936381,1.21439431864116,NA,3.46349170463606,3.18945844421368
7520,4.9071240256692,1.18609457703837,NA,3.45535080316641,3.18285646862466
7530,4.9241967390624,1.15879997264,NA,3.44721167500657,3.17673612890299
7540,4.94170654640998,1.13263492455574,NA,3.43908297842294,3.17114148312955
7550,4.95981822747439,1.10773587324205,NA,3.43097560479561,3.16617656850402
7560,4.97833031290913,1.08390852518121,NA,3.42289833247671,3.16171239018901
7570,4.99720667415994,1.06107254701089,NA,3.41485856946219,3.15771259687767
7580,5.01652233383856,1.03930323218176,NA,3.40687031066356,3.15423195889463
7590,5.03626614247209,1.01880465458568,NA,3.39893646042198,3.15133575249325
7600,5.05632546618518,0.999370040994121,NA,3.39107078177287,3.14892209631739
7610,5.07667721835469,0.98090255054829,NA,3.38327936877356,3.14695304589218
7620,5.09742523841349,0.963430228655328,NA,3.37556771848266,3.14547439518383
7630,5.11844688689923,0.947219131590833,NA,3.36795187349482,3.14453929732829
7640,5.13969568698281,0.932053304869954,NA,3.36042946899998,3.14405948695092
7650,5.16118417632394,0.917820994737346,NA,3.353017081461,3.14400741750743
7660,5.18292900132469,0.904515553152359,NA,3.34571669542709,3.14438708330138
7670,5.20483763137361,0.892432616723934,NA,3.33853264168542,3.14526762992765
7680,5.22688732758892,0.881368731395367,NA,3.33148102875571,3.14657902924667
7690,5.24909672081396,0.87119973583313,NA,3.32455492450086,3.14828379371598
7700,5.27141386192575,0.861914265102583,NA,3.31777338968039,3.15036717223624
7710,5.29379934779561,NA,NA,3.31113334546688,4.30246634663124
7720,5.3162387636434,NA,NA,3.30463856057601,4.31043866210971
7730,5.33870980000636,NA,NA,3.29830350103217,4.31850665051926
7740,5.3611723690155,NA,NA,3.29211752996698,4.32664494949124
7750,5.38361052491459,NA,NA,3.28610159602709,4.33485606047084
7760,5.40599178104707,NA,NA,3.28024716290645,4.34311947197676
7770,5.42827056551777,NA,NA,3.27455784697603,4.3514142062469
7780,5.45044460003271,NA,NA,3.2690451653965,4.3597448827146
7790,5.4725034276389,NA,NA,3.26369573841767,4.36809958302829
7800,5.49435115381105,NA,NA,3.25853157215954,4.3764413629853
7810,5.51599954358895,NA,NA,3.2535388699319,4.38476920676043
7820,5.53745338670308,NA,NA,3.24872128640613,4.39308733655461
7830,5.55866939130495,NA,NA,3.2440865684707,4.40137797988783
7840,5.57954140366414,NA,NA,3.23961959219773,4.40958049793094
7850,5.60013247637368,NA,NA,3.23534241826556,4.41773744731962
7860,5.62044310875592,NA,NA,3.2312367488374,4.42583992879666
7870,5.64034357551725,NA,NA,3.22730625488583,4.43382491520154
7880,5.65983059222752,NA,NA,3.22355460747628,4.4416925998519
7890,5.67895649874258,NA,NA,3.21996591482765,4.44946120678511
7900,5.69771060900874,NA,NA,3.21656120194342,4.45713590547608
7910,5.7158655776981,NA,NA,3.21331890425642,4.46459224097726
7920,5.73357242265024,NA,NA,3.21024250994514,4.47190746629769
7930,5.75084859026323,NA,NA,3.2073318024825,4.47909019637286
7940,5.76757154021582,NA,NA,3.20457215083359,4.48607184552471
7950,5.7836605456135,NA,NA,3.20197940948646,4.49281997754998
7960,5.79923717635382,NA,NA,3.19953273294549,4.49938495464965
7970,5.81431246339443,NA,NA,3.19723495169917,4.5057737075468
7980,5.82863082640433,NA,NA,3.19508224982578,4.51185653811505
7990,5.84232073183471,NA,NA,3.19306183804964,4.51769128494217
8000,5.8554483809602,NA,NA,3.19118400247201,4.5233161917161
8010,5.86794118224535,NA,NA,3.18942990015953,4.52868554120244
8020,5.87959297905546,NA,NA,3.18780139675962,4.53369718790754
8030,5.89060770692083,NA,NA,3.18629205080706,4.53844987886394
8040,5.90101448822486,NA,NA,3.18489107426006,4.54295278124246
8050,5.9105921487757,NA,NA,3.18360374310662,4.54709794594116
8060,5.91937270366426,NA,NA,3.18241391047307,4.55089330706866
8070,5.92748935678326,NA,NA,3.18132223251914,4.5544057946512
8080,5.93495022296269,NA,NA,3.18032087394734,4.55763554845502
8090,5.94139687562649,NA,NA,3.17940100548339,4.56039894055494
8100,5.94711808153367,NA,NA,3.17856384185351,4.56284096169359
8110,5.95216347843078,NA,NA,3.17779636544734,4.56497992193906
8120,5.95637573127032,NA,NA,3.17709787796966,4.56673680461999
8130,5.95965810745904,NA,NA,3.17646042437425,4.56805926591664
8140,5.96221420087817,NA,NA,3.17587696010838,4.56904558049328
8150,5.96407574924724,NA,NA,3.17534582477209,4.56971078700967
8160,5.96493526810418,NA,NA,3.17485730326021,4.5698962856822
8170,5.96497517424329,NA,NA,3.17440934799821,4.56969226112075
8180,5.96430356729278,NA,NA,3.17399503427312,4.56914930078295
8190,5.96285445893746,NA,NA,3.17360886897704,4.56823166395725
8200,5.96039487316725,NA,NA,3.17324757690636,4.5668212250368
8210,5.95719123815277,NA,NA,3.17290467578829,4.56504795697053
8220,5.95329279890518,NA,NA,3.17257695523863,4.5629348770719
8230,5.94847984342452,NA,NA,3.17225940255942,4.56036962299197
8240,5.94279884940469,NA,NA,3.17194784786486,4.55737334863477
8250,5.93641409021728,NA,NA,3.17163858005992,4.5540263351386
8260,5.92935252895227,NA,NA,3.17132806829519,4.55034029862373
8270,5.92126651330433,NA,NA,3.17101231266364,4.54613941298398
8280,5.9124643692565,NA,NA,3.17068871959696,4.54157654442673
8290,5.90301078213216,NA,NA,3.17035426686181,4.53668252449698
8300,5.89277837507311,NA,NA,3.17000577280327,4.53139207393819
8310,5.8816890230112,NA,NA,3.16964220690526,4.52566561495823
8320,5.86994788402479,NA,NA,3.16925931596911,4.51960359999695
8330,5.85759552153822,NA,NA,3.16885700247911,4.51322626200866
8340,5.84439447314631,NA,NA,3.16843329361817,4.50641388338224
8350,5.83050663906915,NA,NA,3.16798619319998,4.49924641613456
8360,5.8160393505692,NA,NA,3.16751659957797,4.49177797507358
8370,5.80095835824704,NA,NA,3.16702065153073,4.48398950488889
8380,5.78509483050486,NA,NA,3.16650039632129,4.47579761341308
8390,5.76867193459965,NA,NA,3.16595488824908,4.46731341142437
8400,5.75173911371294,NA,NA,3.16538361294407,4.4585613633285
8410,5.73416005213778,NA,NA,3.16478862840303,4.4494743402704
8420,5.71597922289486,NA,NA,3.16416748701052,4.44007335495269
8430,5.69732629174126,NA,NA,3.16352339802735,4.4304248448843
8440,5.67822940134271,NA,NA,3.16285647278854,4.42054293706562
8450,5.65849471135066,NA,NA,3.16216765659604,4.41033118397335
8460,NA,NA,NA,3.16145953069149,3.16145953069149
8470,NA,NA,NA,3.16073161273578,3.16073161273578
8480,NA,NA,NA,3.15998733974181,3.15998733974181
8490,NA,NA,NA,3.15922790242147,3.15922790242147
8500,NA,NA,NA,3.15845532300854,3.15845532300854
