"Age","Mean","CI","Infe","Supe"
0,6.79861344344005,0.9,5.35524131151129,8.17508659887071
10,6.79899467017852,0.9,5.43023215335821,8.22446328124613
20,6.79932823427049,0.9,5.34905789543824,8.26391880185338
30,6.79961933319839,0.9,5.37460596569164,8.21036445678863
40,6.79986756462934,0.9,5.48434616072749,8.17695997647487
50,6.8000772556484,0.9,5.38977080677849,8.21019415087476
60,6.80024873916656,0.9,5.44464063479267,8.22800341384468
70,6.8003869722169,0.9,5.37215222836522,8.20725927936671
80,6.80049327777369,0.9,5.41654954069023,8.18722053776938
90,6.80057069014063,0.9,5.33689401440994,8.18966997040266
100,6.80062623456525,0.9,5.41580632727035,8.17693366953499
110,6.80066329696946,0.9,5.34355581427583,8.14129241983204
120,6.80068363866044,0.9,5.31898503402216,8.20154495814628
130,6.80069543865413,0.9,5.32323117158876,8.18108158803715
140,6.80070367535125,0.9,5.43140010954629,8.14662264093618
150,6.80071444668503,0.9,5.36684831425001,8.15919299800102
160,6.80073679111078,0.9,5.38841526311907,8.15778135234022
170,6.80077352407161,0.9,5.36672490683237,8.16266895053666
180,6.80083063237674,0.9,5.42294067447019,8.17835927618159
190,6.80091669657268,0.9,5.36443095709458,8.24763260792597
200,6.80103794099304,0.9,5.32936298090458,8.31700858945082
210,6.80120372216682,0.9,5.37725532930119,8.19677303472952
220,6.80142636241034,0.9,5.4152521673448,8.20077955214411
230,6.8017073060662,0.9,5.35343155577592,8.19236991281272
240,6.8020531883446,0.9,5.41870044302317,8.22720455935634
250,6.80247754442702,0.9,5.42512454744377,8.22101997069182
260,6.80298327605808,0.9,5.43654469103142,8.19139965365386
270,6.80358061841372,0.9,5.45497191635236,8.23243287973402
280,6.80428634750189,0.9,5.46465386593485,8.18761582499251
290,6.80510047445632,0.9,5.42484431365344,8.16490314244599
300,6.80602913541904,0.9,5.42068421855753,8.20257766916562
310,6.80708563598486,0.9,5.37295227929597,8.19047359459772
320,6.80827756579028,0.9,5.45441514666283,8.21157834507635
330,6.80960904855533,0.9,5.37017006488743,8.15839611309817
340,6.81109650559918,0.9,5.39691339248004,8.20545145701443
350,6.81274623787259,0.9,5.34438675482232,8.17317177741196
360,6.81455672452204,0.9,5.31889238833779,8.24812751935805
370,6.81654149534099,0.9,5.44194360439213,8.25328147835446
380,6.81871536705244,0.9,5.39782546434175,8.18895545613291
390,6.82107441279045,0.9,5.43064814559699,8.12964248693808
400,6.82362982655244,0.9,5.49751751978998,8.2221089992117
410,6.82639121932752,0.9,5.46610417373609,8.25840316693002
420,6.82935805272916,0.9,5.43878127856786,8.2691763702364
430,6.83253664714936,0.9,5.4023607663066,8.27092005367742
440,6.83594074877966,0.9,5.45459553658091,8.19515091629134
450,6.83957442971896,0.9,5.36828021534663,8.27918118771784
460,6.84343486347387,0.9,5.39194643211297,8.23444300351612
470,6.84752806904643,0.9,5.43017152570261,8.34175353874937
480,6.85186275430061,0.9,5.44581095450205,8.29037621669725
490,6.85643109875524,0.9,5.45765030043023,8.26521024222035
500,6.8612482551208,0.9,5.50314108058445,8.34033721716117
510,6.8663243843665,0.9,5.50315425982521,8.38967823382398
520,6.8716453806202,0.9,5.37280740883439,8.31454111568377
530,6.87721186173589,0.9,5.46122400696492,8.36542237335343
540,6.88303126000671,0.9,5.46098043017742,8.30189413111069
550,6.88909841973006,0.9,5.4306225704095,8.29903885738907
560,6.89541549647113,0.9,5.53384225446633,8.36282619889427
570,6.90199465433208,0.9,5.51841211934832,8.32986132493815
580,6.90882623541374,0.9,5.53388753993513,8.38350642048109
590,6.91589934633244,0.9,5.50549193933379,8.32990356017738
600,6.92321473998946,0.9,5.55643927413085,8.33833893168754
610,6.93077231953343,0.9,5.49087426642626,8.39192997805507
620,6.93856336858031,0.9,5.56275376095011,8.34660109980073
630,6.94659905925497,0.9,5.50481122720051,8.34407884479455
640,6.954871208058,0.9,5.5133442870771,8.41999404032703
650,6.96336480482412,0.9,5.52529815968095,8.37353861091309
660,6.97207376512862,0.9,5.51428058467172,8.40452904545631
670,6.98099313328533,0.9,5.54530317966098,8.43981943000222
680,6.99011644004521,0.9,5.52332790867104,8.38157486946072
690,6.99944211821055,0.9,5.54180303631141,8.4454714753623
700,7.00896703017594,0.9,5.57512318382528,8.44013659785589
710,7.01867577562088,0.9,5.67481709586824,8.41618396556487
720,7.02855710101698,0.9,5.57144860026021,8.44358284545708
730,7.03860093619677,0.9,5.56895034305301,8.43106008980002
740,7.04879654644103,0.9,5.5957214364413,8.50009704261075
750,7.05914081142315,0.9,5.63750392747568,8.53035323607267
760,7.06962718854413,0.9,5.64868485085722,8.52182191256351
770,7.08023912604956,0.9,5.70824872567607,8.52273489135632
780,7.09096763403134,0.9,5.67560673601215,8.53818801047361
790,7.10179932393246,0.9,5.63536624790005,8.54837289726737
800,7.11271720739335,0.9,5.68657217562861,8.54238455125977
810,7.123714747842,0.9,5.68908983781464,8.5728544705626
820,7.13478282780219,0.9,5.67711236819866,8.55759316816864
830,7.14591335427127,0.9,5.69755027238674,8.50594828491059
840,7.15708604372108,0.9,5.82478927304993,8.59903700795797
850,7.16829481879079,0.9,5.71379255938413,8.5946299633872
860,7.17952227489864,0.9,5.76647147140176,8.55806756939839
870,7.19074445825993,0.9,5.80728662100914,8.57256741904842
880,7.20196720306517,0.9,5.77835308059301,8.66439965546392
890,7.21317740315912,0.9,5.79278123593238,8.60605433075421
900,7.22434878996568,0.9,5.88569237423513,8.64427576098078
910,7.23548369811566,0.9,5.79660314092666,8.64265188687645
920,7.24656762037736,0.9,5.80428545023189,8.63079533638175
930,7.2575717784608,0.9,5.8538692554001,8.61662768156689
940,7.2684937565378,0.9,5.84638173618914,8.62928633596172
950,7.27932996687791,0.9,5.77829781079294,8.66963514841451
960,7.29006240004249,0.9,5.91718089402623,8.62061487007087
970,7.30067354732197,0.9,5.8884557654668,8.66196557459043
980,7.31116836018404,0.9,6.01834930541863,8.70940321072235
990,7.3215238468336,0.9,5.93178478680196,8.73367632361744
1000,7.33171215424601,0.9,5.96375176470856,8.68170928148359
1010,7.34175288856251,0.9,5.98182236470769,8.67698280967031
1020,7.35162980234863,0.9,5.94364466554977,8.71833257987988
1030,7.36131303912678,0.9,5.95805106683508,8.71578238057456
1040,7.37081681238619,0.9,5.99350510786242,8.64899859629073
1050,7.38012975023837,0.9,6.10733714554521,8.65503700379361
1060,7.38922435087065,0.9,6.04616734528657,8.70919457075107
1070,7.39810444378964,0.9,6.09758883522818,8.70619591726717
1080,7.40677360956526,0.9,6.09307547570422,8.73890959407925
1090,7.41521086262709,0.9,6.11042803951316,8.7488682475403
1100,7.42340464515779,0.9,6.09436453242154,8.78581398460148
1110,7.43137075294311,0.9,6.14246081139293,8.74769447729868
1120,7.43909242392045,0.9,6.11772628749682,8.68909964097179
1130,7.44654541387488,0.9,6.19397750095614,8.73192457540273
1140,7.45375771258736,0.9,6.19767778589032,8.75196001573743
1150,7.46071697860535,0.9,6.20143277349965,8.64366528921702
1160,7.46739709414207,0.9,6.24391772795991,8.67015127322786
1170,7.4738211945751,0.9,6.28008929234402,8.69675518344634
1180,7.47998757306875,0.9,6.28698210454195,8.74711533308338
1190,7.48587758497565,0.9,6.29809332989713,8.7061767896872
1200,7.49150000302045,0.9,6.33589538679927,8.64295444116443
1210,7.49686385488455,0.9,6.3076882471973,8.64329015195377
1220,7.5019556583579,0.9,6.33740916689049,8.66326838905329
1230,7.506771912366,0.9,6.35733026244649,8.68684927832858
1240,7.5113345379887,0.9,6.34890388710059,8.65363293052999
1250,7.51563782735839,0.9,6.37407905108411,8.65083879293602
1260,7.51966886843229,0.9,6.39249025854406,8.6298435619411
1270,7.52345354424972,0.9,6.40585380679638,8.66895350329684
1280,7.52699162509243,0.9,6.38808763074936,8.60840079737694
1290,7.53026735790913,0.9,6.45551975809061,8.6114028752336
1300,7.53330408433288,0.9,6.46338778886578,8.61342645734908
1310,7.53610977198834,0.9,6.50080111045761,8.59189750839774
1320,7.53867984133692,0.9,6.4875684259639,8.56153380522435
1330,7.54102404162011,0.9,6.47182652478216,8.59324823037739
1340,7.54315701364342,0.9,6.48162646420165,8.58965131092981
1350,7.54507670819484,0.9,6.51374814255207,8.5852054739856
1360,7.54678539033972,0.9,6.51170859490024,8.53663401589905
1370,7.54830295588909,0.9,6.50597975335649,8.53260772344938
1380,7.5496354424006,0.9,6.59038744767618,8.54410173914011
1390,7.55078543415473,0.9,6.54832767123415,8.52936203210734
1400,7.55177123960037,0.9,6.56901888700972,8.55591116302202
1410,7.55260012246368,0.9,6.62040948782878,8.49670510286791
1420,7.55327195314865,0.9,6.58772741288026,8.56130148575369
1430,7.55380081608839,0.9,6.60023778868804,8.48936235323623
1440,7.55419923717621,0.9,6.62732642086216,8.48960677304182
1450,7.55447825529057,0.9,6.62369632077917,8.46923769051267
1460,7.55464920810157,0.9,6.64896257786891,8.49047524402927
1470,7.55472086691272,0.9,6.63671286697164,8.44550563216348
1480,7.5547033377501,0.9,6.66904684288466,8.50507241380753
1490,7.55460263395523,0.9,6.67048491442349,8.46717836959725
1500,7.55442765491922,0.9,6.65707688165795,8.39395679447669
1510,7.55419474235633,0.9,6.68881359731395,8.45222619464376
1520,7.55392327811849,0.9,6.68490604680346,8.3857606576461
1530,7.55361159098036,0.9,6.7075641007381,8.38568579977393
1540,7.55327215074477,0.9,6.69233100439282,8.41555118750993
1550,7.55291920852892,0.9,6.67751533118241,8.40698551951979
1560,7.55255151321497,0.9,6.73871934064867,8.38161698945215
1570,7.55218258408585,0.9,6.7349226795059,8.38062511695413
1580,7.55183449683592,0.9,6.73052319634971,8.36554380370095
1590,7.55151315766571,0.9,6.72379182390321,8.38047864134742
1600,7.55121856288818,0.9,6.70108244108635,8.35854993486318
1610,7.55096828110798,0.9,6.76278952639255,8.38663905065706
1620,7.55076845213883,0.9,6.7780463277897,8.34234750084616
1630,7.5506149925038,0.9,6.75611140243775,8.36250363351899
1640,7.5505270407598,0.9,6.7137942081681,8.32576965954315
1650,7.55053351349781,0.9,6.79203315738956,8.38251674613783
1660,7.55061291008837,0.9,6.75889327889864,8.30929815783492
1670,7.55077770122629,0.9,6.75582960048425,8.31969627918954
1680,7.55105022203551,0.9,6.78956885260005,8.29143075802045
1690,7.55141568229709,0.9,6.77321422157935,8.31828029526838
1700,7.55188141447103,0.9,6.80156857643955,8.31242493018301
1710,7.55247296521892,0.9,6.77196489360399,8.2948040137988
1720,7.55319056688698,0.9,6.76648459265062,8.31741176784543
1730,7.55402359699441,0.9,6.80153643782158,8.31653418749415
1740,7.55499014580518,0.9,6.78330652517688,8.31235021790083
1750,7.55609717568533,0.9,6.79365533020549,8.32010637092119
1760,7.55732442384144,0.9,6.77554845683647,8.26581183925019
1770,7.55868868809474,0.9,6.79284287072103,8.30642496046814
1780,7.56022245554652,0.9,6.81395975982845,8.31775763599239
1790,7.56188878913114,0.9,6.82497099422613,8.30317733609626
1800,7.56369658807691,0.9,6.8221637420032,8.28637281794039
1810,7.56566986009612,0.9,6.84780351952043,8.2948822418003
1820,7.56778241132275,0.9,6.83431382862252,8.33908475517833
1830,7.57003473353954,0.9,6.82729398771294,8.32131958681803
1840,7.57245003596318,0.9,6.87259700898834,8.28932039475502
1850,7.57502299966049,0.9,6.84565858886057,8.2950598792974
1860,7.57773530266299,0.9,6.85704768748377,8.28001408611649
1870,7.58060118961119,0.9,6.84417130979458,8.30935783571112
1880,7.58362611677814,0.9,6.88669247255641,8.28121066435934
1890,7.58677936863775,0.9,6.88210476388138,8.28563124708963
1900,7.59007267915848,0.9,6.86297512751795,8.27469805127745
1910,7.59353396295163,0.9,6.88507272124718,8.30005751540596
1920,7.59712255652932,0.9,6.91250922812503,8.28208972510309
1930,7.60084225841506,0.9,6.89474776668818,8.28769254749978
1940,7.60471298517068,0.9,6.9343526219759,8.27440388986227
1950,7.60870364124664,0.9,6.90350321375642,8.3366909906846
1960,7.61280937450484,0.9,6.95223035080884,8.29116987209429
1970,7.61704618090707,0.9,6.95523122051595,8.26908257590435
1980,7.62140912321672,0.9,6.95051004662931,8.29736162369511
1990,7.62587637975913,0.9,6.94175395643916,8.30104150615705
2000,7.63045644376006,0.9,6.97651514167271,8.29113519131587
2010,7.63515280474246,0.9,6.96334646227442,8.30646676400291
2020,7.63993105591877,0.9,6.97053197848366,8.29120627494428
2030,7.64479683011504,0.9,6.98809596426029,8.3396988705625
2040,7.64977518368502,0.9,6.98394508699836,8.3215606876445
2050,7.65482865456427,0.9,7.00982782097425,8.31462896006154
2060,7.65995669306537,0.9,7.01788871968858,8.34270232111084
2070,7.66517375987962,0.9,6.98221419464004,8.25676045118619
2080,7.67044826414776,0.9,7.03923234409596,8.32193082616325
2090,7.6757733025246,0.9,7.03237518710881,8.33104202690451
2100,7.6811644772483,0.9,7.03508781260971,8.31058650625561
2110,7.68661499270014,0.9,7.03551817769358,8.32151337928893
2120,7.69210521235854,0.9,7.03006985985475,8.31445102291459
2130,7.69763908914941,0.9,7.02861560237039,8.32678963319916
2140,7.70321609289573,0.9,7.04948516676346,8.35611855314107
2150,7.70880798457245,0.9,7.07077352727853,8.31946519591112
2160,7.71442195791169,0.9,7.07249080526749,8.33140640886663
2170,7.72007360252171,0.9,7.06820920410392,8.38325687981591
2180,7.72573542065922,0.9,7.08831379694043,8.35813752051409
2190,7.73140479324326,0.9,7.08425457262909,8.36688332247567
2200,7.73708601741647,0.9,7.11014090795037,8.37423150149464
2210,7.74276234460925,0.9,7.09808061502481,8.36153957758398
2220,7.74842918778564,0.9,7.13016191383676,8.39214506788667
2230,7.75409486519637,0.9,7.12502901590233,8.33989128208142
2240,7.7597554031395,0.9,7.1444663247063,8.37930822329312
2250,7.76539624921263,0.9,7.1183170522526,8.395153516579
2260,7.77101298593901,0.9,7.13188632648628,8.41042258718205
2270,7.7766149388384,0.9,7.12610386585195,8.40638020637799
2280,7.78218343839575,0.9,7.11596490827725,8.3824511048887
2290,7.78772152232558,0.9,7.12615735563593,8.39952518771826
2300,7.79323829630248,0.9,7.13335427852064,8.47280465364263
2310,7.79871651998513,0.9,7.1301011132137,8.47790685798628
2320,7.80414858141452,0.9,7.11372322239701,8.45378292404925
2330,7.8095471596037,0.9,7.13958400279755,8.47047096624433
2340,7.81490334685644,0.9,7.15004204660357,8.46812150894712
2350,7.82021334066648,0.9,7.14806748356413,8.52479509088376
2360,7.82548068384867,0.9,7.17279250173799,8.50466920508767
2370,7.83070059964562,0.9,7.11599610619127,8.53767289694276
2380,7.83586335570938,0.9,7.11419583997481,8.55789704403182
2390,7.84097692745356,0.9,7.09815327416469,8.55742657545228
2400,7.84604286921669,0.9,7.11111312789647,8.54872596149557
2410,7.85105573824926,0.9,7.14944367412499,8.56010636752745
2420,7.85601542935959,0.9,7.10067908714264,8.59485971862014
2430,7.860918716149,0.9,7.10376806454206,8.63400897080771
2440,7.86576126602948,0.9,7.10104148013131,8.60158190440301
2450,7.87054844670823,0.9,7.11460607355049,8.65382700691137
2460,7.87528038249187,0.9,7.0897731159279,8.63263735701699
2470,7.87995767725483,0.9,7.07710749015585,8.67043009034955
2480,7.88458044128044,0.9,7.10982652311029,8.67317250957841
2490,7.8891396974327,0.9,7.07306828653581,8.6273442768804
2500,7.89363731929985,0.9,7.0841005339289,8.73278678939094
2510,7.89807826131059,0.9,7.07207581222123,8.72062496086659
2520,7.90246130669732,0.9,7.08517577011478,8.76258488547747
2530,7.90678345803116,0.9,7.02905446857486,8.7925225816693
2540,7.91105370746759,0.9,7.07910382135021,8.76203681806851
2550,7.9152599736709,0.9,7.02597399495523,8.78607350027445
2560,7.91940111165976,0.9,6.98141162171762,8.77433402009355
2570,7.92348437950031,0.9,6.97899994292151,8.82018964930815
2580,7.92750926445878,0.9,7.02560181311339,8.88541243759467
2590,7.93146933255956,0.9,6.97955482215576,8.85065086848105
2600,7.93536915286363,0.9,7.03615944409028,8.87887568928385
2610,7.93920585706627,0.9,6.94502780227336,8.89857681884786
2620,7.94298009113968,0.9,6.94550997912394,8.89990349862274
2630,7.94668644568386,0.9,7.0050689760575,8.94817271283173
2640,7.95033178079398,0.9,6.93055091514536,8.96688903909834
2650,7.95391052734384,0.9,6.97222228952486,8.95263005947477
2660,7.9574088931663,0.9,6.99959433080229,8.96593253018117
2670,7.96084233539164,0.9,6.92907000494045,9.02112912048511
2680,7.96421411439331,0.9,6.88633703367779,8.97959057256731
2690,7.96750262814739,0.9,6.89172566807741,9.00453862247989
2700,7.97071929070555,0.9,6.93194918701771,9.05008179759186
2710,7.9738614844861,0.9,6.94055768290897,9.0897678608999
2720,7.97690950432322,0.9,6.88468396509269,9.11083786542888
2730,7.97986736304037,0.9,6.92451112708769,9.10952549497661
2740,7.98275702696441,0.9,6.84663737856208,9.07185817203261
2750,7.98555754078369,0.9,6.84385960285618,9.12917976406101
2760,7.98825660994411,0.9,6.8021026958603,9.14404782673975
2770,7.99086566267331,0.9,6.85100177814649,9.1461931768415
2780,7.99336803636336,0.9,6.76783250585893,9.18177966726885
2790,7.99574366887116,0.9,6.80117678724925,9.18814382534997
2800,7.99802764825054,0.9,6.83045093013419,9.21381824867805
2810,8.0002118769993,0.9,6.80507798269087,9.21538745952686
2820,8.00226159847787,0.9,6.82365371600082,9.26689216161888
2830,8.00419180967912,0.9,6.71980756513822,9.18573262116432
2840,8.00599142295344,0.9,6.80596651844463,9.19382318709942
2850,8.00764077354027,0.9,6.76073686574465,9.20311251658388
2860,8.00914713338729,0.9,6.73276764778388,9.2629565951445
2870,8.0105302594115,0.9,6.72743163892563,9.28787669059827
2880,8.01176112986975,0.9,6.77531251468095,9.22142687616136
2890,8.0128197399783,0.9,6.78749823487961,9.350632868437
2900,8.01371571992857,0.9,6.8511211241904,9.3074209120969
2910,8.01444127316613,0.9,6.69524412544306,9.31930882082289
2920,8.01496554985033,0.9,6.76776620721219,9.33272414540606
2930,8.01532314969428,0.9,6.68840262066731,9.30826279790196
2940,8.01550485923156,0.9,6.68729883794853,9.34998997069957
2950,8.01546570504304,0.9,6.68468158258522,9.3558102548109
2960,8.01521896665749,0.9,6.63006610624404,9.34426525525411
2970,8.01476820765097,0.9,6.69073633847675,9.34825109158844
2980,8.01408223892391,0.9,6.6486674449452,9.39069357369649
2990,8.01316483627295,0.9,6.64434075618923,9.38622684691936
3000,8.01203233457223,0.9,6.67051432891029,9.36425385459525
3010,8.01065388813283,0.9,6.59062448568058,9.37155809847927
3020,8.00900519241388,0.9,6.63336571696797,9.3805099419928
3030,8.00711392560093,0.9,6.65358739102244,9.42617683570409
3040,8.00496272268618,0.9,6.60806493962512,9.39298243692953
3050,8.00251324182962,0.9,6.65679242669061,9.41318779055795
3060,7.99980281395149,0.9,6.59693305038246,9.44548705090685
3070,7.99681819863402,0.9,6.57330532052178,9.47044027063811
3080,7.9935155122394,0.9,6.57986770027986,9.43291820332866
3090,7.98992194621278,0.9,6.6238079953579,9.43618297195794
3100,7.98603490835096,0.9,6.51536016054141,9.41542162919835
3110,7.9818225958192,0.9,6.50733213644323,9.46751425895665
3120,7.97728931642923,0.9,6.56806736214112,9.41180444457656
3130,7.97244562616221,0.9,6.61107558471671,9.43794897462365
3140,7.96726856652697,0.9,6.51771179129557,9.44432298578916
3150,7.96174210526266,0.9,6.48434757563224,9.41491603807455
3160,7.95589296438629,0.9,6.49180870129918,9.45459990825201
3170,7.94970679363469,0.9,6.47445600384194,9.42821901322289
3180,7.9431464478924,0.9,6.5538508617914,9.36419693936224
3190,7.9362500031577,0.9,6.46710257654595,9.43619671037779
3200,7.92900499818966,0.9,6.50287508135427,9.35524253234249
3210,7.92137870110785,0.9,6.43165138462098,9.39299475972471
3220,7.91339895203077,0.9,6.49937354594079,9.3979155990173
3230,7.90506779517549,0.9,6.35144059556102,9.34096305616806
3240,7.89636042299361,0.9,6.37431998168263,9.35574174056944
3250,7.887284202307,0.9,6.41428576269483,9.39235733809784
3260,7.87784996906677,0.9,6.45470652243498,9.36601862135691
3270,7.868039524762,0.9,6.37513007641862,9.31828146601836
3280,7.85784565170594,0.9,6.29329073688366,9.31388912437638
3290,7.84729832723758,0.9,6.28555329297461,9.37290892321085
3300,7.83639130237991,0.9,6.37891638683416,9.34807527795606
3310,7.82510028812501,0.9,6.29684203174305,9.2382096735153
3320,7.81346074822725,0.9,6.27200078640082,9.36848235211449
3330,7.80145670166267,0.9,6.35300283738487,9.28829148568713
3340,7.78907340260904,0.9,6.23987641833959,9.23656792611447
3350,7.77634117300402,0.9,6.22872665774506,9.28600556859952
3360,7.76326984643463,0.9,6.28983051353636,9.27152589273636
3370,7.74984992036639,0.9,6.26087997145861,9.30221622399992
3380,7.73608810231367,0.9,6.26430274465058,9.19851181547574
3390,7.72199551582076,0.9,6.25964743829038,9.16677662619725
3400,7.70756064006072,0.9,6.24249280587273,9.17710091817686
3410,7.69279134867922,0.9,6.16828929972475,9.19557542921795
3420,7.67772059296718,0.9,6.19607016323706,9.1508496798549
3430,7.66235162588408,0.9,6.1768059441221,9.16548922357998
3440,7.64667312240682,0.9,6.15262465511658,9.06951848303713
3450,7.63071359633364,0.9,6.09983249889502,9.22516805253907
3460,7.61446373830986,0.9,6.07409650466768,9.07669365200045
3470,7.5979270536232,0.9,6.06910200576387,9.07181938692196
3480,7.58113777403936,0.9,6.08743290497936,9.02118138269225
3490,7.56410686729515,0.9,6.08299231550708,8.9480536864737
3500,7.54683665516872,0.9,6.02073254552797,9.04229488022243
3510,7.52934033970912,0.9,6.05683323473428,9.06206410285429
3520,7.5116294067171,0.9,6.0076642353636,8.93543699237596
3530,7.49370039396659,0.9,6.00672971077399,9.04707595921305
3540,7.47558444659789,0.9,6.01162511201528,8.92801359046228
3550,7.45729723988052,0.9,5.99769482993066,8.81819071089718
3560,7.43884970397556,0.9,5.99751819428888,8.93552603412691
3570,7.42025646544219,0.9,5.94086863365794,8.90222301683528
3580,7.40153083754778,0.9,5.94423570123821,8.82896273979028
3590,7.38267599765282,0.9,5.91318800832604,8.78243666042935
3600,7.36372046714472,0.9,5.94810426294126,8.82783080193904
3610,7.34467481993641,0.9,5.89853486887092,8.83264032398513
3620,7.32555572099014,0.9,5.84524282732852,8.74767836089006
3630,7.30638380894827,0.9,5.90335899510332,8.73661031776675
3640,7.28717481130562,0.9,5.82031241502538,8.74165785661728
3650,7.26794106104641,0.9,5.79279310893603,8.70560881649357
3660,7.24869359349004,0.9,5.82099452469168,8.6692843997049
3670,7.22945652102404,0.9,5.8108858398366,8.65718482448463
3680,7.21024019893655,0.9,5.7993472918323,8.65919870064685
3690,7.19106325977712,0.9,5.77357468177007,8.51916129951072
3700,7.17196136469986,0.9,5.79567611863977,8.54031868528027
3710,7.15293478033902,0.9,5.69980130180903,8.57085836266451
3720,7.13399774911986,0.9,5.75103540803205,8.49215706089396
3730,7.115173561242,0.9,5.74870778210296,8.47515212353238
3740,7.09647311074863,0.9,5.73722038847853,8.50358247730574
3750,7.0779104000308,0.9,5.72445376232206,8.45436998004568
3760,7.05951710692658,0.9,5.69096671213897,8.38758184704492
3770,7.04131613777528,0.9,5.6272821162257,8.46841567768614
3780,7.02330582546963,0.9,5.67809973374761,8.41591960659776
3790,7.00549958263958,0.9,5.70002554363813,8.31908740028744
3800,6.98793350600649,0.9,5.60233459049693,8.34517369676197
3810,6.970600371787,0.9,5.64659449444712,8.28213752243942
3820,6.95352172305286,0.9,5.66140259656663,8.37293220598818
3830,6.93675403950252,0.9,5.64849101111393,8.19251916265048
3840,6.9202696076362,0.9,5.60250847989833,8.13914514926103
3850,6.90408180411104,0.9,5.57814455710716,8.19911738815217
3860,6.88823166652802,0.9,5.59531923156776,8.16060111672414
3870,6.87271679841464,0.9,5.55697369565979,8.15026187163581
3880,6.85754392576602,0.9,5.59348636321084,8.11596667444593
3890,6.84275715242704,0.9,5.59616121983356,8.09803431043315
3900,6.82835999399417,0.9,5.51528034325577,8.13754486404084
3910,6.81434204480408,0.9,5.57117353186531,8.1075606086056
3920,6.80073103216779,0.9,5.56792046949477,8.07678608918646
3930,6.78756211569743,0.9,5.5590774389595,8.06695374266584
3940,6.77481197726545,0.9,5.52279993831678,8.0188245751823
3950,6.76250523037702,0.9,5.53411537197433,7.94659115257253
3960,6.75068199801933,0.9,5.5196705830011,7.97753016153443
3970,6.73930991714236,0.9,5.48086355250071,7.95615185613483
3980,6.72840228424952,0.9,5.51061824655704,7.9387536844975
3990,6.71800701235395,0.9,5.50465917778865,7.91527130043323
4000,6.7081118508399,0.9,5.52615430203133,7.85980465879725
4010,6.69871462126806,0.9,5.47132920717531,7.88724283856269
4020,6.68983794619782,0.9,5.52253085863033,7.82293339158185
4030,6.68149104821349,0.9,5.50901557675394,7.7827762057888
4040,6.67365579387614,0.9,5.51673031415906,7.84650920632849
4050,6.66635938981497,0.9,5.47675210398039,7.84423527805254
4060,6.65963893201386,0.9,5.4666248808238,7.86022943641042
4070,6.6534559866951,0.9,5.51975491143263,7.77477318594012
4080,6.64781355903612,0.9,5.47403045606453,7.71021553547771
4090,6.64275339144374,0.9,5.53132106310947,7.86464865921399
4100,6.63823896586356,0.9,5.5059002100009,7.75047484278791
4110,6.63427515095309,0.9,5.48703665169207,7.73802187353719
4120,6.63091545753284,0.9,5.51658887861654,7.76911910155501
4130,6.62813269124038,0.9,5.48804587698738,7.76396085155962
4140,6.62590637781717,0.9,5.51460962015812,7.82326363862675
4150,6.6242558622244,0.9,5.46992401892411,7.74519666474916
4160,6.6231841040376,0.9,5.4479404667401,7.77901604754451
4170,6.62266893278945,0.9,5.50100603701648,7.79861705698303
4180,6.62273470945917,0.9,5.55350573077749,7.74447705578337
4190,6.62340380875978,0.9,5.51704772416719,7.82021328545359
4200,6.62463075596501,0.9,5.4768060750813,7.72637306534603
4210,6.62641230074435,0.9,5.54234708539661,7.76323423803743
4220,6.62877372279877,0.9,5.49999141189365,7.7070206440743
4230,6.63168243763178,0.9,5.50433530528466,7.8048001802416
4240,6.63514333041388,0.9,5.53235618144867,7.77613873479291
4250,6.63918052493812,0.9,5.54311947416209,7.81070040172736
4260,6.64377128036168,0.9,5.59756760372134,7.71846829240877
4270,6.64889143942237,0.9,5.51416158758647,7.73852671664694
4280,6.65454509389375,0.9,5.54357350800518,7.76858295739559
4290,6.6607300694819,0.9,5.56789648833545,7.75716612486592
4300,6.6674304638006,0.9,5.57101058710404,7.79888087959959
4310,6.67464185133372,0.9,5.55844381918119,7.7861307804895
4320,6.68238345852863,0.9,5.5719058885524,7.7832363122465
4330,6.69061610525504,0.9,5.5739453017452,7.77175210026247
4340,6.69932617401919,0.9,5.61365063155931,7.83321248727519
4350,6.70852177853846,0.9,5.50838852291549,7.82734488023224
4360,6.71818197875831,0.9,5.53927661259139,7.84668898962061
4370,6.72828996966448,0.9,5.65264300998758,7.84395756595628
4380,6.73885669311759,0.9,5.58934840733312,7.8835379396256
4390,6.74986613835364,0.9,5.6318632810244,7.89646897808306
4400,6.76129374005767,0.9,5.61799405872238,7.92002597084784
4410,6.77313393427774,0.9,5.62835938595233,7.9263199669391
4420,6.78537380290996,0.9,5.63738075989862,7.91364808910387
4430,6.79799243009343,0.9,5.6609408418382,7.98471387610406
4440,6.81097938061842,0.9,5.6775758804087,8.00233312588411
4450,6.82433934640275,0.9,5.71075505825163,7.99067054089804
4460,6.83804749749505,0.9,5.68752291147696,8.00222964301841
4470,6.85209144073976,0.9,5.7253172749988,7.95313220422527
4480,6.86644781471875,0.9,5.71983057406459,8.01533472451597
4490,6.8811021908725,0.9,5.755585460313,8.006140666889
4500,6.8960411249982,0.9,5.72157509730408,8.09429853019683
4510,6.91125236048588,0.9,5.76185807599529,8.10709636261118
4520,6.92672780752008,0.9,5.77324629829143,8.09970548833424
4530,6.94245920566585,0.9,5.80956174263213,8.10078107835927
4540,6.95841111194191,0.9,5.7809863780463,8.08084899282096
4550,6.97456298065197,0.9,5.80512084138274,8.15163683792965
4560,6.99090947454506,0.9,5.81268799682362,8.13632501669403
4570,7.00743169544386,0.9,5.85990194025288,8.18302964359781
4580,7.02411298041879,0.9,5.85597376324336,8.16380062510234
4590,7.04096099300906,0.9,5.94132756306662,8.1806619047004
4600,7.05793876888101,0.9,5.93867900080495,8.16813142610123
4610,7.07500942148995,0.9,5.85994385389168,8.29253497415369
4620,7.09217546184584,0.9,5.90889838177063,8.28555012527269
4630,7.10942331491171,0.9,5.94004159598213,8.25274556952597
4640,7.12672621499014,0.9,5.97623246020227,8.35148982689886
4650,7.1440852693447,0.9,5.96866182248999,8.30606964930462
4660,7.16147923681973,0.9,6.01977370362925,8.33847153948487
4670,7.17887624791552,0.9,5.99710426835576,8.33924633700965
4680,7.19625175570852,0.9,6.0266580401942,8.33724637546473
4690,7.21361199762244,0.9,6.03086700111301,8.410909419839
4700,7.23094004472462,0.9,6.05718639378576,8.35371364313056
4710,7.2481970003798,0.9,6.11600927490179,8.4446221374248
4720,7.26539173478072,0.9,6.0980440146992,8.39072562776792
4730,7.28250247213213,0.9,6.1275390842497,8.42296294255507
4740,7.29948073207472,0.9,6.12584674789695,8.47496115331949
4750,7.3163399426553,0.9,6.14846880638617,8.41356919593292
4760,7.33307511854052,0.9,6.21082926426157,8.50348285749076
4770,7.34964265832454,0.9,6.18468585991282,8.53590255495866
4780,7.36603182299865,0.9,6.21198340264572,8.46108553999088
4790,7.38224298374563,0.9,6.28349957637851,8.46321585638597
4800,7.39824391109713,0.9,6.27472788025534,8.49916848255179
4810,7.41400777811567,0.9,6.33304345719584,8.56000674454043
4820,7.42955618270164,0.9,6.27923942430631,8.57174135070845
4830,7.44486145768677,0.9,6.3841832803348,8.51742272861799
4840,7.45986964150559,0.9,6.42667601101844,8.51179037036116
4850,7.47460903643201,0.9,6.38322268365911,8.55944463101019
4860,7.48906342438959,0.9,6.36629630647278,8.56119149264676
4870,7.50318305671157,0.9,6.4276623967965,8.58676340126674
4880,7.51699113988485,0.9,6.43200628061062,8.53662479361835
4890,7.53047521122657,0.9,6.49180894035003,8.60089137683511
4900,7.54359505056327,0.9,6.45711910004971,8.59805820326819
4910,7.55633953465552,0.9,6.50677651336431,8.63216177502136
4920,7.56871946680643,0.9,6.52295207975227,8.60929132234683
4930,7.58070900058242,0.9,6.5528801416661,8.6384127289088
4940,7.5922820353241,0.9,6.55264156824274,8.62027593167813
4950,7.60345928352187,0.9,6.55741637951497,8.59332703404119
4960,7.61422299696373,0.9,6.62438014881399,8.64727214568238
4970,7.62452078117162,0.9,6.58215346398364,8.65546276250662
4980,7.6343831839633,0.9,6.60888486164051,8.65661388795462
4990,7.64380086622747,0.9,6.70325338273371,8.63848347417021
5000,7.65273002454068,0.9,6.64607927344812,8.61538410333756
5010,7.6611942978471,0.9,6.70979999519525,8.67569403888356
5020,7.66919189879895,0.9,6.69226019448429,8.62783872626747
5030,7.67669029475283,0.9,6.75165557030208,8.63609975170918
5040,7.68367765869275,0.9,6.71678717486315,8.58712543688256
5050,7.69016509708569,0.9,6.7009507715715,8.56235517653365
5060,7.69613671795568,0.9,6.74726900975666,8.67262601841985
5070,7.70157751004924,0.9,6.74867943147352,8.6710876114696
5080,7.70651201122294,0.9,6.71866281942315,8.6825319838714
5090,7.71092985056778,0.9,6.75865393937114,8.62129723503535
5100,7.71478902921014,0.9,6.74606573203569,8.65272863366754
5110,7.71810613630991,0.9,6.75520671063156,8.67396295835783
5120,7.72088678167925,0.9,6.78902672157027,8.61585502730636
5130,7.72310897280458,0.9,6.76375659463097,8.65431133783883
5140,7.72479370102259,0.9,6.84120596681614,8.64262726659647
5150,7.72594505422514,0.9,6.80875504106429,8.65934489855038
5160,7.72654224410386,0.9,6.81833982255954,8.66796860484972
5170,7.72656417078955,0.9,6.87468618782719,8.66442776280523
5180,7.72603741375221,0.9,6.78639535291821,8.63597309173493
5190,7.7249620684087,0.9,6.80664181092689,8.64104084564612
5200,7.72333009653922,0.9,6.83771125051881,8.60604971119185
5210,7.72116553725119,0.9,6.82120691025103,8.64386861248203
5220,7.71846526837368,0.9,6.79166343514012,8.62113070232826
5230,7.71518893913593,0.9,6.78140664778209,8.58055131195208
5240,7.71137047811881,0.9,6.79357207148183,8.61588095701597
5250,7.70702100217143,0.9,6.78295373492211,8.61696346878317
5260,7.70213301846251,0.9,6.77871821063088,8.63181456485859
5270,7.6967256531693,0.9,6.80404138003138,8.58154342049123
5280,7.69080326802993,0.9,6.80267962647725,8.59145930482071
5290,7.68434875469616,0.9,6.71591175383842,8.6155406114835
5300,7.67737817277274,0.9,6.7475605854558,8.58434820161677
5310,7.6699043481722,0.9,6.77573692999745,8.59052972754806
5320,7.66193684910118,0.9,6.80262346492696,8.62642890602963
5330,7.6534793447774,0.9,6.70763673925762,8.59559671371803
5340,7.6445447190054,0.9,6.71397766210656,8.58777485268615
5350,7.63513572276583,0.9,6.68459730920737,8.59404303883354
5360,7.6252604459052,0.9,6.71726589245138,8.58140368554325
5370,7.61492893589015,0.9,6.65995535100257,8.54248004881675
5380,7.60415681015158,0.9,6.6888162233324,8.5481528690977
5390,7.59295189030695,0.9,6.60096011896866,8.53191225722226
5400,7.58132062599295,0.9,6.64396785742009,8.56875312931847
5410,7.56927935299199,0.9,6.60610307575963,8.53142145237265
5420,7.55684282206192,0.9,6.61155534141198,8.55519975447515
5430,7.54401842214866,0.9,6.57502714462605,8.52359559195576
5440,7.53081541353384,0.9,6.530041771149,8.48911278095768
5450,7.51725046179693,0.9,6.46677668026698,8.50502035718216
5460,7.50332457067735,0.9,6.49094938841005,8.50858693287362
5470,7.48906404569329,0.9,6.49921089566221,8.47894556547323
5480,7.4744850159095,0.9,6.42864118687731,8.4980521734854
5490,7.45959692889696,0.9,6.39667564719953,8.51452134703165
5500,7.44440711066278,0.9,6.3994287199243,8.48017029814448
5510,7.42893003126053,0.9,6.39743844194041,8.49302908738775
5520,7.41317099114478,0.9,6.36503053221448,8.47434500461897
5530,7.39715811107606,0.9,6.31239822314352,8.43696067948783
5540,7.38090532814929,0.9,6.29190968889918,8.43189703717084
5550,7.3644258653048,0.9,6.27668819871144,8.40325495031071
5560,7.34773123931701,0.9,6.27803117329437,8.47368626170227
5570,7.3308253807366,0.9,6.18493010831283,8.41020643210529
5580,7.31372027050568,0.9,6.27539084395932,8.41308065449346
5590,7.2964437134064,0.9,6.21868414188209,8.4028166929128
5600,7.27900596294961,0.9,6.18632761323015,8.40926991538327
5610,7.26141948496984,0.9,6.19257700131489,8.4214516825055
5620,7.24370076852273,0.9,6.10333588589572,8.36887864919494
5630,7.22585130298589,0.9,6.08050618635298,8.33977107656663
5640,7.20788122367852,0.9,6.0306708073342,8.35492713348934
5650,7.18981493292948,0.9,5.96337158797183,8.37006249541252
5660,7.17166258663694,0.9,6.01011437263091,8.36329962295988
5670,7.15343356076653,0.9,6.01905771675047,8.31940370603484
5680,7.13514185205849,0.9,5.95508318663475,8.29565858376086
5690,7.11679763378031,0.9,5.93218385489964,8.27688344924662
5700,7.09840201972093,0.9,5.87347478286582,8.30233748183459
5710,7.0799714539244,0.9,5.88564572814648,8.35330566289037
5720,7.06152239876933,0.9,5.83804089446747,8.23991729656746
5730,7.04305720089687,0.9,5.74792867570058,8.28096765607404
5740,7.02458478477011,0.9,5.83168395289622,8.26101251011923
5750,7.00612303561335,0.9,5.76603247527499,8.30379994280471
5760,6.98766920765874,0.9,5.7009293073758,8.29276487816835
5770,6.96922799581385,0.9,5.75141986215787,8.1973351774588
5780,6.95081520821218,0.9,5.59392349308929,8.19736954036267
5790,6.93243424753027,0.9,5.60820012171335,8.23964040098619
5800,6.9140882150561,0.9,5.57881193391576,8.1579031098694
5810,6.89579150229699,0.9,5.5819569549675,8.18825484215836
5820,6.8775463907154,0.9,5.57580624663442,8.24240577522897
5830,6.85934632118145,0.9,5.5663184224385,8.21217674841141
5840,6.84119873944908,0.9,5.52309970501187,8.17352233534062
5850,6.82311474699765,0.9,5.4750415784577,8.14303600189457
5860,6.8050890224831,0.9,5.44486272817442,8.1932980531046
5870,6.78713188417008,0.9,5.40042106709928,8.13329355594147
5880,6.76924649928971,0.9,5.37715484206205,8.10299769429582
5890,6.75142301798437,0.9,5.35528890778956,8.11049620280744
5900,6.73365826231316,0.9,5.35707582683616,8.11539549616425
5910,6.71596188272999,0.9,5.29090101206256,8.09603597947895
5920,6.69833257816084,0.9,5.26919713709344,8.06883468634558
5930,6.68077167493392,0.9,5.23544415266638,8.07992882092217
5940,6.66327478183783,0.9,5.27387579979811,8.0533649868013
5950,6.64584090042711,0.9,5.24593454095226,8.09020676227616
5960,6.62845688420458,0.9,5.17728987588535,8.084818337942
5970,6.61112216099608,0.9,5.17744908231943,8.05104636009045
5980,6.59384584712767,0.9,5.13033476412701,8.03111145118239
5990,6.57661833591482,0.9,5.10654711527871,7.94101940723063
6000,6.55942999346831,0.9,5.1289184917986,8.00019668665031
6010,6.54228525751968,0.9,5.05620495809692,7.91942598042692
6020,6.52516931797394,0.9,5.03708147718211,7.96437360472032
6030,6.50806923418056,0.9,5.02651150540828,7.93125563923898
6040,6.49099428743777,0.9,4.99056874668128,7.96436334014095
6050,6.47393677890817,0.9,5.00757262951901,7.97695946751384
6060,6.45688348458337,0.9,4.92007618988507,7.9643624163617
6070,6.43983212585582,0.9,4.95112853616557,7.95951586450012
6080,6.42277740442382,0.9,4.92485762845791,7.92490077158909
6090,6.40570110550675,0.9,4.90148965811555,7.94314404794455
6100,6.38859944843395,0.9,4.79615767704121,7.93249255765395
6110,6.37147350353871,0.9,4.82657907466633,7.95279701684956
6120,6.35430775256302,0.9,4.83208207753154,7.90640727737493
6130,6.33709512845395,0.9,4.80990189555276,7.90642947279532
6140,6.31983675960852,0.9,4.79363919456816,7.8392300688887
6150,6.30251698121034,0.9,4.78921898577027,7.8628886329412
6160,6.28511783147052,0.9,4.66404955575173,7.91543291599919
6170,6.26764093088933,0.9,4.70874953708672,7.83013097659248
6180,6.25008057860349,0.9,4.59956414737489,7.81403218014777
6190,6.23242634362887,0.9,4.64197845041886,7.8118387312262
6200,6.21467499330774,0.9,4.66426274075948,7.87687974080612
6210,6.19682120324898,0.9,4.58808190484909,7.79562455129802
6220,6.17884585006088,0.9,4.58977209555801,7.82586934724124
6230,6.16073800966929,0.9,4.52568473243663,7.85296558048372
6240,6.14250506920051,0.9,4.53803528294217,7.72069045473095
6250,6.12413580386868,0.9,4.48465009235632,7.7840593763294
6260,6.10562460836472,0.9,4.48751716728681,7.80464295065525
6270,6.0869734450417,0.9,4.42320167883663,7.73904222900421
6280,6.06816636926293,0.9,4.43142431793772,7.77955245415629
6290,6.04918914354058,0.9,4.3751388222104,7.76422818161252
6300,6.03004686452164,0.9,4.3731950469279,7.63039333863762
6310,6.01073919052203,0.9,4.37006751347224,7.71082975804958
6320,5.9912599498985,0.9,4.33457985654768,7.68675305815674
6330,5.97160667988307,0.9,4.29665984179384,7.58338318913278
6340,5.9517775025681,0.9,4.26647042236041,7.58881649593492
6350,5.93176467068719,0.9,4.24940378393002,7.59983199172544
6360,5.9115583270093,0.9,4.2358251616835,7.66516972436144
6370,5.89117328321324,0.9,4.14438802110083,7.63047828004255
6380,5.87060366269309,0.9,4.14077423749015,7.46118495401626
6390,5.84984322581564,0.9,4.17522617130849,7.64017487615669
6400,5.82890403198666,0.9,4.13316575501603,7.50300718949348
6410,5.80778227844816,0.9,4.05159331929496,7.45453282565519
6420,5.78647025903177,0.9,4.01643920009828,7.5395797439668
6430,5.76497745988949,0.9,4.02003766331255,7.36637435205153
6440,5.74330988202353,0.9,4.01168272258915,7.56647548621765
6450,5.72145843183713,0.9,3.99896897761311,7.43729230767833
6460,5.69943841890641,0.9,4.0062662876752,7.44546628392126
6470,5.67726036671288,0.9,4.00925395912617,7.4228330553285
6480,5.65492043093512,0.9,3.88539313809181,7.39428426115267
6490,5.63241667080217,0.9,3.84579180385424,7.45761063147486
6500,5.43224205673768,0.9,4.09864173955449,6.77044479757877
6510,5.42496247527685,0.9,4.11921290551575,6.7770334628425
6520,5.41749655640061,0.9,4.03391184835524,6.69701955781169
6530,5.40989771293526,0.9,4.0851229305896,6.72275294463653
6540,5.40214579397423,0.9,4.06598942824031,6.72597731556276
6550,5.39423742283763,0.9,4.04950312248001,6.73525501394796
6560,5.38621138595457,0.9,4.08735771123796,6.68429527418382
6570,5.37803861844022,0.9,4.0226117524922,6.70662107462215
6580,5.36974746503128,0.9,4.03106319671308,6.70350934608223
6590,5.36136731688253,0.9,4.03204944387301,6.68388602874921
6600,5.35287096996921,0.9,4.02101733254254,6.70478343652983
6610,5.34429329288615,0.9,3.98762536462113,6.69902952725187
6620,5.33564256934954,0.9,4.03442651856543,6.6021990180395
6630,5.32690723000282,0.9,3.97045911368853,6.56363061648146
6640,5.31812628592475,0.9,3.95405828401823,6.65562953574625
6650,5.3092988660359,0.9,3.98611023922047,6.60405209837805
6660,5.3004364224333,0.9,3.95412933607395,6.6328897728471
6670,5.54302525018395,0.9,4.39677918373485,6.61329573574785
6680,5.54532721511703,0.9,4.38900074798383,6.65372952724174
6690,5.54731580519603,0.9,4.36597338181221,6.66229874820208
6700,5.5490620385658,0.9,4.31377689821985,6.70705275009891
6710,5.55060541757537,0.9,4.42807084481411,6.75131015253741
6720,5.55179597464997,0.9,4.40578785391779,6.80254033399257
6730,5.55292419196525,0.9,4.39328040778187,6.68093160634857
6740,5.55360593519213,0.9,4.38552075181323,6.71765218200917
6750,5.55421806206088,0.9,4.30790711746174,6.76001359388327
6760,5.55455258388521,0.9,4.32114603243577,6.7280214943276
6770,5.55469909534573,0.9,4.30344104812943,6.85237666514621
6780,5.55469486533699,0.9,4.33057685033365,6.71458468264313
6790,5.55441136335487,0.9,4.26751307191895,6.80832050843136
6800,5.55410560489913,0.9,4.29545974486224,6.7914693145221
6810,5.55341551155707,0.9,4.232119499665,6.88337386448876
6820,5.55274072109708,0.9,4.24598482868772,6.81982216339118
6830,5.55181943288604,0.9,4.29749208116635,6.83280748235066
6840,5.55081036665374,0.9,4.26456503515675,6.83911801849546
6850,5.54967973454577,0.9,4.25272255383386,6.87652781980366
6860,5.54836164638582,0.9,4.22800229439301,6.80221959751795
6870,5.54706956451786,0.9,4.2591660436425,6.9008377660254
6880,5.54548415522165,0.9,4.16385089410607,6.86988385750223
6890,5.54399335846269,0.9,4.22469688445168,6.90291593121028
6900,5.54229648754997,0.9,4.21489866438485,6.82602142125249
6910,5.54059177697216,0.9,4.14171750478178,6.93419268698403
6920,5.53882766360098,0.9,4.23817792982017,6.87920965899502
6930,5.53696123973794,0.9,4.18718148084066,6.93458456827738
6940,5.53515485335257,0.9,4.18342079283219,6.88423232562524
6950,5.53318360128441,0.9,4.13270621542981,6.99302374288942
6960,5.53134081480266,0.9,4.15571406069094,6.89936144180758
6970,5.52934825603306,0.9,4.14644365258319,6.86266517071745
6980,5.52743551265731,0.9,4.1145334694837,6.890710533095
6990,5.52549846057494,0.9,4.08099588201086,6.89740194968465
7000,5.52355191255409,0.9,4.10355332624716,6.91125270621946
7010,5.52170247431254,0.9,4.09877076530643,6.94788333031382
7020,5.51978186142874,0.9,4.10697348780916,6.86341599067767
7030,5.5180287643599,0.9,4.11653252441292,6.96953862937715
7040,5.51617911504492,0.9,4.08036313039327,6.99210313000132
7050,5.51447017410506,0.9,4.08282301953171,7.00038167551966
7060,5.5127834819562,0.9,4.09283056911329,6.96981459325726
7070,5.51114634992055,0.9,4.06819499660725,7.03020505991019
7080,5.50964021131049,0.9,4.03896107563559,6.91358232245277
7090,5.50814618925992,0.9,4.09936405633902,7.00456826750569
7100,5.50681776262766,0.9,4.06823030065213,6.89724433542667
7110,5.50546069768644,0.9,4.09925014440278,6.99802772483889
7120,5.50427927525926,0.9,4.08914821984528,6.8555101412562
7130,5.50313461955405,0.9,4.00227626761467,7.00559371955391
7140,5.50210642631877,0.9,4.05456930712879,6.86046874172261
7150,5.50121331484651,0.9,3.96134638289604,6.97984820269386
7160,5.50037404648477,0.9,4.00690443696691,7.04973670289961
7170,5.4997152297945,0.9,4.00703533468196,7.01231610507029
7180,5.49906225798436,0.9,4.08529639128298,7.00517743920119
7190,5.49857909874922,0.9,4.02586407683801,6.98195639606404
7200,5.49817662407709,0.9,4.033589919449,6.98236911778372
7210,5.49788773009049,0.9,4.03840547486297,7.02366724548902
7220,5.49772951628804,0.9,4.03277780397778,6.91754544070473
7230,5.49766678335868,0.9,4.00734563378184,6.97045163902588
7240,5.49772531071787,0.9,3.95595338570903,7.01367519784093
7250,5.49785709372433,0.9,4.0056335699394,6.99512243317002
7260,5.49812000272388,0.9,4.02492931832208,7.01426720451578
7270,5.49844621762354,0.9,4.0154983503534,6.96147781726394
7280,5.49891966319419,0.9,4.01212028424586,6.94573870383386
7290,5.49947300541007,0.9,4.08128678683006,6.85577684798615
7300,5.50010941179558,0.9,3.96837836435423,7.04294314418747
7310,5.50086491451524,0.9,4.00240306522417,6.99489031398754
7320,5.50165943241422,0.9,4.03684049568353,6.97959670905515
7330,5.50254084112735,0.9,3.95628836274834,6.98279772327879
7340,5.50351866485861,0.9,3.96042107187202,6.99746391172449
7350,5.50454677062423,0.9,4.03997177716078,7.03016706944468
7360,5.50565107249871,0.9,4.04465911234802,6.96145571937915
7370,5.50681744226622,0.9,3.97898070832079,6.96463245498861
7380,5.5080012709267,0.9,4.0202571193066,6.9372345918406
7390,5.50926458241473,0.9,4.08361242602512,6.95135206922906
7400,5.5105262292021,0.9,4.038912819385,7.03318943768259
7410,5.51184077909619,0.9,4.02898593633846,7.03298262055283
7420,5.51319773601241,0.9,4.04260139277421,7.01815138036916
7430,5.51453299497014,0.9,4.04174201385649,6.98302839818132
7440,5.51587840053709,0.9,3.99600978993682,7.0051640503552
7450,5.51723234283374,0.9,4.08778289337922,7.00679080578417
7460,5.51856018951258,0.9,3.94717035137827,6.98961633301084
7470,5.51984811475416,0.9,4.01092683668582,6.92307309282807
7480,5.52116904250742,0.9,4.09914497543996,6.98042022473797
7490,5.52239028786789,0.9,4.00686613294062,6.98367721905205
7500,5.52360169713522,0.9,4.127838923218,7.05554960967257
7510,5.52474277449971,0.9,4.08578248657108,6.95419036771603
7520,5.52578532531668,0.9,4.05994588896473,6.86371790362146
7530,5.52682221934359,0.9,4.09837874077302,6.96037076633736
7540,5.52769040859969,0.9,4.07455823724275,7.0276171484145
7550,5.52852496996587,0.9,4.10280318747117,6.99792376974426
7560,5.52924902760388,0.9,4.03628466629636,6.92784265929664
7570,5.52983219715475,0.9,4.05276030805647,7.00534215945717
7580,5.53029608807432,0.9,4.11818183914223,6.87452152625703
7590,5.53064285321354,0.9,4.12057362316522,6.93607050084261
7600,5.53083517834689,0.9,4.06486889978429,7.05195891762607
7610,5.53085485408928,0.9,4.11233309999574,6.90419675168827
7620,5.53076926023446,0.9,4.05710922922532,6.99716836496789
7630,5.53044117868082,0.9,4.16184054142967,6.96816580773529
7640,5.53000904985601,0.9,4.13191104054025,6.9104342830747
7650,5.52933989483715,0.9,4.14243131648905,6.93225246338709
7660,5.52846522574226,0.9,4.11296044913757,6.85490563364642
7670,5.52745400936587,0.9,4.10709511594514,6.99887543419301
7680,5.52612956437988,0.9,4.0863719416806,6.9886537791927
7690,5.52463695687584,0.9,4.06728768965756,6.93318181865104
7700,5.52291394389234,0.9,4.12903912798955,7.01549241110513
7710,5.52094280713972,0.9,4.12497586653759,6.95797883094536
7720,5.5187291942234,0.9,4.11365440339153,6.92834243911996
7730,5.51627691759484,0.9,4.13555652241969,6.97572561098641
7740,5.51353718253482,0.9,4.14746423065842,6.92528367721424
7750,5.51054512772662,0.9,4.13480734483711,6.89947158333985
7760,5.50728762332154,0.9,4.13520499417221,6.86340523776378
7770,5.50371788151445,0.9,4.09233121431342,6.92634631716284
7780,5.49993615007579,0.9,4.08372889929875,6.97742146576531
7790,5.49580139743255,0.9,4.11631535090368,6.76472049120208
7800,5.49138035467266,0.9,4.09068312162997,6.87497000994981
7810,5.48669324741254,0.9,4.08990709138845,6.93608913057509
7820,5.48165253106649,0.9,4.07651002580687,6.88857739838077
7830,5.47632834900713,0.9,4.04764593719849,6.89671127280181
7840,5.47070920755583,0.9,4.10813027693694,6.851800397847
7850,5.46474901078667,0.9,4.05867377589562,6.90070349623616
7860,5.45850081990296,0.9,4.07849022505081,6.83848799252235
7870,5.4519194433842,0.9,4.13176656590706,6.81916745680626
7880,5.44499086325019,0.9,4.14853303291161,6.65025514147702
7890,5.43778388543302,0.9,4.09336470936393,6.79722746197651
7900,5.43021668711278,0.9,4.11529162056782,6.72806971459838
7910,5.42234004210129,0.9,4.06966588889515,6.7092173062391
7920,5.41414716181044,0.9,4.11385063088873,6.70946789602322
7930,5.40561990689313,0.9,4.04736303199286,6.79419674838378
7940,5.39674749956707,0.9,4.14023691886665,6.71190207516128
7950,5.38756879606044,0.9,4.05498527862848,6.76268732613454
7960,5.37806129624837,0.9,4.10753592697861,6.58081143288544
7970,5.36822562174527,0.9,4.09070873237171,6.66866615617224
7980,5.358115002828,0.9,4.03462792222451,6.59665718562424
7990,5.34761366882623,0.9,4.10227424820599,6.65741842305783
8000,5.33686659745281,0.9,4.07838075068579,6.58364018946211
8010,5.32574974380791,0.9,4.07892240717703,6.58940537354245
8020,5.31433264394961,0.9,4.05752670751343,6.53815929249958
8030,5.30265539706367,0.9,4.01746212087227,6.60225924681054
8040,5.29062429131443,0.9,4.06240336183108,6.60308686904742
8050,5.27835336296774,0.9,4.01950424566268,6.51120422986249
8060,5.26573254347361,0.9,3.99718657685137,6.50371849753848
8070,5.25287355085675,0.9,4.03712201943721,6.40126053766571
8080,5.23967534584779,0.9,4.08321922433562,6.42925827345137
8090,5.22624759909154,0.9,4.05571238862352,6.41684892573879
8100,5.21254611977891,0.9,4.07441222550358,6.39498730865651
8110,5.19856193609152,0.9,4.00890445965904,6.32411774684872
8120,5.18438575268206,0.9,4.00970878030478,6.32453951781026
8130,5.16986453487125,0.9,4.0426793309816,6.28738474661926
8140,5.15519707894154,0.9,4.04534531884799,6.3877849550651
8150,5.14020169479683,0.9,4.08684960012387,6.24327264142649
8160,5.1250465771665,0.9,3.98229382685761,6.26760020308774
8170,5.1096584857322,0.9,4.01057668618575,6.23065695109748
8180,5.09404179127498,0.9,4.0328205581063,6.15932782016869
8190,5.07829423767179,0.9,4.04045372643311,6.09829551424001
8200,5.06225394428357,0.9,4.00433524244894,6.08477368513025
8210,5.04613515765181,0.9,3.99898035635967,6.08315218223165
8220,5.02973261677293,0.9,3.99452265244937,6.0513816301182
8230,5.0132487864419,0.9,3.98359337656309,6.08295270953204
8240,4.99657753315395,0.9,3.968340391307,5.96036767083549
8250,4.97975469310153,0.9,3.99012951719613,5.98678031028477
8260,4.96285743416312,0.9,3.99857615380607,5.90197424528054
8270,4.94574703983923,0.9,3.93520580438445,5.9065259485572
8280,4.92862001518038,0.9,3.97678499545699,5.84767071355281
8290,4.91127417174661,0.9,3.96117383147466,5.84166594469525
8300,4.89393170631297,0.9,3.96140897520689,5.8524853442802
8310,4.87644119415252,0.9,3.95562954299973,5.74142448415932
8320,4.85891440180643,0.9,3.95893989713133,5.76214699675406
8330,4.84134556755916,0.9,3.93418255593259,5.71439916995191
8340,4.82364869485452,0.9,3.94093394789967,5.69545563650882
8350,4.80603945307758,0.9,3.93096325536022,5.63696573499268
8360,4.78823660557384,0.9,3.95993010432044,5.59960662133872
8370,4.77053379234923,0.9,3.95457644963098,5.60682622502259
8380,4.75276992675427,0.9,3.96606001426649,5.5699127531094
8390,4.73501410354062,0.9,3.9319710782998,5.52794144867566
8400,4.71729924214544,0.9,3.92985819975116,5.54569439816362
8410,4.69956501819021,0.9,3.9355510377427,5.44662402530402
8420,4.68193596381814,0.9,3.95831441534695,5.41364307100817
8430,4.66424901659206,0.9,3.93610170573707,5.38806494868935
8440,4.6467095563786,0.9,3.94493425633886,5.32845860769408
8450,4.62915821530308,0.9,3.94536448641665,5.32378351830543
8460,4.61173872803038,0.9,3.96214585355894,5.30140116540912
8470,4.59438082444008,0.9,3.94763333810019,5.25906803242818
8480,4.577099190776,0.9,3.92854361230918,5.23629012237517
8490,4.56000614350266,0.9,3.93702915710602,5.18776783590669
8500,4.54290221654534,0.9,3.94558170386626,5.14898853274623
8510,4.52602589746156,0.9,3.93959240367706,5.11328133609754
8520,4.50923627848504,0.9,3.93482963453706,5.07594878515529
8530,4.49259667067196,0.9,3.94375547438281,5.05295963144632
8540,4.47611804195174,0.9,3.91054984641767,5.05243285863776
8550,4.45980118779561,0.9,3.91296930105664,4.97898526436163
8560,4.44366855357124,0.9,3.90494426099942,4.97906586619571
8570,4.42767849340326,0.9,3.94264578581514,4.90516900139936
8580,4.41192177292659,0.9,3.92386769309953,4.89049928622504
8590,4.39630569620393,0.9,3.91934278477273,4.88201737261397
8600,4.38095016551828,0.9,3.91908729455264,4.84473061971173
8610,4.36576561645507,0.9,3.90565476877645,4.80053689382018
8620,4.35081631185781,0.9,3.9089344534626,4.7911315342866
8630,4.33612443876298,0.9,3.90694203567981,4.76053566627856
8640,4.32160765740393,0.9,3.89311116300588,4.74943117071962
8650,4.30737871127776,0.9,3.90142141089028,4.74409843511455
8660,4.29338178947201,0.9,3.8944421846446,4.71467998352464
8670,4.27963484233838,0.9,3.87309350711733,4.67368173939405
8680,4.26616138753409,0.9,3.86342075955591,4.66369462168264
8690,4.25294843919622,0.9,3.85378844283683,4.6360509955736
8700,4.23999418610057,0.9,3.85065235329401,4.61774842207295
8710,4.22733845426975,0.9,3.83687016791705,4.6068143349704
8720,4.21494134510231,0.9,3.84683348896514,4.59440940118153
8730,4.2028472403122,0.9,3.82199339052213,4.5775398783164
8740,4.19105643663688,0.9,3.79033124889225,4.56075424361098
8750,4.17953960837085,0.9,3.78829396996699,4.56907979095133
8760,4.1683292937508,0.9,3.78785746035708,4.55178752137914
8770,4.1574252250945,0.9,3.75915371678422,4.52902219012874
8780,4.14682778231875,0.9,3.74159357779513,4.53477188091639
8790,4.13651974438065,0.9,3.72931708783429,4.54400286097918
8800,4.12657000244471,0.9,3.70867276169125,4.53179133740667
8810,4.11688977946624,0.9,3.69538213961677,4.55187309515801
8820,4.10756367475717,0.9,3.69082171532411,4.52747510339341
8830,4.09852797940964,0.9,3.65255620621114,4.55124289651185
8840,4.08981169514911,0.9,3.64412342935232,4.54426685446093
8850,4.08145078325002,0.9,3.61129602087143,4.52665365289085
8860,4.07334857527734,0.9,3.58887750501809,4.53929480393676
8870,4.06564843962579,0.9,3.57700325176782,4.54384729514596
8880,4.05821347621067,0.9,3.54250773064145,4.54604920256812
8890,4.05114423379051,0.9,3.52487956780308,4.56773637220299
8900,4.04436871291606,0.9,3.51794239760373,4.565828245879
8910,4.03792469945112,0.9,3.46889138451093,4.56849465402913
8920,4.03181760026601,0.9,3.4804985727595,4.58340954539895
8930,4.02597882029631,0.9,3.45791041322103,4.59124420513674
8940,4.02054798353751,0.9,3.42649035010091,4.61686157150295
8950,4.01534100082524,0.9,3.39668015320729,4.59887530555762
8960,4.01054033118776,0.9,3.38868567490243,4.63707064187883
8970,4.00599405028347,0.9,3.37533003467479,4.63544961055681
8980,4.00177890315677,0.9,3.3208192315591,4.6504081232597
8990,3.99788417356793,0.9,3.3268100646206,4.65689322168096
9000,3.99424494709037,0.9,3.32510532218595,4.66002368860525
9010,3.99099871646447,0.9,3.31373928962604,4.6949243957014
9020,3.98793911793361,0.9,3.27279156804867,4.66452173663644
9030,3.98529754703619,0.9,3.22640578319793,4.67897755629641
9040,3.98286118046896,0.9,3.26376471898139,4.73724136769247
9050,3.98075175142362,0.9,3.21856261623075,4.74081384100811
9060,3.97892401607162,0.9,3.18020353109764,4.71423433122885
9070,3.97733358511366,0.9,3.17126989392184,4.76955763844108
9080,3.97610266854119,0.9,3.15833805507612,4.7801110330528
9090,3.97501815178102,0.9,3.16127872434533,4.82525970022271
9100,3.97433541833543,0.9,3.15621716333104,4.79276273403913
9110,3.97381397042665,0.9,3.15430879894852,4.84259339619964
9120,3.97360160233386,0.9,3.10400205405377,4.82513611861392
9130,3.9736092060916,0.9,3.11104790962155,4.81652369075248
9140,3.97384550678067,0.9,3.0817004098871,4.824504887725
9150,3.9743729391383,0.9,3.09217880325349,4.86499223508008
9160,3.97500828202421,0.9,3.09325325787285,4.88235895605355
9170,3.97603294405538,0.9,3.05432351382462,4.92491932397969
9180,3.97713682160986,0.9,3.06436080556323,4.90139004505322
9190,3.97853935414646,0.9,3.04612550414886,4.91091830012334
9200,3.98011137376829,0.9,3.0272350893824,4.9514670106618
9210,3.98184628650007,0.9,2.96813084537032,4.95182911374277
9220,3.98383546960432,0.9,2.96596410900049,5.00879621020897
9230,3.98590642571878,0.9,2.94687702551433,5.01144581095543
9240,3.98826131038316,0.9,3.01378754091751,5.09937199922316
9250,3.99069135068302,0.9,2.9844642448163,5.02010254119168
9260,3.9933608863154,0.9,2.96141497579113,5.05220290803748
9270,3.99611705065527,0.9,2.94612190023501,4.98261087533402
9280,3.99903766787768,0.9,2.88565596444798,5.04872176000016
9290,4.00210405560459,0.9,2.89688189850864,5.09965049340856
9300,4.00523094672182,0.9,2.9795209909815,5.08785742771292
9310,4.00859179951356,0.9,2.92470859837256,5.14268568630865
9320,4.01193443519734,0.9,2.8892016077001,5.13022095494805
9330,4.01549317804969,0.9,2.83470553309529,5.18617233702
9340,4.01908354726944,0.9,2.85959477022112,5.17704451450033
9350,4.0227458484258,0.9,2.84146276898546,5.17542197817505
9360,4.02652609458212,0.9,2.80517319975185,5.20568187242412
9370,4.03031890335456,0.9,2.84661868069464,5.19729530552092
9380,4.03423092986503,0.9,2.91945628676205,5.20400333620026
9390,4.03812737287996,0.9,2.91245972096629,5.15261516563458
9400,4.04213857194083,0.9,2.88820108453857,5.14188130660776
9410,4.04612082436542,0.9,2.87691285251022,5.24052418935905
9420,4.05017257526616,0.9,2.83393715917854,5.24663225550045
9430,4.0542100479894,0.9,2.83699373951908,5.24403467228012
9440,4.05824416874964,0.9,2.7793580013676,5.2884243772512
9450,4.06233462050113,0.9,2.86249359122001,5.25634461658809
9460,4.06631071740987,0.9,2.77132722672738,5.30522262814641
9470,4.07037190061283,0.9,2.76309237000346,5.33697999928986
9480,4.07435501485709,0.9,2.79548541926491,5.35855706774122
9490,4.07830181731497,0.9,2.77697474382459,5.34454571642774
9500,4.08221491714273,0.9,2.8327505864274,5.38454514342496
9510,4.08605655585999,0.9,2.74164057111549,5.37247173855346
9520,4.08985446835765,0.9,2.77541654676886,5.40995900571555
9530,4.09355071173343,0.9,2.82225789331707,5.38819745742044
9540,4.09721048390275,0.9,2.78097226636285,5.38498799535229
9550,4.10075393808974,0.9,2.80602813205864,5.40400703525364
9560,4.10422037458091,0.9,2.73721927789505,5.46307303389916
9570,4.10755051837534,0.9,2.7734012467448,5.4227040112925
9580,4.11079487499465,0.9,2.82734451651044,5.43696652907019
9590,4.11391734512643,0.9,2.7120469118779,5.47275749603686
9600,4.11687799789966,0.9,2.7733689935656,5.50785358745112
9610,4.11975083836076,0.9,2.77397168271772,5.47591224858842
9620,4.12244776310739,0.9,2.68719152513942,5.51678651548342
9630,4.12499068972864,0.9,2.74799370280626,5.48007542111935
9640,4.10482697491495,0.9,1.79941830435075,6.33930723613913
9650,4.11798409706429,0.9,1.75584453739803,6.40262994393945
9660,4.13089042091286,0.9,1.82364804367626,6.45848875693786
9670,4.14355943294929,0.9,1.82657387943033,6.43907233669504
9680,4.15595555797149,0.9,1.87190496786163,6.43132874769972
9690,4.16803851226146,0.9,1.8557308686226,6.49392490910407
9700,4.17981245747537,0.9,1.90422107704277,6.55386804971626
9710,4.19128939138452,0.9,1.79427796106597,6.5052305960396
9720,4.20238415177586,0.9,1.78278163120741,6.47318267260203
9730,4.213115012882,0.9,1.68362017419685,6.46270693437252
9740,4.22350515830788,0.9,1.7653434145337,6.48486952935714
9750,4.23344051536059,0.9,1.9222510463071,6.55073156479461
9760,4.24299427838945,0.9,1.88537966835223,6.64272587340058
9770,4.25210110772518,0.9,1.90750055592783,6.61478908438217
9780,4.26078593890701,0.9,1.9886804936618,6.62826371907315
9790,4.26897390054656,0.9,1.75821930870344,6.73995501178684
9800,4.27670081477119,0.9,1.86715080156201,6.70972579478908
9810,4.28397753330854,0.9,1.93912398032232,6.69357406059344
9820,4.29066381499139,0.9,1.75958725008205,6.63069834428214
9830,4.29691922670776,0.9,1.9586115742264,6.7090618306235
9840,4.30260007194387,0.9,1.95427164870634,6.75014516076121
9850,4.30774681678175,0.9,1.94104331457891,6.6965066781518
9860,4.31232544182266,0.9,1.80624172490085,6.796279281469
9870,4.31637353114036,0.9,1.90065764580675,6.71435186244271
9880,4.31984836914184,0.9,1.97769975545513,6.64340987585337
9890,4.32269322660419,0.9,1.88509251102679,6.78979751171627
9900,4.32504628007379,0.9,1.89588755005568,6.77410275879095
9910,4.326704623454,0.9,1.8792383678588,6.68154575267909
9920,4.70471223485623,0.9,1.20976800388029,8.2903603492132
9930,4.70091000900231,0.9,1.20922321133783,8.1925968066668
